nu_cm-1,alpha
1900.000,2.295903e-06
1900.050,3.099981e-06
1900.100,4.468666e-06
1900.150,7.095089e-06
1900.200,1.322494e-05
1900.250,3.468131e-05
1900.300,1.716273e-04
1900.350,6.921161e-04
1900.400,6.201741e-05
1900.450,1.931823e-05
1900.500,9.352121e-06
1900.550,5.560784e-06
1900.600,3.733334e-06
1900.650,2.724835e-06
1900.700,2.125802e-06
1900.750,1.771934e-06
1900.800,1.624231e-06
1900.850,1.859011e-06
1900.900,4.698346e-06
1900.950,1.082373e-05
1901.000,2.060907e-06
1901.050,1.108358e-06
1901.100,8.388647e-07
1901.150,7.111278e-07
1901.200,6.346886e-07
1901.250,5.832792e-07
1901.300,5.466541e-07
1901.350,5.200064e-07
1901.400,5.008077e-07
1901.450,4.876577e-07
1901.500,4.798096e-07
1901.550,4.769657e-07
1901.600,4.792047e-07
1901.650,4.869969e-07
1901.700,5.013069e-07
1901.750,5.238319e-07
1901.800,5.575083e-07
1901.850,6.076619e-07
1901.900,6.850004e-07
1901.950,8.152518e-07
1902.000,1.082344e-06
1902.050,1.974167e-06
1902.100,1.219978e-05
1902.150,3.544631e-06
1902.200,2.489918e-06
1902.250,3.433178e-06
1902.300,6.478567e-06
1902.350,1.914641e-05
1902.400,1.824697e-04
1902.450,5.032816e-05
1902.500,1.077122e-05
1902.550,6.519212e-06
1902.600,3.325275e-06
1902.650,1.831165e-06
1902.700,1.286075e-06
1902.750,9.900364e-07
1902.800,8.068068e-07
1902.850,6.847802e-07
1902.900,5.994403e-07
1902.950,5.377876e-07
1903.000,4.928077e-07
1903.050,4.628973e-07
1903.100,4.782906e-07
1903.150,4.788169e-07
1903.200,3.971844e-07
1903.250,3.756318e-07
1903.300,3.621705e-07
1903.350,3.521564e-07
1903.400,3.444020e-07
1903.450,3.383762e-07
1903.500,3.337659e-07
1903.550,3.303620e-07
1903.600,3.280175e-07
1903.650,3.266278e-07
1903.700,3.261208e-07
1903.750,3.264519e-07
1903.800,3.276012e-07
1903.850,3.295758e-07
1903.900,3.324161e-07
1903.950,3.362128e-07
1904.000,3.411487e-07
1904.050,3.476095e-07
1904.100,3.565319e-07
1904.150,3.708040e-07
1904.200,4.037786e-07
1904.250,5.971599e-07
1904.300,7.744334e-07
1904.350,4.470041e-07
1904.400,4.245380e-07
1904.450,4.299069e-07
1904.500,4.432875e-07
1904.550,4.613381e-07
1904.600,4.835199e-07
1904.650,5.101705e-07
1904.700,5.421276e-07
1904.750,5.807238e-07
1904.800,6.279611e-07
1904.850,6.868937e-07
1904.900,7.623923e-07
1904.950,8.627478e-07
1905.000,1.003380e-06
1905.050,1.216617e-06
1905.100,1.582612e-06
1905.150,2.356792e-06
1905.200,4.788794e-06
1905.250,2.450892e-05
1905.300,2.897274e-05
1905.350,5.825551e-06
1905.400,3.765875e-06
1905.450,3.747501e-06
1905.500,4.550000e-06
1905.550,6.293856e-06
1905.600,9.910499e-06
1905.650,1.869787e-05
1905.700,4.944954e-05
1905.750,3.140662e-04
1905.800,4.070003e-04
1905.850,5.467422e-05
1905.900,1.984763e-05
1905.950,1.023012e-05
1906.000,6.291899e-06
1906.050,4.326129e-06
1906.100,3.349786e-06
1906.150,3.248592e-06
1906.200,2.033832e-06
1906.250,1.645630e-06
1906.300,1.392140e-06
1906.350,1.208845e-06
1906.400,1.071452e-06
1906.450,9.665255e-07
1906.500,8.857236e-07
1906.550,8.236636e-07
1906.600,7.769147e-07
1906.650,7.435410e-07
1906.700,7.230767e-07
1906.750,7.172778e-07
1906.800,7.352149e-07
1906.850,8.413523e-07
1906.900,8.805259e-07
1906.950,1.196257e-06
1907.000,2.957275e-06
1907.050,1.574725e-05
1907.100,2.206485e-06
1907.150,1.227374e-06
1907.200,1.101687e-06
1907.250,1.235171e-06
1907.300,2.158032e-06
1907.350,3.682807e-06
1907.400,2.110123e-06
1907.450,2.502869e-06
1907.500,3.689320e-06
1907.550,6.743075e-06
1907.600,1.750659e-05
1907.650,1.134265e-04
1907.700,1.192654e-04
1907.750,1.787745e-05
1907.800,6.780626e-06
1907.850,3.629898e-06
1907.900,2.321021e-06
1907.950,1.655270e-06
1908.000,1.271138e-06
1908.050,1.029582e-06
1908.100,8.679274e-07
1908.150,7.545604e-07
1908.200,6.721413e-07
1908.250,6.105234e-07
1908.300,5.634614e-07
1908.350,5.269637e-07
1908.400,4.984248e-07
1908.450,4.761721e-07
1908.500,4.592975e-07
1908.550,4.478736e-07
1908.600,4.444294e-07
1908.650,4.634403e-07
1908.700,6.599499e-07
1908.750,8.808964e-07
1908.800,4.627164e-07
1908.850,4.164233e-07
1908.900,4.027166e-07
1908.950,3.970008e-07
1909.000,3.946659e-07
1909.050,3.943484e-07
1909.100,3.955365e-07
1909.150,3.980199e-07
1909.200,4.017232e-07
1909.250,4.066478e-07
1909.300,4.128497e-07
1909.350,4.204342e-07
1909.400,4.295593e-07
1909.450,4.404464e-07
1909.500,4.533985e-07
1909.550,4.688311e-07
1909.600,4.873202e-07
1909.650,5.096803e-07
1909.700,5.370952e-07
1909.750,5.713464e-07
1909.800,6.152317e-07
1909.850,6.733844e-07
1909.900,7.539976e-07
1909.950,8.728260e-07
1910.000,1.063690e-06
1910.050,1.411140e-06
1910.100,2.180554e-06
1910.150,4.597700e-06
1910.200,2.163861e-05
1910.250,4.914015e-05
1910.300,6.723535e-06
1910.350,3.017741e-06
1910.400,2.274789e-06
1910.450,2.558355e-06
1910.500,6.344080e-06
1910.550,1.631274e-05
1910.600,3.328467e-06
1910.650,2.327509e-06
1910.700,2.286952e-06
1910.750,2.539454e-06
1910.800,3.018041e-06
1910.850,3.788701e-06
1910.900,5.035421e-06
1910.950,7.177529e-06
1911.000,1.127079e-05
1911.050,2.058809e-05
1911.100,4.976197e-05
1911.150,2.430611e-04
1911.200,9.136699e-04
1911.250,9.162226e-05
1911.300,3.062696e-05
1911.350,1.470799e-05
1911.400,8.766872e-06
1911.450,5.884065e-06
1911.500,4.295560e-06
1911.550,3.315420e-06
1911.600,2.649330e-06
1911.650,2.266706e-06
1911.700,2.001429e-06
1911.750,1.738540e-06
1911.800,1.669173e-06
1911.850,1.855741e-06
1911.900,3.272866e-06
1911.950,2.111445e-05
1912.000,3.739295e-06
1912.050,3.607595e-06
1912.100,2.768805e-06
1912.150,1.312683e-06
1912.200,1.083106e-06
1912.250,1.009749e-06
1912.300,9.919124e-07
1912.350,1.008746e-06
1912.400,1.057123e-06
1912.450,1.142093e-06
1912.500,1.276525e-06
1912.550,1.485323e-06
1912.600,1.816566e-06
1912.650,2.369709e-06
1912.700,3.375846e-06
1912.750,5.475223e-06
1912.800,1.102017e-05
1912.850,3.472089e-05
1912.900,3.514714e-04
1912.950,6.842036e-05
1913.000,1.569272e-05
1913.050,6.876748e-06
1913.100,4.025673e-06
1913.150,3.545067e-06
1913.200,2.069996e-06
1913.250,1.523778e-06
1913.300,1.231391e-06
1913.350,1.040394e-06
1913.400,9.066727e-07
1913.450,8.090620e-07
1913.500,7.356474e-07
1913.550,6.791649e-07
1913.600,6.349474e-07
1913.650,5.998769e-07
1913.700,5.718054e-07
1913.750,5.492162e-07
1913.800,5.310168e-07
1913.850,5.164087e-07
1913.900,5.048024e-07
1913.950,4.957618e-07
1914.000,4.889662e-07
1914.050,4.841849e-07
1914.100,4.812608e-07
1914.150,4.800998e-07
1914.200,4.806657e-07
1914.250,4.829799e-07
1914.300,4.871249e-07
1914.350,4.932548e-07
1914.400,5.016125e-07
1914.450,5.125585e-07
1914.500,5.266162e-07
1914.550,5.445466e-07
1914.600,5.674703e-07
1914.650,5.970767e-07
1914.700,6.359979e-07
1914.750,6.885109e-07
1914.800,7.619501e-07
1914.850,8.697860e-07
1914.900,1.039078e-06
1914.950,1.331215e-06
1915.000,1.912064e-06
1915.050,3.372011e-06
1915.100,9.211569e-06
1915.150,8.013281e-05
1915.200,2.172324e-05
1915.250,8.840320e-06
1915.300,2.798788e-05
1915.350,4.438720e-06
1915.400,2.116596e-06
1915.450,1.495763e-06
1915.500,1.255074e-06
1915.550,1.148919e-06
1915.600,1.108634e-06
1915.650,1.108483e-06
1915.700,1.137812e-06
1915.750,1.192939e-06
1915.800,1.275005e-06
1915.850,1.394666e-06
1915.900,1.664238e-06
1915.950,1.744854e-06
1916.000,1.937942e-06
1916.050,2.240974e-06
1916.100,2.658482e-06
1916.150,3.260557e-06
1916.200,4.107270e-06
1916.250,5.320943e-06
1916.300,7.345956e-06
1916.350,1.099090e-05
1916.400,1.969835e-05
1916.450,3.582235e-05
1916.500,1.029755e-04
1916.550,8.737809e-04
1916.600,4.009447e-04
1916.650,7.270043e-05
1916.700,2.937285e-05
1916.750,1.773872e-05
1916.800,1.859581e-05
1916.850,2.070675e-05
1916.900,6.702237e-06
1916.950,4.445687e-06
1917.000,3.401491e-06
1917.050,2.762914e-06
1917.100,2.330132e-06
1917.150,2.021711e-06
1917.200,1.796044e-06
1917.250,1.629353e-06
1917.300,1.507395e-06
1917.350,1.421955e-06
1917.400,1.370031e-06
1917.450,1.358146e-06
1917.500,1.446729e-06
1917.550,2.443756e-06
1917.600,1.572669e-06
1917.650,1.530051e-06
1917.700,1.659037e-06
1917.750,1.894818e-06
1917.800,2.281736e-06
1917.850,2.932415e-06
1917.900,4.110263e-06
1917.950,6.530567e-06
1918.000,1.272178e-05
1918.050,3.725841e-05
1918.100,3.297140e-04
1918.150,1.097309e-04
1918.200,2.226772e-05
1918.250,9.312051e-06
1918.300,5.212816e-06
1918.350,3.415932e-06
1918.400,2.471737e-06
1918.450,1.914729e-06
1918.500,1.558692e-06
1918.550,1.317376e-06
1918.600,1.146403e-06
1918.650,1.021052e-06
1918.700,9.266711e-07
1918.750,8.541352e-07
1918.800,7.975299e-07
1918.850,7.528944e-07
1918.900,7.175080e-07
1918.950,6.894662e-07
1919.000,6.674215e-07
1919.050,6.504217e-07
1919.100,6.378069e-07
1919.150,6.291462e-07
1919.200,6.242017e-07
1919.250,6.229140e-07
1919.300,6.254078e-07
1919.350,6.320204e-07
1919.400,6.433605e-07
1919.450,6.604146e-07
1919.500,6.847307e-07
1919.550,7.187450e-07
1919.600,7.663776e-07
1919.650,8.341817e-07
1919.700,9.337172e-07
1919.750,1.086930e-06
1919.800,1.340258e-06
1919.850,1.817558e-06
1919.900,2.773766e-06
1919.950,5.525924e-06
1920.000,2.082907e-05
1920.050,9.986429e-05
1920.100,2.988342e-05
1920.150,6.945672e-06
1920.200,3.231490e-06
1920.250,2.034741e-06
1920.300,1.508889e-06
1920.350,1.237423e-06
1920.400,1.084158e-06
1920.450,9.939556e-07
1920.500,9.411555e-07
1920.550,9.126430e-07
1920.600,9.013282e-07
1920.650,9.034069e-07
1920.700,9.175214e-07
1920.750,9.484567e-07
1920.800,1.082805e-06
1920.850,1.024813e-06
1920.900,1.061699e-06
1920.950,1.121184e-06
1921.000,1.195845e-06
1921.050,1.287275e-06
1921.100,1.399129e-06
1921.150,1.536977e-06
1921.200,1.709223e-06
1921.250,1.929330e-06
1921.300,2.221758e-06
1921.350,2.643708e-06
1921.400,3.420910e-06
1921.450,7.214473e-06
1921.500,8.415881e-06
1921.550,6.130792e-06
1921.600,8.016916e-06
1921.650,1.475174e-05
1921.700,3.417686e-05
1921.750,2.453062e-05
1921.800,4.429047e-05
1921.850,1.217367e-04
1921.900,9.136943e-04
1921.950,6.189479e-04
1922.000,1.019510e-04
1922.050,3.921807e-05
1922.100,2.069997e-05
1922.150,1.286916e-05
1922.200,8.851592e-06
1922.250,6.526476e-06
1922.300,5.066615e-06
1922.350,4.095773e-06
1922.400,3.423223e-06
1922.450,2.944282e-06
1922.500,2.598063e-06
1922.550,2.347773e-06
1922.600,2.170880e-06
1922.650,2.054028e-06
1922.700,1.990485e-06
1922.750,1.979170e-06
1922.800,2.025008e-06
1922.850,2.140906e-06
1922.900,2.352509e-06
1922.950,2.708778e-06
1923.000,3.306660e-06
1923.050,4.354876e-06
1923.100,6.366298e-06
1923.150,1.088644e-05
1923.200,2.447915e-05
1923.250,1.036393e-04
1923.300,5.639388e-04
1923.350,5.673133e-05
1923.400,1.777944e-05
1923.450,8.751740e-06
1923.500,5.334016e-06
1923.550,3.684577e-06
1923.600,2.764024e-06
1923.650,2.198134e-06
1923.700,1.825622e-06
1923.750,1.567755e-06
1923.800,1.382425e-06
1923.850,1.245496e-06
1923.900,1.142377e-06
1923.950,1.063893e-06
1924.000,1.004141e-06
1924.050,9.593292e-07
1924.100,9.272094e-07
1924.150,9.070452e-07
1924.200,9.011258e-07
1924.250,9.300829e-07
1924.300,1.164031e-06
1924.350,9.636102e-07
1924.400,9.743162e-07
1924.450,1.039165e-06
1924.500,1.157505e-06
1924.550,1.374404e-06
1924.600,1.831850e-06
1924.650,3.160555e-06
1924.700,1.178174e-05
1924.750,2.106230e-05
1924.800,5.888317e-06
1924.850,7.922274e-06
1924.900,3.024060e-05
1924.950,1.216056e-04
1925.000,1.384471e-05
1925.050,4.889580e-06
1925.100,2.707378e-06
1925.150,1.862349e-06
1925.200,1.451190e-06
1925.250,1.223285e-06
1925.300,1.087795e-06
1925.350,1.012022e-06
1925.400,1.078008e-06
1925.450,9.238197e-07
1925.500,8.867436e-07
1925.550,8.725905e-07
1925.600,8.688823e-07
1925.650,8.730368e-07
1925.700,8.841712e-07
1925.750,9.022224e-07
1925.800,9.278977e-07
1925.850,9.630565e-07
1925.900,1.011938e-06
1925.950,1.085180e-06
1926.000,1.216458e-06
1926.050,1.569448e-06
1926.100,4.091869e-06
1926.150,4.185466e-06
1926.200,1.901646e-06
1926.250,2.314260e-06
1926.300,2.231359e-06
1926.350,2.058059e-06
1926.400,2.557681e-06
1926.450,4.425024e-06
1926.500,2.385023e-05
1926.550,1.171939e-05
1926.600,4.483767e-06
1926.650,3.528697e-06
1926.700,3.627595e-06
1926.750,4.074167e-06
1926.800,4.804032e-06
1926.850,5.897038e-06
1926.900,7.615382e-06
1926.950,1.047711e-05
1927.000,1.421773e-05
1927.050,2.192300e-05
1927.100,3.874445e-05
1927.150,8.709607e-05
1927.200,3.421150e-04
1927.250,2.904753e-03
1927.300,2.739522e-04
1927.350,7.741733e-05
1927.400,3.585878e-05
1927.450,2.075039e-05
1927.500,1.364421e-05
1927.550,9.760565e-06
1927.600,7.422089e-06
1927.650,5.918826e-06
1927.700,4.909635e-06
1927.750,4.215394e-06
1927.800,3.736426e-06
1927.850,3.416025e-06
1927.900,3.223435e-06
1927.950,3.146279e-06
1928.000,3.188772e-06
1928.050,3.375393e-06
1928.100,3.763068e-06
1928.150,4.472179e-06
1928.200,5.768837e-06
1928.250,8.316043e-06
1928.300,1.413585e-05
1928.350,3.196906e-05
1928.400,1.399811e-04
1928.450,6.375946e-04
1928.500,6.686184e-05
1928.550,2.160362e-05
1928.600,1.080188e-05
1928.650,6.662694e-06
1928.700,4.667789e-06
1928.750,3.516049e-06
1928.800,2.819674e-06
1928.850,2.364545e-06
1928.900,2.054100e-06
1928.950,1.837875e-06
1929.000,1.688274e-06
1929.050,1.590893e-06
1929.100,1.540955e-06
1929.150,1.544326e-06
1929.200,1.626376e-06
1929.250,1.866882e-06
1929.300,2.568453e-06
1929.350,5.650785e-06
1929.400,3.938348e-05
1929.450,8.567886e-06
1929.500,3.347692e-06
1929.550,2.700308e-06
1929.600,3.031921e-06
1929.650,4.421282e-06
1929.700,9.187754e-06
1929.750,4.045593e-05
1929.800,1.286756e-04
1929.850,1.553547e-05
1929.900,5.640348e-06
1929.950,3.201652e-06
1930.000,2.222953e-06
1930.050,1.688377e-06
1930.100,1.410563e-06
1930.150,1.242238e-06
1930.200,1.133770e-06
1930.250,1.061854e-06
1930.300,1.014467e-06
1930.350,9.854818e-07
1930.400,9.729479e-07
1930.450,9.806100e-07
1930.500,1.031212e-06
1930.550,1.309016e-06
1930.600,2.413815e-06
1930.650,1.378384e-06
1930.700,2.010963e-06
1930.750,9.521443e-06
1930.800,2.274399e-06
1930.850,1.323677e-06
1930.900,1.164041e-06
1930.950,1.139507e-06
1931.000,1.167026e-06
1931.050,1.234783e-06
1931.100,1.358211e-06
1931.150,1.595842e-06
1931.200,2.162916e-06
1931.250,4.299746e-06
1931.300,2.760414e-05
1931.350,1.016132e-05
1931.400,3.183740e-06
1931.450,2.200775e-06
1931.500,2.005303e-06
1931.550,2.259712e-06
1931.600,5.409522e-06
1931.650,2.369339e-06
1931.700,2.246139e-06
1931.750,2.442917e-06
1931.800,3.386618e-06
1931.850,2.920979e-06
1931.900,3.195357e-06
1931.950,3.628453e-06
1932.000,4.204665e-06
1932.050,4.971345e-06
1932.100,6.013993e-06
1932.150,7.478251e-06
1932.200,9.623545e-06
1932.250,1.294681e-05
1932.300,1.849893e-05
1932.350,2.882941e-05
1932.400,5.151596e-05
1932.450,1.180624e-04
1932.500,4.879535e-04
1932.550,3.397350e-03
1932.600,3.192249e-04
1932.650,9.428140e-05
1932.700,4.446757e-05
1932.750,2.602284e-05
1932.800,1.727544e-05
1932.850,1.248601e-05
1932.900,9.616653e-06
1932.950,7.800849e-06
1933.000,6.625445e-06
1933.050,5.894095e-06
1933.100,5.453408e-06
1933.150,5.297080e-06
1933.200,5.442810e-06
1933.250,5.973650e-06
1933.300,7.115125e-06
1933.350,9.426667e-06
1933.400,1.448959e-05
1933.450,2.814960e-05
1933.500,8.697184e-05
1933.550,8.249594e-04
1933.600,1.643407e-04
1933.650,3.880166e-05
1933.700,1.731274e-05
1933.750,1.016320e-05
1933.800,6.992949e-06
1933.850,5.402212e-06
1933.900,4.683954e-06
1933.950,4.889001e-06
1934.000,8.361156e-06
1934.050,4.897929e-05
1934.100,9.937746e-06
1934.150,4.111180e-06
1934.200,2.961369e-06
1934.250,2.597725e-06
1934.300,2.535987e-06
1934.350,2.709007e-06
1934.400,3.217543e-06
1934.450,4.455034e-06
1934.500,8.008004e-06
1934.550,2.357284e-05
1934.600,2.089144e-04
1934.650,3.619028e-05
1934.700,9.601514e-06
1934.750,4.756332e-06
1934.800,3.147402e-06
1934.850,2.797481e-06
1934.900,2.947324e-06
1934.950,1.760759e-06
1935.000,1.497979e-06
1935.050,1.365898e-06
1935.100,1.289997e-06
1935.150,1.256339e-06
1935.200,1.277076e-06
1935.250,1.429850e-06
1935.300,2.264265e-06
1935.350,1.077808e-05
1935.400,2.556477e-06
1935.450,1.414594e-06
1935.500,1.190806e-06
1935.550,1.117124e-06
1935.600,1.091492e-06
1935.650,1.089630e-06
1935.700,1.105131e-06
1935.750,1.138719e-06
1935.800,1.197268e-06
1935.850,1.298482e-06
1935.900,1.488164e-06
1935.950,1.908806e-06
1936.000,3.192907e-06
1936.050,1.127756e-05
1936.100,3.385794e-05
1936.150,4.979439e-06
1936.200,2.412253e-06
1936.250,1.796193e-06
1936.300,1.582912e-06
1936.350,1.507118e-06
1936.400,1.497180e-06
1936.450,1.534227e-06
1936.500,1.636173e-06
1936.550,1.975087e-06
1936.600,5.478808e-06
1936.650,3.070724e-06
1936.700,2.190382e-06
1936.750,2.038286e-06
1936.800,2.142466e-06
1936.850,2.365619e-06
1936.900,2.889867e-06
1936.950,6.103138e-06
1937.000,5.504601e-06
1937.050,3.523310e-06
1937.100,3.558356e-06
1937.150,3.892749e-06
1937.200,4.389136e-06
1937.250,5.052683e-06
1937.300,5.932571e-06
1937.350,7.119404e-06
1937.400,8.782785e-06
1937.450,1.112654e-05
1937.500,1.468919e-05
1937.550,2.046311e-05
1937.600,3.072058e-05
1937.650,5.166344e-05
1937.700,1.054711e-04
1937.750,3.233669e-04
1937.800,3.059768e-03
1937.850,8.444887e-04
1937.900,1.757816e-04
1937.950,7.305449e-05
1938.000,4.020595e-05
1938.050,2.583617e-05
1938.100,1.839991e-05
1938.150,1.417228e-05
1938.200,1.167868e-05
1938.250,1.027187e-05
1938.300,9.684266e-06
1938.350,9.891846e-06
1938.400,1.114548e-05
1938.450,1.425239e-05
1938.500,2.170919e-05
1938.550,4.353050e-05
1938.600,1.529796e-04
1938.650,1.243816e-03
1938.700,1.604741e-04
1938.750,4.348266e-05
1938.800,2.060313e-05
1938.850,1.248799e-05
1938.900,8.716297e-06
1938.950,6.692575e-06
1939.000,5.562563e-06
1939.050,5.025976e-06
1939.100,4.797688e-06
1939.150,6.446181e-06
1939.200,5.259021e-06
1939.250,6.619642e-06
1939.300,1.151116e-05
1939.350,3.703569e-05
1939.400,2.709599e-04
1939.450,3.347072e-05
1939.500,1.047971e-05
1939.550,5.598279e-06
1939.600,3.800767e-06
1939.650,2.941071e-06
1939.700,2.471046e-06
1939.750,2.211921e-06
1939.800,2.132172e-06
1939.850,2.444554e-06
1939.900,6.064355e-06
1939.950,6.064073e-06
1940.000,2.178846e-06
1940.050,1.651645e-06
1940.100,1.472164e-06
1940.150,1.381747e-06
1940.200,1.327557e-06
1940.250,1.293240e-06
1940.300,1.272626e-06
1940.350,1.263499e-06
1940.400,1.265878e-06
1940.450,1.281856e-06
1940.500,1.316556e-06
1940.550,1.381014e-06
1940.600,1.500257e-06
1940.650,1.739615e-06
1940.700,2.320698e-06
1940.750,4.358511e-06
1940.800,1.685540e-05
1940.850,3.024897e-05
1940.900,5.111812e-06
1940.950,2.556192e-06
1941.000,1.883889e-06
1941.050,1.629325e-06
1941.100,1.522067e-06
1941.150,1.486907e-06
1941.200,1.504684e-06
1941.250,1.594701e-06
1941.300,1.890418e-06
1941.350,3.604428e-06
1941.400,7.567391e-06
1941.450,3.265836e-06
1941.500,2.074783e-06
1941.550,2.617729e-06
1941.600,5.591999e-06
1941.650,2.135378e-06
1941.700,1.907600e-06
1941.750,1.920067e-06
1941.800,1.951064e-06
1941.850,2.030526e-06
1941.900,2.132844e-06
1941.950,2.255517e-06
1942.000,2.399669e-06
1942.050,2.568125e-06
1942.100,2.765107e-06
1942.150,2.996362e-06
1942.200,3.269545e-06
1942.250,3.594864e-06
1942.300,3.986059e-06
1942.350,4.461919e-06
1942.400,5.048640e-06
1942.450,5.783613e-06
1942.500,6.721683e-06
1942.550,7.945964e-06
1942.600,9.587354e-06
1942.650,1.186188e-05
1942.700,1.514713e-05
1942.750,2.015282e-05
1942.800,2.834546e-05
1942.850,4.317299e-05
1942.900,7.441561e-05
1942.950,1.595835e-04
1943.000,5.561918e-04
1943.050,5.611173e-03
1943.100,7.185969e-04
1943.150,1.867219e-04
1943.200,9.144478e-05
1943.250,9.786285e-05
1943.300,7.980563e-05
1943.350,2.705156e-04
1943.400,5.406872e-05
1943.450,2.838755e-05
1943.500,2.485002e-05
1943.550,2.916958e-05
1943.600,4.734565e-05
1943.650,1.310614e-04
1943.700,1.154354e-03
1943.750,2.625469e-04
1943.800,6.286171e-05
1943.850,2.923837e-05
1943.900,1.828243e-05
1943.950,1.386575e-05
1944.000,1.268934e-05
1944.050,1.528757e-05
1944.100,3.158854e-05
1944.150,2.238763e-04
1944.200,7.092777e-05
1944.250,1.794804e-05
1944.300,9.296719e-06
1944.350,6.483872e-06
1944.400,5.712874e-06
1944.450,1.095702e-05
1944.500,7.141162e-06
1944.550,3.688775e-06
1944.600,2.962309e-06
1944.650,2.611038e-06
1944.700,2.390181e-06
1944.750,2.275791e-06
1944.800,2.376527e-06
1944.850,2.010603e-06
1944.900,1.893723e-06
1944.950,1.817877e-06
1945.000,1.761310e-06
1945.050,1.719906e-06
1945.100,1.693166e-06
1945.150,1.682797e-06
1945.200,1.693386e-06
1945.250,1.734826e-06
1945.300,1.828804e-06
1945.350,2.028023e-06
1945.400,2.486406e-06
1945.450,3.818911e-06
1945.500,1.058452e-05
1945.550,6.683355e-05
1945.600,9.294027e-06
1945.650,3.811186e-06
1945.700,3.087761e-06
1945.750,6.585154e-06
1945.800,4.915271e-06
1945.850,2.203339e-06
1945.900,1.769451e-06
1945.950,1.624374e-06
1946.000,1.575893e-06
1946.050,1.551513e-06
1946.100,1.539348e-06
1946.150,1.605501e-06
1946.200,2.316547e-06
1946.250,1.861421e-06
1946.300,1.622098e-06
1946.350,1.624999e-06
1946.400,1.685127e-06
1946.450,1.845399e-06
1946.500,2.628706e-06
1946.550,7.032054e-06
1946.600,2.325414e-06
1946.650,2.029606e-06
1946.700,2.208084e-06
1946.750,3.690109e-06
1946.800,2.278620e-06
1946.850,2.161824e-06
1946.900,2.209378e-06
1946.950,2.297257e-06
1947.000,2.408077e-06
1947.050,2.538887e-06
1947.100,2.690567e-06
1947.150,2.865765e-06
1947.200,3.068489e-06
1947.250,3.304235e-06
1947.300,3.580444e-06
1947.350,3.907415e-06
1947.400,4.300205e-06
1947.450,4.783562e-06
1947.500,5.411448e-06
1947.550,6.427310e-06
1947.600,9.246860e-06
1947.650,8.558547e-06
1947.700,1.034724e-05
1947.750,1.465791e-05
1947.800,3.807012e-05
1947.850,4.693971e-05
1947.900,2.415119e-05
1947.950,2.717551e-05
1948.000,3.649469e-05
1948.050,5.405567e-05
1948.100,9.217668e-05
1948.150,2.040055e-04
1948.200,7.588783e-04
1948.250,4.226773e-03
1948.300,1.497897e-03
1948.350,3.022571e-04
1948.400,1.270539e-04
1948.450,7.322015e-05
1948.500,5.206511e-05
1948.550,4.535296e-05
1948.600,5.121325e-05
1948.650,8.586158e-05
1948.700,3.053805e-04
1948.750,1.502313e-03
1948.800,1.824736e-04
1948.850,1.045619e-04
1948.900,3.996746e-04
1948.950,6.982715e-05
1949.000,3.543497e-05
1949.050,1.765389e-05
1949.100,1.229567e-05
1949.150,9.499141e-06
1949.200,7.747520e-06
1949.250,6.542514e-06
1949.300,5.663355e-06
1949.350,4.995428e-06
1949.400,4.472873e-06
1949.450,4.055057e-06
1949.500,3.715582e-06
1949.550,3.436669e-06
1949.600,3.206084e-06
1949.650,3.015419e-06
1949.700,2.859157e-06
1949.750,2.734309e-06
1949.800,2.640639e-06
1949.850,2.581824e-06
1949.900,2.568754e-06
1949.950,2.629167e-06
1950.000,2.842122e-06
1950.050,3.522799e-06
1950.100,7.423065e-06
1950.150,1.000375e-05
1950.200,1.951413e-05
1950.250,5.501808e-05
1950.300,8.433491e-06
1950.350,3.954515e-06
1950.400,2.797230e-06
1950.450,2.326680e-06
1950.500,2.085452e-06
1950.550,1.943691e-06
1950.600,1.853205e-06
1950.650,1.792915e-06
1950.700,1.752758e-06
1950.750,1.728230e-06
1950.800,1.719258e-06
1950.850,1.734582e-06
1950.900,1.829821e-06
1950.950,2.787892e-06
1951.000,2.257903e-06
1951.050,3.447704e-06
1951.100,2.107649e-06
1951.150,1.816319e-06
1951.200,1.780002e-06
1951.250,1.795109e-06
1951.300,1.844016e-06
1951.350,1.955470e-06
1951.400,2.324060e-06
1951.450,5.907428e-06
1951.500,3.683527e-06
1951.550,2.286168e-06
1951.600,2.143355e-06
1951.650,2.169249e-06
1951.700,2.311946e-06
1951.750,3.075865e-06
1951.800,3.703864e-06
1951.850,2.596125e-06
1951.900,2.563110e-06
1951.950,2.657028e-06
1952.000,2.804406e-06
1952.050,3.003319e-06
1952.100,3.275870e-06
1952.150,3.679796e-06
1952.200,4.373692e-06
1952.250,5.923726e-06
1952.300,1.166408e-05
1952.350,6.717283e-05
1952.400,2.146561e-05
1952.450,8.528481e-06
1952.500,6.556383e-06
1952.550,6.287981e-06
1952.600,6.559846e-06
1952.650,7.147376e-06
1952.700,8.035574e-06
1952.750,9.346440e-06
1952.800,1.147830e-05
1952.850,1.424433e-05
1952.900,2.043110e-05
1952.950,4.051767e-05
1953.000,2.245506e-04
1953.050,9.933021e-05
1953.100,4.204264e-05
1953.150,4.081219e-05
1953.200,5.173157e-05
1953.250,7.592206e-05
1953.300,1.297536e-04
1953.350,2.823939e-04
1953.400,1.052785e-03
1953.450,8.761386e-03
1953.500,9.621090e-04
1953.550,3.205292e-04
1953.600,5.181999e-04
1953.650,2.226725e-04
1953.700,3.825554e-04
1953.750,1.940306e-03
1953.800,2.360923e-04
1953.850,8.279833e-05
1953.900,4.533940e-05
1953.950,2.996931e-05
1954.000,2.188271e-05
1954.050,1.698146e-05
1954.100,1.373443e-05
1954.150,1.145209e-05
1954.200,9.783595e-06
1954.250,8.539003e-06
1954.300,7.626233e-06
1954.350,7.077715e-06
1954.400,7.559812e-06
1954.450,1.575266e-05
1954.500,6.906101e-06
1954.550,5.249166e-06
1954.600,4.726197e-06
1954.650,4.508833e-06
1954.700,4.523808e-06
1954.750,4.946723e-06
1954.800,6.621628e-06
1954.850,1.591786e-05
1954.900,8.960842e-05
1954.950,1.350339e-05
1955.000,5.737121e-06
1955.050,3.986795e-06
1955.100,3.299384e-06
1955.150,2.946028e-06
1955.200,2.743644e-06
1955.250,2.660792e-06
1955.300,2.982051e-06
1955.350,3.780891e-06
1955.400,2.476078e-06
1955.450,2.278523e-06
1955.500,2.201314e-06
1955.550,2.165899e-06
1955.600,2.185885e-06
1955.650,2.552133e-06
1955.700,3.056361e-06
1955.750,2.182914e-06
1955.800,2.111902e-06
1955.850,2.177713e-06
1955.900,2.735108e-06
1955.950,4.011807e-06
1956.000,2.302544e-06
1956.050,2.124357e-06
1956.100,2.100809e-06
1956.150,2.122954e-06
1956.200,2.184345e-06
1956.250,2.327670e-06
1956.300,2.828668e-06
1956.350,8.036051e-06
1956.400,4.077457e-06
1956.450,2.709352e-06
1956.500,2.585198e-06
1956.550,2.653692e-06
1956.600,2.829447e-06
1956.650,3.151566e-06
1956.700,3.799331e-06
1956.750,5.565600e-06
1956.800,1.074073e-05
1956.850,6.062888e-05
1956.900,2.664741e-05
1956.950,7.831185e-06
1957.000,4.971285e-06
1957.050,4.160311e-06
1957.100,3.901869e-06
1957.150,3.864423e-06
1957.200,3.945034e-06
1957.250,4.107412e-06
1957.300,4.341388e-06
1957.350,4.651216e-06
1957.400,5.053775e-06
1957.450,5.583115e-06
1957.500,6.304323e-06
1957.550,7.349827e-06
1957.600,9.024717e-06
1957.650,1.218019e-05
1957.700,2.004080e-05
1957.750,5.424047e-05
1957.800,3.708071e-04
1957.850,6.586711e-05
1957.900,3.179951e-05
1957.950,2.672268e-05
1958.000,1.919857e-05
1958.050,2.006392e-05
1958.100,2.366506e-05
1958.150,3.098309e-05
1958.200,4.867482e-05
1958.250,1.337935e-04
1958.300,4.197833e-04
1958.350,1.061639e-04
1958.400,1.066259e-04
1958.450,1.643594e-04
1958.500,3.374834e-04
1958.550,1.148072e-03
1958.600,1.056112e-02
1958.650,1.534838e-03
1958.700,1.776161e-03
1958.750,7.721371e-04
1958.800,2.091662e-04
1958.850,1.052020e-04
1958.900,6.560265e-05
1958.950,4.555826e-05
1959.000,3.381140e-05
1959.050,2.628047e-05
1959.100,2.115162e-05
1959.150,1.750911e-05
1959.200,1.485166e-05
1959.250,1.289640e-05
1959.300,1.150034e-05
1959.350,1.066113e-05
1959.400,1.068533e-05
1959.450,1.335062e-05
1959.500,3.786543e-05
1959.550,5.806444e-05
1959.600,1.464523e-05
1959.650,8.152190e-06
1959.700,6.321049e-06
1959.750,5.430270e-06
1959.800,4.873426e-06
1959.850,4.479276e-06
1959.900,4.186785e-06
1959.950,3.985450e-06
1960.000,3.973012e-06
1960.050,5.492744e-06
1960.100,4.195287e-06
1960.150,3.399151e-06
1960.200,3.183502e-06
1960.250,3.072760e-06
1960.300,3.061653e-06
1960.350,3.780744e-06
1960.400,3.443954e-06
1960.450,2.825816e-06
1960.500,2.702985e-06
1960.550,2.644966e-06
1960.600,2.619388e-06
1960.650,2.684426e-06
1960.700,2.822739e-06
1960.750,2.585957e-06
1960.800,2.563659e-06
1960.850,2.576833e-06
1960.900,2.613351e-06
1960.950,2.678086e-06
1961.000,2.785329e-06
1961.050,2.966951e-06
1961.100,3.304000e-06
1961.150,4.082054e-06
1961.200,7.551712e-06
1961.250,1.268665e-05
1961.300,2.336524e-05
1961.350,8.754580e-05
1961.400,1.377413e-05
1961.450,6.124741e-06
1961.500,4.320222e-06
1961.550,3.665963e-06
1961.600,3.386071e-06
1961.650,3.267774e-06
1961.700,3.234636e-06
1961.750,3.254606e-06
1961.800,3.313338e-06
1961.850,3.404881e-06
1961.900,3.528123e-06
1961.950,3.685595e-06
1962.000,3.883573e-06
1962.050,4.133487e-06
1962.100,4.455517e-06
1962.150,4.887664e-06
1962.200,5.512678e-06
1962.250,6.568739e-06
1962.300,9.271683e-06
1962.350,2.658160e-05
1962.400,1.506665e-05
1962.450,1.992280e-05
1962.500,4.959824e-05
1962.550,3.547351e-04
1962.600,9.099718e-05
1962.650,2.809266e-05
1962.700,1.842163e-05
1962.750,1.737848e-05
1962.800,2.120200e-05
1962.850,3.564344e-05
1962.900,1.188268e-04
1962.950,4.812965e-04
1963.000,7.709682e-05
1963.050,3.493310e-05
1963.100,2.486724e-05
1963.150,2.338812e-05
1963.200,2.486662e-05
1963.250,2.837311e-05
1963.300,3.407855e-05
1963.350,4.287391e-05
1963.400,5.671298e-05
1963.450,7.984612e-05
1963.500,1.227288e-04
1963.550,2.177464e-04
1963.600,5.233875e-04
1963.650,3.014638e-03
1963.700,4.471203e-03
1963.750,5.474647e-03
1963.800,8.208947e-04
1963.850,3.068212e-04
1963.900,1.604391e-04
1963.950,9.956254e-05
1964.000,6.925985e-05
1964.050,5.462681e-05
1964.100,6.642975e-05
1964.150,1.041617e-04
1964.200,3.437288e-05
1964.250,2.319105e-05
1964.300,1.838358e-05
1964.350,1.535541e-05
1964.400,1.317937e-05
1964.450,1.152065e-05
1964.500,1.022066e-05
1964.550,9.242242e-06
1964.600,8.562300e-06
1964.650,7.576998e-06
1964.700,6.933459e-06
1964.750,6.407107e-06
1964.800,5.963460e-06
1964.850,5.588905e-06
1964.900,5.281159e-06
1964.950,5.072657e-06
1965.000,5.365243e-06
1965.050,5.750148e-06
1965.100,4.471861e-06
1965.150,4.193409e-06
1965.200,4.026466e-06
1965.250,3.902822e-06
1965.300,3.810587e-06
1965.350,3.748859e-06
1965.400,3.722680e-06
1965.450,3.745760e-06
1965.500,3.858275e-06
1965.550,4.333739e-06
1965.600,4.560939e-06
1965.650,5.565082e-06
1965.700,8.928725e-06
1965.750,2.878608e-05
1965.800,8.632931e-05
1965.850,1.436960e-05
1965.900,6.788881e-06
1965.950,5.015922e-06
1966.000,4.797776e-06
1966.050,9.339581e-06
1966.100,7.036684e-06
1966.150,3.984153e-06
1966.200,3.535860e-06
1966.250,3.399351e-06
1966.300,3.358088e-06
1966.350,3.364791e-06
1966.400,3.405607e-06
1966.450,3.478316e-06
1966.500,3.588835e-06
1966.550,3.755908e-06
1966.600,4.033325e-06
1966.650,4.618812e-06
1966.700,6.754559e-06
1966.750,2.424860e-05
1966.800,8.331021e-06
1966.850,5.771854e-06
1966.900,5.652836e-06
1966.950,6.075026e-06
1967.000,6.893751e-06
1967.050,8.324434e-06
1967.100,1.081307e-05
1967.150,1.632003e-05
1967.200,3.322721e-05
1967.250,1.370269e-04
1967.300,3.317943e-04
1967.350,5.380156e-05
1967.400,2.877663e-05
1967.450,3.109410e-05
1967.500,6.564715e-05
1967.550,4.367656e-04
1967.600,1.640529e-04
1967.650,4.098783e-05
1967.700,2.170551e-05
1967.750,1.584081e-05
1967.800,1.363800e-05
1967.850,1.291725e-05
1967.900,1.302365e-05
1967.950,1.395965e-05
1968.000,1.664906e-05
1968.050,1.630314e-05
1968.100,1.812904e-05
1968.150,2.092977e-05
1968.200,2.528183e-05
1968.250,3.243673e-05
1968.300,3.799232e-05
1968.350,5.014396e-05
1968.400,7.220513e-05
1968.450,1.203726e-04
1968.500,2.738914e-04
1968.550,1.537076e-03
1968.600,1.237228e-03
1968.650,3.785287e-04
1968.700,5.092724e-04
1968.750,9.653869e-04
1968.800,5.968746e-03
1968.850,5.288473e-03
1968.900,8.626263e-04
1968.950,3.294931e-04
1969.000,1.735743e-04
1969.050,1.076475e-04
1969.100,7.366520e-05
1969.150,5.384135e-05
1969.200,4.125602e-05
1969.250,3.276010e-05
1969.300,2.675194e-05
1969.350,2.234632e-05
1969.400,1.902172e-05
1969.450,1.645557e-05
1969.500,1.444273e-05
1969.550,1.285995e-05
1969.600,1.171182e-05
1969.650,1.231925e-05
1969.700,1.007888e-05
1969.750,8.902594e-06
1969.800,8.248157e-06
1969.850,7.851933e-06
1969.900,7.679197e-06
1969.950,7.238119e-06
1970.000,7.279796e-06
1970.050,7.871102e-06
1970.100,1.004487e-05
1970.150,2.044426e-05
1970.200,1.152662e-04
1970.250,2.723930e-05
1970.300,1.034583e-05
1970.350,6.968969e-06
1970.400,5.725784e-06
1970.450,5.107916e-06
1970.500,4.744530e-06
1970.550,4.510431e-06
1970.600,4.355860e-06
1970.650,4.262255e-06
1970.700,4.233009e-06
1970.750,4.312583e-06
1970.800,4.735360e-06
1970.850,7.983234e-06
1970.900,1.120781e-05
1970.950,5.166929e-06
1971.000,4.849646e-06
1971.050,5.800538e-06
1971.100,1.403153e-05
1971.150,1.407327e-05
1971.200,5.914302e-06
1971.250,4.917582e-06
1971.300,4.809485e-06
1971.350,5.105479e-06
1971.400,6.427614e-06
1971.450,1.638852e-05
1971.500,8.141066e-06
1971.550,6.239740e-06
1971.600,6.318629e-06
1971.650,6.901431e-06
1971.700,7.927352e-06
1971.750,9.650411e-06
1971.800,1.279530e-05
1971.850,1.962297e-05
1971.900,4.032603e-05
1971.950,1.744179e-04
1972.000,3.102065e-04
1972.050,7.167610e-05
1972.100,9.484351e-05
1972.150,6.121615e-04
1972.200,1.560408e-04
1972.250,4.344269e-05
1972.300,2.473962e-05
1972.350,1.559044e-05
1972.400,1.224711e-05
1972.450,1.067158e-05
1972.500,9.899872e-06
1972.550,9.581254e-06
1972.600,9.560723e-06
1972.650,9.765922e-06
1972.700,1.016647e-05
1972.750,1.075784e-05
1972.800,1.155567e-05
1972.850,1.259615e-05
1972.900,1.394188e-05
1972.950,1.569575e-05
1973.000,1.803081e-05
1973.050,2.126034e-05
1973.100,2.603417e-05
1973.150,3.409744e-05
1973.200,5.357794e-05
1973.250,1.786885e-04
1973.300,1.076522e-04
1973.350,1.582350e-04
1973.400,4.617302e-04
1973.450,3.670140e-03
1973.500,6.735182e-04
1973.550,2.144653e-04
1973.600,1.456984e-04
1973.650,1.489990e-04
1973.700,1.988360e-04
1973.750,3.336404e-04
1973.800,7.574581e-04
1973.850,3.261974e-03
1973.900,1.514820e-02
1973.950,1.659125e-03
1974.000,5.216641e-04
1974.050,2.517240e-04
1974.100,1.485993e-04
1974.150,9.876067e-05
1974.200,7.106716e-05
1974.250,5.549597e-05
1974.300,4.280749e-05
1974.350,3.463382e-05
1974.400,2.936625e-05
1974.450,2.629437e-05
1974.500,2.662408e-05
1974.550,4.298051e-05
1974.600,1.336370e-04
1974.650,3.042765e-05
1974.700,1.754724e-05
1974.750,1.372156e-05
1974.800,1.175666e-05
1974.850,1.046720e-05
1974.900,9.515395e-06
1974.950,8.769091e-06
1975.000,8.164751e-06
1975.050,7.667544e-06
1975.100,7.257343e-06
1975.150,6.923829e-06
1975.200,6.667597e-06
1975.250,6.527146e-06
1975.300,6.469043e-06
1975.350,6.713072e-06
1975.400,8.220868e-06
1975.450,2.219134e-05
1975.500,1.316217e-05
1975.550,8.133699e-06
1975.600,1.142950e-05
1975.650,2.657469e-05
1975.700,1.010253e-05
1975.750,6.375084e-06
1975.800,5.642581e-06
1975.850,5.402779e-06
1975.900,5.333058e-06
1975.950,5.356489e-06
1976.000,5.454294e-06
1976.050,5.638740e-06
1976.100,6.049334e-06
1976.150,6.395997e-06
1976.200,6.886069e-06
1976.250,8.528292e-06
1976.300,1.306461e-05
1976.350,1.023115e-05
1976.400,1.165333e-05
1976.450,1.514969e-05
1976.500,2.244109e-05
1976.550,4.144549e-05
1976.600,1.267561e-04
1976.650,6.219233e-04
1976.700,3.972333e-04
1976.750,3.747030e-04
1976.800,7.237674e-05
1976.850,3.201138e-05
1976.900,1.967450e-05
1976.950,1.434704e-05
1977.000,1.161330e-05
1977.050,1.007575e-05
1977.100,9.177123e-06
1977.150,8.660389e-06
1977.200,8.395344e-06
1977.250,8.312748e-06
1977.300,8.376346e-06
1977.350,8.570525e-06
1977.400,8.895781e-06
1977.450,9.369970e-06
1977.500,1.003759e-05
1977.550,1.099828e-05
1977.600,1.249899e-05
1977.650,1.531117e-05
1977.700,2.308697e-05
1977.750,7.532616e-05
1977.800,8.743838e-05
1977.850,2.894072e-05
1977.900,2.421468e-05
1977.950,2.589412e-05
1978.000,3.056817e-05
1978.050,3.880696e-05
1978.100,5.354357e-05
1978.150,8.343976e-05
1978.200,1.605248e-04
1978.250,4.832189e-04
1978.300,3.886927e-03
1978.350,8.479477e-04
1978.400,2.266421e-04
1978.450,1.208323e-04
1978.500,9.085834e-05
1978.550,8.554873e-05
1978.600,9.407960e-05
1978.650,1.166708e-04
1978.700,1.615148e-04
1978.750,2.533125e-04
1978.800,4.746280e-04
1978.850,1.224974e-03
1978.900,7.110616e-03
1978.950,9.643464e-03
1979.000,1.424534e-03
1979.050,5.163644e-04
1979.100,2.643396e-04
1979.150,1.608782e-04
1979.200,1.086259e-04
1979.250,7.861789e-05
1979.300,5.982386e-05
1979.350,4.727620e-05
1979.400,3.844186e-05
1979.450,3.205027e-05
1979.500,2.729070e-05
1979.550,2.369645e-05
1979.600,2.101735e-05
1979.650,1.925271e-05
1979.700,1.924395e-05
1979.750,3.056014e-05
1979.800,3.466585e-05
1979.850,1.591778e-05
1979.900,1.296344e-05
1979.950,1.133308e-05
1980.000,1.034096e-05
1980.050,9.650258e-06
1980.100,9.125928e-06
1980.150,8.741800e-06
1980.200,8.547742e-06
1980.250,9.010083e-06
1980.300,1.147825e-05
1980.350,1.032265e-05
1980.400,2.130158e-05
1980.450,1.182166e-05
1980.500,8.080488e-06
1980.550,7.458004e-06
1980.600,7.301329e-06
1980.650,7.324713e-06
1980.700,7.476112e-06
1980.750,7.758862e-06
1980.800,8.205309e-06
1980.850,8.879814e-06
1980.900,9.899004e-06
1980.950,1.148067e-05
1981.000,1.406308e-05
1981.050,1.863237e-05
1981.100,2.779968e-05
1981.150,5.047228e-05
1981.200,1.344104e-04
1981.250,8.735832e-04
1981.300,5.668307e-04
1981.350,1.069763e-04
1981.400,4.434124e-05
1981.450,2.566637e-05
1981.500,1.777037e-05
1981.550,1.375117e-05
1981.600,1.146689e-05
1981.650,1.008034e-05
1981.700,9.211569e-06
1981.750,8.670064e-06
1981.800,8.354703e-06
1981.850,8.212180e-06
1981.900,8.219695e-06
1981.950,8.380905e-06
1982.000,8.735183e-06
1982.050,9.395008e-06
1982.100,1.067825e-05
1982.150,1.369503e-05
1982.200,2.449988e-05
1982.250,1.207314e-04
1982.300,6.032128e-05
1982.350,2.035383e-05
1982.400,1.473893e-05
1982.450,1.356144e-05
1982.500,1.368115e-05
1982.550,1.445098e-05
1982.600,1.573707e-05
1982.650,1.766822e-05
1982.700,2.036328e-05
1982.750,2.354488e-05
1982.800,2.858547e-05
1982.850,3.638199e-05
1982.900,4.940801e-05
1982.950,7.396304e-05
1983.000,1.300290e-04
1983.050,3.108370e-04
1983.100,1.578181e-03
1983.150,2.712524e-03
1983.200,4.200086e-04
1983.250,2.101177e-04
1983.300,1.828282e-04
1983.350,8.650699e-05
1983.400,6.877232e-05
1983.450,6.410832e-05
1983.500,6.751989e-05
1983.550,7.715032e-05
1983.600,9.447963e-05
1983.650,1.240209e-04
1983.700,1.755958e-04
1983.750,2.754454e-04
1983.800,5.048202e-04
1983.850,1.227620e-03
1983.900,5.923298e-03
1983.950,1.698629e-02
1984.000,2.081648e-03
1984.050,7.196534e-04
1984.100,3.498543e-04
1984.150,2.063562e-04
1984.200,1.375259e-04
1984.250,1.016256e-04
1984.300,7.471024e-05
1984.350,5.834223e-05
1984.400,4.748855e-05
1984.450,4.160865e-05
1984.500,3.348879e-05
1984.550,2.855625e-05
1984.600,2.490643e-05
1984.650,2.204240e-05
1984.700,1.974820e-05
1984.750,1.788837e-05
1984.800,1.637061e-05
1984.850,1.513147e-05
1984.900,1.413076e-05
1984.950,1.335489e-05
1985.000,1.284646e-05
1985.050,1.288672e-05
1985.100,1.613085e-05
1985.150,2.641218e-05
1985.200,1.286000e-05
1985.250,1.151442e-05
1985.300,1.131685e-05
1985.350,1.153790e-05
1985.400,1.213200e-05
1985.450,1.322487e-05
1985.500,1.512413e-05
1985.550,1.852365e-05
1985.600,2.519494e-05
1985.650,4.085385e-05
1985.700,9.365644e-05
1985.750,5.076311e-04
1985.800,4.188662e-04
1985.850,2.986207e-04
1985.900,4.515065e-04
1985.950,8.326735e-05
1986.000,3.674872e-05
1986.050,2.286274e-05
1986.100,1.679425e-05
1986.150,1.358791e-05
1986.200,1.170394e-05
1986.250,1.053255e-05
1986.300,9.795288e-06
1986.350,9.357301e-06
1986.400,9.160617e-06
1986.450,9.206239e-06
1986.500,9.575059e-06
1986.550,1.053367e-05
1986.600,1.299271e-05
1986.650,2.136186e-05
1986.700,8.202765e-05
1986.750,1.024451e-04
1986.800,2.358482e-05
1986.850,1.411106e-05
1986.900,1.201166e-05
1986.950,1.073160e-05
1987.000,1.048521e-05
1987.050,1.060754e-05
1987.100,1.095964e-05
1987.150,1.150564e-05
1987.200,1.225265e-05
1987.250,1.324126e-05
1987.300,1.455888e-05
1987.350,1.642131e-05
1987.400,1.925063e-05
1987.450,2.326457e-05
1987.500,3.296396e-05
1987.550,8.134272e-05
1987.600,1.227750e-04
1987.650,5.621898e-05
1987.700,6.290737e-05
1987.750,9.185468e-05
1987.800,1.665191e-04
1987.850,4.328973e-04
1987.900,2.673060e-03
1987.950,2.101548e-03
1988.000,3.944995e-04
1988.050,1.610759e-04
1988.100,9.458533e-05
1988.150,6.903826e-05
1988.200,5.918720e-05
1988.250,5.412715e-05
1988.300,7.307527e-05
1988.350,5.841374e-05
1988.400,5.734832e-05
1988.450,6.454970e-05
1988.500,7.758211e-05
1988.550,9.356441e-05
1988.600,1.213138e-04
1988.650,1.673343e-04
1988.700,2.498820e-04
1988.750,4.189642e-04
1988.800,8.523033e-04
1988.850,2.579445e-03
1988.900,2.129644e-02
1988.950,6.702432e-03
1989.000,1.429335e-03
1989.050,5.916371e-04
1989.100,3.217250e-04
1989.150,2.025616e-04
1989.200,1.397733e-04
1989.250,1.027184e-04
1989.300,7.905966e-05
1989.350,6.305957e-05
1989.400,5.175887e-05
1989.450,4.350807e-05
1989.500,3.733181e-05
1989.550,3.262827e-05
1989.600,2.901882e-05
1989.650,2.627672e-05
1989.700,2.432724e-05
1989.750,2.349856e-05
1989.800,2.813051e-05
1989.850,3.319504e-05
1989.900,2.197348e-05
1989.950,2.134557e-05
1990.000,2.275281e-05
1990.050,2.652458e-05
1990.100,3.543579e-05
1990.150,6.051299e-05
1990.200,1.755662e-04
1990.250,1.108142e-03
1990.300,2.026304e-04
1990.350,9.045489e-05
1990.400,1.427245e-04
1990.450,7.774247e-04
1990.500,1.520111e-04
1990.550,5.024477e-05
1990.600,2.847799e-05
1990.650,2.030412e-05
1990.700,1.630548e-05
1990.750,1.405994e-05
1990.800,1.272378e-05
1990.850,1.196105e-05
1990.900,1.166370e-05
1990.950,1.190853e-05
1991.000,1.313225e-05
1991.050,1.722281e-05
1991.100,3.404307e-05
1991.150,1.893305e-04
1991.200,5.603282e-05
1991.250,1.992481e-05
1991.300,1.345696e-05
1991.350,1.139678e-05
1991.400,1.049453e-05
1991.450,1.016858e-05
1991.500,1.014957e-05
1991.550,1.037081e-05
1991.600,1.086292e-05
1991.650,1.178427e-05
1991.700,1.363709e-05
1991.750,1.838701e-05
1991.800,3.921588e-05
1991.850,1.737105e-04
1991.900,4.051429e-05
1991.950,2.161619e-05
1992.000,2.176530e-05
1992.050,2.836275e-05
1992.100,2.210961e-05
1992.150,1.967740e-05
1992.200,2.116241e-05
1992.250,2.401072e-05
1992.300,2.845735e-05
1992.350,3.704392e-05
1992.400,4.565496e-05
1992.450,6.247932e-05
1992.500,1.029289e-04
1992.550,1.801462e-04
1992.600,3.818187e-04
1992.650,1.794239e-03
1992.700,4.140042e-03
1992.750,5.861628e-04
1992.800,2.110724e-04
1992.850,1.134043e-04
1992.900,7.537038e-05
1992.950,5.744627e-05
1993.000,4.827931e-05
1993.050,4.368065e-05
1993.100,4.186629e-05
1993.150,4.203538e-05
1993.200,4.386796e-05
1993.250,4.733650e-05
1993.300,5.265165e-05
1993.350,6.029024e-05
1993.400,7.111576e-05
1993.450,8.676719e-05
1993.500,1.092989e-04
1993.550,1.439068e-04
1993.600,2.006179e-04
1993.650,3.021634e-04
1993.700,5.109869e-04
1993.750,1.051808e-03
1993.800,3.260532e-03
1993.850,2.739268e-02
1993.900,7.311254e-03
1993.950,1.632425e-03
1994.000,6.867277e-04
1994.050,3.766676e-04
1994.100,2.386948e-04
1994.150,1.657888e-04
1994.200,1.228424e-04
1994.250,9.566103e-05
1994.300,7.768254e-05
1994.350,6.565883e-05
1994.400,5.820059e-05
1994.450,5.696583e-05
1994.500,7.698725e-05
1994.550,6.075743e-05
1994.600,8.277998e-05
1994.650,2.057881e-04
1994.700,1.215831e-03
1994.750,2.281703e-04
1994.800,8.466061e-05
1994.850,6.172816e-05
1994.900,7.505612e-05
1994.950,2.031186e-04
1995.000,7.671213e-04
1995.050,1.248108e-04
1995.100,5.012138e-05
1995.150,3.151461e-05
1995.200,2.426421e-05
1995.250,2.054542e-05
1995.300,1.831857e-05
1995.350,1.739841e-05
1995.400,1.786698e-05
1995.450,2.125362e-05
1995.500,3.748500e-05
1995.550,1.903779e-04
1995.600,6.972364e-05
1995.650,2.443563e-05
1995.700,1.653478e-05
1995.750,1.397018e-05
1995.800,1.300346e-05
1995.850,1.288842e-05
1995.900,1.376371e-05
1995.950,1.808594e-05
1996.000,2.399559e-05
1996.050,6.768115e-05
1996.100,1.548333e-04
1996.150,3.259643e-05
1996.200,1.755460e-05
1996.250,1.383196e-05
1996.300,1.251609e-05
1996.350,1.205533e-05
1996.400,1.209517e-05
1996.450,1.330606e-05
1996.500,1.352132e-05
1996.550,1.315250e-05
1996.600,1.403748e-05
1996.650,1.639232e-05
1996.700,2.938498e-05
1996.750,3.093190e-05
1996.800,2.230980e-05
1996.850,2.076371e-05
1996.900,2.129441e-05
1996.950,2.375160e-05
1997.000,2.748003e-05
1997.050,3.292763e-05
1997.100,4.115132e-05
1997.150,5.435341e-05
1997.200,7.757141e-05
1997.250,1.243932e-04
1997.300,2.424638e-04
1997.350,6.993705e-04
1997.400,5.049400e-03
1997.450,1.898342e-03
1997.500,4.182031e-04
1997.550,1.804453e-04
1997.600,1.047294e-04
1997.650,7.208069e-05
1997.700,5.588998e-05
1997.750,4.642995e-05
1997.800,4.127832e-05
1997.850,3.859279e-05
1997.900,3.755892e-05
1997.950,3.778344e-05
1998.000,3.909356e-05
1998.050,4.145924e-05
1998.100,4.496576e-05
1998.150,4.981668e-05
1998.200,5.636395e-05
1998.250,6.517383e-05
1998.300,7.715312e-05
1998.350,9.379589e-05
1998.400,1.177496e-04
1998.450,1.532101e-04
1998.500,2.095231e-04
1998.550,3.064478e-04
1998.600,4.942886e-04
1998.650,9.343865e-04
1998.700,2.393110e-03
1998.750,1.314691e-02
1998.800,2.029833e-02
1998.850,2.978691e-03
1998.900,1.078560e-03
1998.950,5.626483e-04
1999.000,3.685861e-04
1999.050,3.298472e-04
1999.100,8.049463e-04
1999.150,6.531420e-04
1999.200,1.962685e-04
1999.250,1.204495e-04
1999.300,9.353293e-05
1999.350,8.504059e-05
1999.400,9.594337e-05
1999.450,1.934229e-04
1999.500,9.292669e-04
1999.550,1.857972e-04
1999.600,7.428711e-05
1999.650,4.861719e-05
1999.700,3.856782e-05
1999.750,3.422242e-05
1999.800,3.579472e-05
1999.850,4.035229e-05
1999.900,9.219642e-05
1999.950,1.985366e-04
2000.000,4.777693e-05
2000.050,4.178204e-05
2000.100,2.550241e-05
2000.150,2.273032e-05
2000.200,2.587558e-05
2000.250,4.889867e-05
2000.300,1.910802e-04
2000.350,4.408450e-05
2000.400,2.348600e-05
2000.450,1.776757e-05
2000.500,1.492897e-05
2000.550,1.374207e-05
2000.600,1.309015e-05
2000.650,1.273060e-05
2000.700,1.261105e-05
2000.750,1.282958e-05
2000.800,1.398279e-05
2000.850,2.114643e-05
2000.900,3.741115e-05
2000.950,1.582632e-05
2001.000,1.331179e-05
2001.050,1.283788e-05
2001.100,1.287564e-05
2001.150,1.323812e-05
2001.200,1.456904e-05
2001.250,1.733682e-05
2001.300,1.484946e-05
2001.350,1.523264e-05
2001.400,1.606031e-05
2001.450,1.717193e-05
2001.500,1.859931e-05
2001.550,2.043349e-05
2001.600,2.282424e-05
2001.650,2.601053e-05
2001.700,3.038534e-05
2001.750,3.662881e-05
2001.800,4.600191e-05
2001.850,6.107805e-05
2001.900,8.790633e-05
2001.950,1.409828e-04
2002.000,2.760924e-04
2002.050,8.004078e-04
2002.100,5.741589e-03
2002.150,2.118359e-03
2002.200,4.701756e-04
2002.250,2.021015e-04
2002.300,1.161741e-04
2002.350,7.876300e-05
2002.400,5.955120e-05
2002.450,4.870873e-05
2002.500,4.229376e-05
2002.550,3.848977e-05
2002.600,3.637815e-05
2002.650,3.546817e-05
2002.700,3.549506e-05
2002.750,3.632652e-05
2002.800,3.791822e-05
2002.850,4.029428e-05
2002.900,4.354290e-05
2002.950,4.782413e-05
2003.000,5.339121e-05
2003.050,6.063904e-05
2003.100,7.014535e-05
2003.150,8.273430e-05
2003.200,9.997060e-05
2003.250,1.243007e-04
2003.300,1.602623e-04
2003.350,2.171576e-04
2003.400,3.181190e-04
2003.450,5.494207e-04
2003.500,1.676729e-03
2003.550,1.724185e-03
2003.600,3.946970e-03
2003.650,2.834279e-02
2003.700,1.307615e-02
2003.750,2.636133e-03
2003.800,1.068936e-03
2003.850,5.946259e-04
2003.900,4.298648e-04
2003.950,6.523270e-04
2004.000,6.522882e-04
2004.050,2.234480e-04
2004.100,1.427403e-04
2004.150,1.114012e-04
2004.200,1.026845e-04
2004.250,1.683299e-04
2004.300,2.087638e-04
2004.350,8.155853e-05
2004.400,6.797001e-05
2004.450,1.227156e-04
2004.500,1.334117e-04
2004.550,5.036250e-05
2004.600,3.637576e-05
2004.650,3.068072e-05
2004.700,2.727171e-05
2004.750,2.487538e-05
2004.800,2.308856e-05
2004.850,2.179283e-05
2004.900,2.112861e-05
2004.950,2.228485e-05
2005.000,3.870503e-05
2005.050,2.953608e-05
2005.100,1.902193e-05
2005.150,1.689854e-05
2005.200,1.593127e-05
2005.250,1.531771e-05
2005.300,1.487715e-05
2005.350,1.455035e-05
2005.400,1.431498e-05
2005.450,1.416752e-05
2005.500,1.413139e-05
2005.550,1.434917e-05
2005.600,1.626087e-05
2005.650,1.649157e-05
2005.700,1.456937e-05
2005.750,1.449535e-05
2005.800,1.469789e-05
2005.850,1.503700e-05
2005.900,1.549702e-05
2005.950,1.609084e-05
2006.000,1.685743e-05
2006.050,1.801183e-05
2006.100,1.906047e-05
2006.150,2.037253e-05
2006.200,2.220400e-05
2006.250,2.459955e-05
2006.300,2.777717e-05
2006.350,3.210284e-05
2006.400,3.819843e-05
2006.450,4.718370e-05
2006.500,6.124150e-05
2006.550,8.510212e-05
2006.600,1.306451e-04
2006.650,2.350706e-04
2006.700,5.671500e-04
2006.750,2.725714e-03
2006.800,5.559213e-03
2006.850,8.297413e-04
2006.900,2.982040e-04
2006.950,1.564369e-04
2007.000,9.986200e-05
2007.050,7.214326e-05
2007.100,5.682284e-05
2007.150,4.774256e-05
2007.200,4.219099e-05
2007.250,3.884183e-05
2007.300,3.701833e-05
2007.350,3.647063e-05
2007.400,3.832784e-05
2007.450,3.864607e-05
2007.500,4.005350e-05
2007.550,4.239395e-05
2007.600,4.680410e-05
2007.650,5.393250e-05
2007.700,6.627897e-05
2007.750,9.210027e-05
2007.800,1.709028e-04
2007.850,7.097132e-04
2007.900,7.715244e-04
2007.950,2.130570e-04
2008.000,1.387017e-04
2008.050,1.331762e-04
2008.100,1.489500e-04
2008.150,1.808922e-04
2008.200,2.350263e-04
2008.250,3.245183e-04
2008.300,5.089719e-04
2008.350,8.247651e-04
2008.400,1.955509e-03
2008.450,4.099610e-03
2008.500,2.263283e-02
2008.550,2.172860e-02
2008.600,3.992867e-03
2008.650,1.507365e-03
2008.700,7.446635e-04
2008.750,4.507661e-04
2008.800,3.037191e-04
2008.850,2.194123e-04
2008.900,1.666231e-04
2008.950,1.315053e-04
2009.000,1.073141e-04
2009.050,9.144155e-05
2009.100,9.455089e-05
2009.150,7.754626e-05
2009.200,5.857904e-05
2009.250,5.035153e-05
2009.300,4.452740e-05
2009.350,3.994758e-05
2009.400,3.621616e-05
2009.450,3.312062e-05
2009.500,3.052268e-05
2009.550,2.832429e-05
2009.600,2.645287e-05
2009.650,2.485344e-05
2009.700,2.348420e-05
2009.750,2.231426e-05
2009.800,2.132447e-05
2009.850,2.051744e-05
2009.900,1.998212e-05
2009.950,2.062100e-05
2010.000,2.222789e-05
2010.050,1.860628e-05
2010.100,1.787930e-05
2010.150,1.755564e-05
2010.200,1.769726e-05
2010.250,1.723989e-05
2010.300,1.712004e-05
2010.350,1.715453e-05
2010.400,1.729157e-05
2010.450,1.753102e-05
2010.500,1.788233e-05
2010.550,1.836093e-05
2010.600,1.898889e-05
2010.650,1.979719e-05
2010.700,2.083109e-05
2010.750,2.218063e-05
2010.800,2.382826e-05
2010.850,2.597885e-05
2010.900,2.881837e-05
2010.950,3.262790e-05
2011.000,3.788243e-05
2011.050,4.540660e-05
2011.100,5.676164e-05
2011.150,7.564605e-05
2011.200,1.073825e-04
2011.250,1.675768e-04
2011.300,3.182452e-04
2011.350,8.619098e-04
2011.400,5.395273e-03
2011.450,3.458755e-03
2011.500,6.823316e-04
2011.550,2.786072e-04
2011.600,1.550044e-04
2011.650,1.027555e-04
2011.700,7.646221e-05
2011.750,6.219437e-05
2011.800,5.605048e-05
2011.850,5.978941e-05
2011.900,4.838089e-05
2011.950,4.811679e-05
2012.000,5.276576e-05
2012.050,6.610282e-05
2012.100,1.002276e-04
2012.150,2.443411e-04
2012.200,1.458744e-03
2012.250,3.929403e-04
2012.300,1.267144e-04
2012.350,7.827280e-05
2012.400,6.402765e-05
2012.450,6.021638e-05
2012.500,6.140869e-05
2012.550,6.638950e-05
2012.600,7.603895e-05
2012.650,9.511058e-05
2012.700,1.514718e-04
2012.750,3.480822e-04
2012.800,5.056205e-04
2012.850,9.658968e-04
2012.900,4.169978e-04
2012.950,2.373282e-04
2013.000,2.459413e-04
2013.050,3.056829e-04
2013.100,4.211553e-04
2013.150,6.445539e-04
2013.200,1.133476e-03
2013.250,2.397245e-03
2013.300,8.425973e-03
2013.350,6.240096e-02
2013.400,9.403768e-03
2013.450,2.539540e-03
2013.500,1.144133e-03
2013.550,6.483096e-04
2013.600,4.178505e-04
2013.650,2.924835e-04
2013.700,2.168531e-04
2013.750,1.677617e-04
2013.800,1.341113e-04
2013.850,1.100529e-04
2013.900,9.226760e-05
2013.950,7.875872e-05
2014.000,6.826755e-05
2014.050,5.996983e-05
2014.100,5.331049e-05
2014.150,4.791331e-05
2014.200,4.355053e-05
2014.250,4.030637e-05
2014.300,4.119214e-05
2014.350,3.550160e-05
2014.400,3.195447e-05
2014.450,2.981905e-05
2014.500,2.812557e-05
2014.550,2.675307e-05
2014.600,2.552619e-05
2014.650,2.451828e-05
2014.700,2.369159e-05
2014.750,2.302999e-05
2014.800,2.254941e-05
2014.850,2.240596e-05
2014.900,2.417479e-05
2014.950,2.234376e-05
2015.000,2.167043e-05
2015.050,2.163226e-05
2015.100,2.181237e-05
2015.150,2.217022e-05
2015.200,2.271496e-05
2015.250,2.347425e-05
2015.300,2.449174e-05
2015.350,2.583155e-05
2015.400,2.758826e-05
2015.450,2.990850e-05
2015.500,3.307258e-05
2015.550,3.778835e-05
2015.600,4.306557e-05
2015.650,5.208943e-05
2015.700,7.237358e-05
2015.750,8.424059e-05
2015.800,1.142576e-04
2015.850,1.771063e-04
2015.900,3.268986e-04
2015.950,8.272563e-04
2016.000,4.497798e-03
2016.050,5.047214e-03
2016.100,8.821784e-04
2016.150,3.430672e-04
2016.200,1.897429e-04
2016.250,1.289715e-04
2016.300,1.031929e-04
2016.350,9.860848e-05
2016.400,1.231958e-04
2016.450,2.604690e-04
2016.500,1.460953e-03
2016.550,4.550417e-04
2016.600,1.391555e-04
2016.650,8.136707e-05
2016.700,6.432579e-05
2016.750,6.497888e-05
2016.800,1.197285e-04
2016.850,1.630194e-04
2016.900,6.645651e-05
2016.950,5.778505e-05
2017.000,6.336031e-05
2017.050,8.537252e-05
2017.100,1.908683e-04
2017.150,3.851565e-04
2017.200,9.493435e-04
2017.250,3.956480e-04
2017.300,1.381320e-04
2017.350,1.178997e-04
2017.400,9.630183e-05
2017.450,8.531580e-05
2017.500,8.913335e-05
2017.550,9.823791e-05
2017.600,1.119747e-04
2017.650,1.312663e-04
2017.700,1.581891e-04
2017.750,1.964743e-04
2017.800,2.528537e-04
2017.850,3.402070e-04
2017.900,4.855500e-04
2017.950,7.534870e-04
2018.000,1.331454e-03
2018.050,2.963231e-03
2018.100,1.102667e-02
2018.150,7.018311e-02
2018.200,9.571637e-03
2018.250,2.739483e-03
2018.300,1.262021e-03
2018.350,7.232929e-04
2018.400,4.695598e-04
2018.450,3.299913e-04
2018.500,2.456161e-04
2018.550,1.913028e-04
2018.600,1.595346e-04
2018.650,1.274224e-04
2018.700,1.056482e-04
2018.750,9.007117e-05
2018.800,7.810823e-05
2018.850,6.867941e-05
2018.900,6.111821e-05
2018.950,5.497275e-05
2019.000,4.992395e-05
2019.050,4.574065e-05
2019.100,4.225222e-05
2019.150,3.933109e-05
2019.200,3.688128e-05
2019.250,3.483116e-05
2019.300,3.312998e-05
2019.350,3.174995e-05
2019.400,3.070576e-05
2019.450,3.016795e-05
2019.500,3.154206e-05
2019.550,3.855584e-05
2019.600,2.980324e-05
2019.650,2.888110e-05
2019.700,2.898503e-05
2019.750,2.829605e-05
2019.800,2.864034e-05
2019.850,2.938917e-05
2019.900,3.051876e-05
2019.950,3.209416e-05
2020.000,3.423193e-05
2020.050,3.711276e-05
2020.100,4.101589e-05
2020.150,4.638476e-05
2020.200,5.395381e-05
2020.250,6.500868e-05
2020.300,8.196697e-05
2020.350,1.098257e-04
2020.400,1.603402e-04
2020.450,2.668912e-04
2020.500,5.574890e-04
2020.550,1.889591e-03
2020.600,1.166297e-02
2020.650,2.037452e-03
2020.700,6.960036e-04
2020.750,8.821892e-04
2020.800,1.276858e-03
2020.850,3.471145e-04
2020.900,2.965841e-04
2020.950,1.216979e-04
2021.000,8.326845e-05
2021.050,6.676760e-05
2021.100,5.835487e-05
2021.150,5.522512e-05
2021.200,6.136779e-05
2021.250,8.876935e-05
2021.300,9.505173e-05
2021.350,3.432369e-04
2021.400,1.344248e-04
2021.450,1.017599e-04
2021.500,1.911457e-04
2021.550,1.006386e-03
2021.600,3.348552e-04
2021.650,1.096508e-04
2021.700,6.917450e-05
2021.750,5.745424e-05
2021.800,5.775883e-05
2021.850,9.563628e-05
2021.900,5.828779e-05
2021.950,5.399984e-05
2022.000,5.562492e-05
2022.050,5.912316e-05
2022.100,6.392308e-05
2022.150,7.017150e-05
2022.200,7.815806e-05
2022.250,8.874913e-05
2022.300,1.022375e-04
2022.350,1.172439e-04
2022.400,1.386647e-04
2022.450,1.675589e-04
2022.500,2.073939e-04
2022.550,2.651071e-04
2022.600,3.525840e-04
2022.650,4.941993e-04
2022.700,7.455804e-04
2022.750,1.257195e-03
2022.800,2.559738e-03
2022.850,7.668761e-03
2022.900,5.679455e-02
2022.950,1.978446e-02
2023.000,4.325962e-03
2023.050,1.792936e-03
2023.100,9.733878e-04
2023.150,6.112918e-04
2023.200,4.205897e-04
2023.250,3.083163e-04
2023.300,2.378405e-04
2023.350,1.962606e-04
2023.400,1.551711e-04
2023.450,1.296961e-04
2023.500,1.092854e-04
2023.550,9.419375e-05
2023.600,8.257533e-05
2023.650,7.335327e-05
2023.700,6.592097e-05
2023.750,5.986669e-05
2023.800,5.489727e-05
2023.850,5.079898e-05
2023.900,4.741371e-05
2023.950,4.462361e-05
2024.000,4.234084e-05
2024.050,4.050076e-05
2024.100,3.905740e-05
2024.150,3.798062e-05
2024.200,3.725469e-05
2024.250,3.687816e-05
2024.300,3.686498e-05
2024.350,3.724745e-05
2024.400,3.808149e-05
2024.450,3.945577e-05
2024.500,4.150716e-05
2024.550,4.444768e-05
2024.600,4.861373e-05
2024.650,5.456196e-05
2024.700,6.327564e-05
2024.750,7.667989e-05
2024.800,9.929845e-05
2024.850,1.469500e-04
2024.900,3.391126e-04
2024.950,4.013751e-04
2025.000,1.233112e-03
2025.050,1.514435e-03
2025.100,2.783070e-03
2025.150,1.177113e-02
2025.200,1.788180e-03
2025.250,5.809179e-04
2025.300,2.871900e-04
2025.350,1.789332e-04
2025.400,1.296380e-04
2025.450,1.096484e-04
2025.500,1.320140e-04
2025.550,3.992190e-04
2025.600,1.255732e-04
2025.650,7.638411e-05
2025.700,7.026624e-05
2025.750,8.266963e-05
2025.800,1.428127e-04
2025.850,5.893356e-04
2025.900,6.080017e-04
2025.950,1.405902e-04
2026.000,7.350280e-05
2026.050,5.385136e-05
2026.100,4.586403e-05
2026.150,4.233886e-05
2026.200,4.150594e-05
2026.250,4.544801e-05
2026.300,8.538286e-05
2026.350,4.940139e-05
2026.400,4.265266e-05
2026.450,4.274635e-05
2026.500,4.367154e-05
2026.550,4.555327e-05
2026.600,4.808033e-05
2026.650,5.121749e-05
2026.700,5.502695e-05
2026.750,5.962203e-05
2026.800,6.516664e-05
2026.850,7.188839e-05
2026.900,8.010465e-05
2026.950,9.027218e-05
2027.000,1.031082e-04
2027.050,1.201358e-04
2027.100,1.490541e-04
2027.150,1.715812e-04
2027.200,2.035963e-04
2027.250,2.535918e-04
2027.300,3.277639e-04
2027.350,4.425517e-04
2027.400,6.330354e-04
2027.450,9.825149e-04
2027.500,1.735310e-03
2027.550,3.851790e-03
2027.600,1.418179e-02
2027.650,8.812277e-02
2027.700,1.262036e-02
2027.750,3.609820e-03
2027.800,1.660902e-03
2027.850,9.509924e-04
2027.900,6.167628e-04
2027.950,4.335856e-04
2028.000,3.225881e-04
2028.050,2.503648e-04
2028.100,2.008162e-04
2028.150,1.654134e-04
2028.200,1.392985e-04
2028.250,1.195428e-04
2028.300,1.042979e-04
2028.350,9.235395e-05
2028.400,8.289625e-05
2028.450,7.536565e-05
2028.500,6.937638e-05
2028.550,6.466868e-05
2028.600,6.108644e-05
2028.650,5.858177e-05
2028.700,5.727246e-05
2028.750,5.767355e-05
2028.800,6.179426e-05
2028.850,8.167474e-05
2028.900,2.319126e-04
2028.950,1.018370e-04
2029.000,7.677750e-05
2029.050,8.359722e-05
2029.100,1.111393e-04
2029.150,2.091109e-04
2029.200,6.534982e-04
2029.250,1.455520e-03
2029.300,2.998537e-04
2029.350,1.739282e-04
2029.400,1.666391e-04
2029.450,2.077113e-04
2029.500,3.184645e-04
2029.550,6.297693e-04
2029.600,1.980682e-03
2029.650,1.279950e-02
2029.700,2.978641e-03
2029.750,8.572577e-04
2029.800,3.685169e-04
2029.850,2.158109e-04
2029.900,1.495300e-04
2029.950,1.178329e-04
2030.000,1.066257e-04
2030.050,1.207593e-04
2030.100,2.277845e-04
2030.150,1.147941e-03
2030.200,3.330402e-04
2030.250,1.146950e-04
2030.300,7.073301e-05
2030.350,5.460801e-05
2030.400,4.694621e-05
2030.450,4.230704e-05
2030.500,3.951585e-05
2030.550,3.798441e-05
2030.600,3.756559e-05
2030.650,3.933937e-05
2030.700,5.544788e-05
2030.750,6.480373e-05
2030.800,4.118923e-05
2030.850,4.318066e-05
2030.900,3.948628e-05
2030.950,3.835780e-05
2031.000,3.902412e-05
2031.050,4.026038e-05
2031.100,4.189559e-05
2031.150,4.392524e-05
2031.200,4.644965e-05
2031.250,5.007987e-05
2031.300,5.762210e-05
2031.350,5.776426e-05
2031.400,6.090504e-05
2031.450,6.599161e-05
2031.500,7.226468e-05
2031.550,7.985795e-05
2031.600,8.908472e-05
2031.650,1.004040e-04
2031.700,1.144671e-04
2031.750,1.322107e-04
2031.800,1.550153e-04
2031.850,1.849811e-04
2031.900,2.254281e-04
2031.950,2.818548e-04
2032.000,3.639054e-04
2032.050,4.897682e-04
2032.100,6.971491e-04
2032.150,1.074967e-03
2032.200,1.876006e-03
2032.250,4.068580e-03
2032.300,1.412798e-02
2032.350,9.728144e-02
2032.400,1.618605e-02
2032.450,4.390621e-03
2032.500,1.977023e-03
2032.550,1.120004e-03
2032.600,7.225275e-04
2032.650,5.072336e-04
2032.700,3.787001e-04
2032.750,2.981305e-04
2032.800,2.531417e-04
2032.850,3.040677e-04
2032.900,2.332638e-04
2032.950,1.572656e-04
2033.000,1.336703e-04
2033.050,1.275501e-04
2033.100,1.280179e-04
2033.150,1.062758e-04
2033.200,1.039475e-04
2033.250,1.126104e-04
2033.300,1.455500e-04
2033.350,2.815649e-04
2033.400,1.389231e-03
2033.450,7.135981e-04
2033.500,2.052017e-04
2033.550,1.226146e-04
2033.600,9.877546e-05
2033.650,9.240332e-05
2033.700,9.579430e-05
2033.750,1.113233e-04
2033.800,1.683666e-04
2033.850,4.822091e-04
2033.900,2.338577e-04
2033.950,2.664587e-04
2034.000,4.391270e-04
2034.050,1.007136e-03
2034.100,4.455581e-03
2034.150,9.796022e-03
2034.200,1.574615e-03
2034.250,5.827838e-04
2034.300,3.443658e-04
2034.350,3.576157e-04
2034.400,1.250426e-03
2034.450,3.865743e-04
2034.500,1.536654e-04
2034.550,1.018394e-04
2034.600,7.768920e-05
2034.650,6.326160e-05
2034.700,5.481279e-05
2034.750,4.913777e-05
2034.800,4.511559e-05
2034.850,4.220787e-05
2034.900,4.013947e-05
2034.950,3.882446e-05
2035.000,3.850118e-05
2035.050,4.092904e-05
2035.100,6.582881e-05
2035.150,5.746737e-05
2035.200,3.887422e-05
2035.250,3.615736e-05
2035.300,3.554302e-05
2035.350,3.562958e-05
2035.400,3.625443e-05
2035.450,3.859956e-05
2035.500,4.143827e-05
2035.550,3.888270e-05
2035.600,3.965954e-05
2035.650,4.099578e-05
2035.700,4.265582e-05
2035.750,4.461934e-05
2035.800,4.690855e-05
2035.850,4.956417e-05
2035.900,5.264170e-05
2035.950,5.621272e-05
2036.000,6.036842e-05
2036.050,6.522519e-05
2036.100,7.093266e-05
2036.150,7.768519e-05
2036.200,8.573847e-05
2036.250,9.543404e-05
2036.300,1.072361e-04
2036.350,1.217883e-04
2036.400,1.400065e-04
2036.450,1.632454e-04
2036.500,1.935696e-04
2036.550,2.337096e-04
2036.600,2.892363e-04
2036.650,3.692119e-04
2036.700,4.904916e-04
2036.750,6.973050e-04
2036.800,1.154297e-03
2036.850,1.649141e-03
2036.900,3.132138e-03
2036.950,8.328739e-03
2037.000,4.812008e-02
2037.050,4.573889e-02
2037.100,8.089194e-03
2037.150,3.073339e-03
2037.200,1.603604e-03
2037.250,9.883983e-04
2037.300,6.772043e-04
2037.350,5.026511e-04
2037.400,4.035591e-04
2037.450,3.652217e-04
2037.500,4.519524e-04
2037.550,1.520834e-03
2037.600,8.495344e-04
2037.650,2.945021e-04
2037.700,1.914877e-04
2037.750,1.524804e-04
2037.800,1.338089e-04
2037.850,1.290564e-04
2037.900,1.595878e-04
2037.950,4.450853e-04
2038.000,1.673586e-04
2038.050,1.121111e-04
2038.100,1.026282e-04
2038.150,1.036728e-04
2038.200,1.112651e-04
2038.250,1.276588e-04
2038.300,1.513638e-04
2038.350,1.975736e-04
2038.400,2.897421e-04
2038.450,5.043523e-04
2038.500,1.187013e-03
2038.550,5.439107e-03
2038.600,9.852490e-03
2038.650,2.123370e-03
2038.700,6.824920e-04
2038.750,3.451208e-04
2038.800,2.148644e-04
2038.850,1.509267e-04
2038.900,1.148202e-04
2038.950,9.279036e-05
2039.000,7.740661e-05
2039.050,6.689747e-05
2039.100,5.933766e-05
2039.150,5.373257e-05
2039.200,4.951137e-05
2039.250,4.633854e-05
2039.300,4.406076e-05
2039.350,4.279886e-05
2039.400,4.372282e-05
2039.450,5.810791e-05
2039.500,7.629607e-05
2039.550,4.326837e-05
2039.600,4.151854e-05
2039.650,3.928146e-05
2039.700,3.647201e-05
2039.750,3.601232e-05
2039.800,3.589514e-05
2039.850,3.595675e-05
2039.900,3.629164e-05
2039.950,3.681099e-05
2040.000,3.750225e-05
2040.050,3.836852e-05
2040.100,3.942539e-05
2040.150,4.072949e-05
2040.200,4.241074e-05
2040.250,4.385861e-05
2040.300,4.575142e-05
2040.350,4.802301e-05
2040.400,5.071201e-05
2040.450,5.393951e-05
2040.500,5.795531e-05
2040.550,6.337891e-05
2040.600,7.237245e-05
2040.650,9.825829e-05
2040.700,2.289183e-04
2040.750,1.150238e-04
2040.800,1.124694e-04
2040.850,1.128566e-04
2040.900,1.139806e-04
2040.950,1.256266e-04
2041.000,1.418445e-04
2041.050,1.628217e-04
2041.100,1.899100e-04
2041.150,2.254135e-04
2041.200,2.730294e-04
2041.250,3.388397e-04
2041.300,4.333505e-04
2041.350,5.759534e-04
2041.400,8.056929e-04
2041.450,1.210975e-03
2041.500,2.028341e-03
2041.550,4.076961e-03
2041.600,1.183480e-02
2041.650,8.000600e-02
2041.700,3.575495e-02
2041.750,7.577987e-03
2041.800,3.088508e-03
2041.850,1.667541e-03
2041.900,1.051720e-03
2041.950,7.443203e-04
2042.000,6.818044e-04
2042.050,5.855075e-04
2042.100,3.538735e-04
2042.150,2.764779e-04
2042.200,2.292857e-04
2042.250,1.966675e-04
2042.300,1.731589e-04
2042.350,1.561547e-04
2042.400,1.442649e-04
2042.450,1.368230e-04
2042.500,1.337639e-04
2042.550,1.357505e-04
2042.600,1.447186e-04
2042.650,1.656856e-04
2042.700,2.143552e-04
2042.750,3.708989e-04
2042.800,1.376620e-03
2042.850,7.234286e-04
2042.900,9.746267e-04
2042.950,3.219708e-03
2043.000,1.525726e-02
2043.050,2.538029e-03
2043.100,7.925184e-04
2043.150,3.912026e-04
2043.200,2.407837e-04
2043.250,1.684133e-04
2043.300,1.279499e-04
2043.350,1.029476e-04
2043.400,8.636789e-05
2043.450,7.479368e-05
2043.500,6.641143e-05
2043.550,6.020554e-05
2043.600,5.562665e-05
2043.650,5.257565e-05
2043.700,5.278722e-05
2043.750,5.642119e-05
2043.800,9.128604e-05
2043.850,5.992643e-05
2043.900,4.466929e-05
2043.950,4.118249e-05
2044.000,3.957837e-05
2044.050,3.863461e-05
2044.100,3.805615e-05
2044.150,3.774448e-05
2044.200,3.766703e-05
2044.250,3.782841e-05
2044.300,3.827455e-05
2044.350,3.913135e-05
2044.400,4.074273e-05
2044.450,4.425686e-05
2044.500,5.540359e-05
2044.550,1.287784e-04
2044.600,1.032919e-04
2044.650,7.357254e-05
2044.700,5.130166e-05
2044.750,4.795671e-05
2044.800,4.800731e-05
2044.850,4.916045e-05
2044.900,5.092497e-05
2044.950,5.316304e-05
2045.000,5.584818e-05
2045.050,5.900387e-05
2045.100,6.268559e-05
2045.150,6.697754e-05
2045.200,7.199802e-05
2045.250,7.792177e-05
2045.300,8.506691e-05
2045.350,9.329026e-05
2045.400,1.033798e-04
2045.450,1.159759e-04
2045.500,1.321152e-04
2045.550,1.538094e-04
2045.600,1.855577e-04
2045.650,2.404682e-04
2045.700,3.774943e-04
2045.750,1.162050e-03
2045.800,1.295963e-03
2045.850,5.430098e-04
2045.900,5.269758e-04
2045.950,6.436865e-04
2046.000,8.819215e-04
2046.050,1.453699e-03
2046.100,2.129560e-03
2046.150,3.864616e-03
2046.200,1.011971e-02
2046.250,5.650117e-02
2046.300,5.749160e-02
2046.350,1.020734e-02
2046.400,3.861446e-03
2046.450,2.008579e-03
2046.500,1.233622e-03
2046.550,8.391110e-04
2046.600,6.128214e-04
2046.650,4.725425e-04
2046.700,3.814880e-04
2046.750,3.221056e-04
2046.800,2.874958e-04
2046.850,2.837133e-04
2046.900,3.774154e-04
2046.950,1.269971e-03
2047.000,4.797108e-04
2047.050,2.688376e-04
2047.100,2.465334e-04
2047.150,2.759916e-04
2047.200,3.641316e-04
2047.250,5.940742e-04
2047.300,1.370228e-03
2047.350,6.517335e-03
2047.400,9.228732e-03
2047.450,1.642172e-03
2047.500,6.347620e-04
2047.550,3.477496e-04
2047.600,2.281698e-04
2047.650,1.668482e-04
2047.700,1.310974e-04
2047.750,1.088024e-04
2047.800,9.818804e-05
2047.850,8.238446e-05
2047.900,7.322148e-05
2047.950,6.710988e-05
2048.000,6.336884e-05
2048.050,6.463640e-05
2048.100,1.043921e-04
2048.150,6.948690e-05
2048.200,5.398563e-05
2048.250,5.111436e-05
2048.300,5.258737e-05
2048.350,6.635384e-05
2048.400,1.626042e-04
2048.450,8.558535e-05
2048.500,5.150266e-05
2048.550,4.461211e-05
2048.600,4.211189e-05
2048.650,4.092789e-05
2048.700,4.033478e-05
2048.750,4.010245e-05
2048.800,4.021659e-05
2048.850,4.068889e-05
2048.900,4.068823e-05
2048.950,4.116983e-05
2049.000,4.195813e-05
2049.050,4.343509e-05
2049.100,4.454013e-05
2049.150,4.511976e-05
2049.200,4.648081e-05
2049.250,4.821261e-05
2049.300,5.030590e-05
2049.350,5.283937e-05
2049.400,5.605079e-05
2049.450,5.981362e-05
2049.500,6.454859e-05
2049.550,7.109520e-05
2049.600,8.066626e-05
2049.650,9.644647e-05
2049.700,1.281769e-04
2049.750,2.185493e-04
2049.800,7.336372e-04
2049.850,1.478906e-03
2049.900,3.225901e-04
2049.950,1.891907e-04
2050.000,1.766564e-04
2050.050,2.815517e-04
2050.100,3.531448e-04
2050.150,1.998975e-04
2050.200,1.970027e-04
2050.250,2.168080e-04
2050.300,2.480826e-04
2050.350,2.922220e-04
2050.400,3.532748e-04
2050.450,4.392701e-04
2050.500,5.647591e-04
2050.550,7.574533e-04
2050.600,1.074324e-03
2050.650,1.648654e-03
2050.700,2.860083e-03
2050.750,6.139258e-03
2050.800,2.073839e-02
2050.850,1.345141e-01
2050.900,2.557610e-02
2050.950,6.947093e-03
2051.000,3.206766e-03
2051.050,2.310775e-03
2051.100,1.692168e-03
2051.150,9.089134e-04
2051.200,6.457252e-04
2051.250,5.017298e-04
2051.300,4.130814e-04
2051.350,3.582346e-04
2051.400,3.286446e-04
2051.450,3.232137e-04
2051.500,3.493891e-04
2051.550,4.332329e-04
2051.600,6.636126e-04
2051.650,1.458693e-03
2051.700,6.753963e-03
2051.750,9.632965e-03
2051.800,1.735939e-03
2051.850,6.898411e-04
2051.900,3.841554e-04
2051.950,2.571580e-04
2052.000,1.918605e-04
2052.050,1.541029e-04
2052.100,1.322153e-04
2052.150,1.287220e-04
2052.200,1.943680e-04
2052.250,1.217712e-04
2052.300,9.146689e-05
2052.350,1.005511e-04
2052.400,1.078624e-04
2052.450,6.981234e-05
2052.500,6.171321e-05
2052.550,5.777123e-05
2052.600,5.621443e-05
2052.650,5.319372e-05
2052.700,5.004094e-05
2052.750,4.819192e-05
2052.800,4.678564e-05
2052.850,4.566597e-05
2052.900,4.477798e-05
2052.950,4.409351e-05
2053.000,4.359623e-05
2053.050,4.327736e-05
2053.100,4.313420e-05
2053.150,4.317002e-05
2053.200,4.339487e-05
2053.250,4.382741e-05
2053.300,4.449836e-05
2053.350,4.545661e-05
2053.400,4.678041e-05
2053.450,4.859878e-05
2053.500,5.113579e-05
2053.550,5.481802e-05
2053.600,6.050102e-05
2053.650,6.978433e-05
2053.700,8.797644e-05
2053.750,1.327753e-04
2053.800,3.050036e-04
2053.850,1.670902e-03
2053.900,5.881682e-04
2053.950,1.974847e-04
2054.000,1.579103e-04
2054.050,3.757556e-04
2054.100,1.675774e-04
2054.150,1.005598e-04
2054.200,8.890091e-05
2054.250,8.715680e-05
2054.300,8.904975e-05
2054.350,9.306968e-05
2054.400,9.875323e-05
2054.450,1.060192e-04
2054.500,1.149851e-04
2054.550,1.259136e-04
2054.600,1.392138e-04
2054.650,1.554745e-04
2054.700,1.755304e-04
2054.750,2.005748e-04
2054.800,2.323501e-04
2054.850,2.734802e-04
2054.900,3.280876e-04
2054.950,4.030513e-04
2055.000,5.109985e-04
2055.050,6.797794e-04
2055.100,1.005467e-03
2055.150,2.166804e-03
2055.200,2.147016e-03
2055.250,3.358315e-03
2055.300,7.249865e-03
2055.350,2.570654e-02
2055.400,1.457607e-01
2055.450,2.443637e-02
2055.500,7.035352e-03
2055.550,3.252105e-03
2055.600,1.882117e-03
2055.650,1.246240e-03
2055.700,9.098007e-04
2055.750,7.228991e-04
2055.800,6.314616e-04
2055.850,6.266788e-04
2055.900,7.496079e-04
2055.950,1.240496e-03
2056.000,3.750092e-03
2056.050,1.704554e-02
2056.100,2.953480e-03
2056.150,9.841546e-04
2056.200,5.203237e-04
2056.250,3.415231e-04
2056.300,2.519628e-04
2056.350,1.995044e-04
2056.400,1.655268e-04
2056.450,1.421029e-04
2056.500,1.257620e-04
2056.550,1.170733e-04
2056.600,1.446827e-04
2056.650,1.133353e-04
2056.700,8.832396e-05
2056.750,7.951632e-05
2056.800,7.365673e-05
2056.850,6.908263e-05
2056.900,6.532825e-05
2056.950,6.218696e-05
2057.000,5.954109e-05
2057.050,5.731497e-05
2057.100,5.545814e-05
2057.150,5.393889e-05
2057.200,5.274405e-05
2057.250,5.189101e-05
2057.300,5.151853e-05
2057.350,5.246827e-05
2057.400,5.164074e-05
2057.450,5.199270e-05
2057.500,5.338560e-05
2057.550,5.600542e-05
2057.600,6.074527e-05
2057.650,6.934441e-05
2057.700,8.730078e-05
2057.750,1.344697e-04
2057.800,3.287515e-04
2057.850,1.776286e-03
2057.900,4.981534e-04
2057.950,2.048772e-04
2058.000,3.735145e-04
2058.050,1.529009e-04
2058.100,8.506237e-05
2058.150,6.931525e-05
2058.200,6.340908e-05
2058.250,6.097335e-05
2058.300,6.023173e-05
2058.350,6.051033e-05
2058.400,6.151014e-05
2058.450,6.309136e-05
2058.500,6.519429e-05
2058.550,6.780657e-05
2058.600,7.094937e-05
2058.650,7.467337e-05
2058.700,7.906427e-05
2058.750,8.429287e-05
2058.800,9.063929e-05
2058.850,9.758654e-05
2058.900,1.063713e-04
2058.950,1.174099e-04
2059.000,1.320010e-04
2059.050,1.533984e-04
2059.100,1.925731e-04
2059.150,3.113190e-04
2059.200,1.069514e-03
2059.250,4.650377e-04
2059.300,3.048035e-04
2059.350,3.077068e-04
2059.400,3.475719e-04
2059.450,4.123306e-04
2059.500,5.068815e-04
2059.550,6.462999e-04
2059.600,8.651997e-04
2059.650,1.201226e-03
2059.700,1.822189e-03
2059.750,3.031602e-03
2059.800,6.067286e-03
2059.850,1.782099e-02
2059.900,1.156187e-01
2059.950,4.489286e-02
2060.000,1.028238e-02
2060.050,4.366097e-03
2060.100,2.481906e-03
2060.150,1.730317e-03
2060.200,1.526219e-03
2060.250,2.054995e-03
2060.300,6.895362e-03
2060.350,1.128848e-02
2060.400,2.170965e-03
2060.450,9.448535e-04
2060.500,5.774786e-04
2060.550,4.115417e-04
2060.600,3.185371e-04
2060.650,2.597057e-04
2060.700,2.209855e-04
2060.750,1.932571e-04
2060.800,2.009978e-04
2060.850,1.732759e-04
2060.900,1.357653e-04
2060.950,1.203477e-04
2061.000,1.094015e-04
2061.050,1.007346e-04
2061.100,9.352023e-05
2061.150,8.751562e-05
2061.200,8.252604e-05
2061.250,7.846276e-05
2061.300,7.501851e-05
2061.350,7.233913e-05
2061.400,7.047171e-05
2061.450,6.951770e-05
2061.500,6.976676e-05
2061.550,7.185518e-05
2061.600,7.724714e-05
2061.650,8.979223e-05
2061.700,1.222331e-04
2061.750,2.379462e-04
2061.800,1.068628e-03
2061.850,8.087585e-04
2061.900,3.371083e-04
2061.950,2.531002e-04
2062.000,1.066413e-04
2062.050,7.685072e-05
2062.100,6.529184e-05
2062.150,5.944727e-05
2062.200,5.612032e-05
2062.250,5.413940e-05
2062.300,5.298182e-05
2062.350,5.238492e-05
2062.400,5.220733e-05
2062.450,5.237209e-05
2062.500,5.284407e-05
2062.550,5.363887e-05
2062.600,5.502342e-05
2062.650,5.720120e-05
2062.700,5.758190e-05
2062.750,5.932154e-05
2062.800,6.161025e-05
2062.850,6.447027e-05
2062.900,6.810751e-05
2062.950,7.298704e-05
2063.000,8.046063e-05
2063.050,9.674678e-05
2063.100,1.122838e-04
2063.150,1.716062e-04
2063.200,5.521788e-04
2063.250,5.302682e-04
2063.300,1.875124e-04
2063.350,1.421602e-04
2063.400,1.473484e-04
2063.450,1.613653e-04
2063.500,1.471942e-04
2063.550,1.548573e-04
2063.600,1.689007e-04
2063.650,1.875370e-04
2063.700,2.112550e-04
2063.750,2.421167e-04
2063.800,2.814811e-04
2063.850,3.272099e-04
2063.900,3.907652e-04
2063.950,4.772950e-04
2064.000,5.997240e-04
2064.050,7.740257e-04
2064.100,1.044171e-03
2064.150,1.492335e-03
2064.200,2.316323e-03
2064.250,4.091856e-03
2064.300,9.108180e-03
2064.350,3.363534e-02
2064.400,1.576858e-01
2064.450,2.593293e-02
2064.500,8.969102e-03
2064.550,9.538901e-03
2064.600,1.375163e-02
2064.650,3.262987e-03
2064.700,1.622881e-03
2064.750,1.043059e-03
2064.800,7.486111e-04
2064.850,5.722986e-04
2064.900,4.574205e-04
2064.950,3.860261e-04
2065.000,3.766851e-04
2065.050,2.758255e-04
2065.100,2.332139e-04
2065.150,2.036772e-04
2065.200,1.807887e-04
2065.250,1.625415e-04
2065.300,1.478777e-04
2065.350,1.361724e-04
2065.400,1.271126e-04
2065.450,1.207195e-04
2065.500,1.175487e-04
2065.550,1.193529e-04
2065.600,1.314496e-04
2065.650,1.738724e-04
2065.700,3.688193e-04
2065.750,1.667867e-03
2065.800,6.422766e-04
2065.850,2.438161e-04
2065.900,1.281597e-04
2065.950,9.568098e-05
2066.000,8.250042e-05
2066.050,7.271898e-05
2066.100,6.695985e-05
2066.150,6.308797e-05
2066.200,6.025603e-05
2066.250,5.811917e-05
2066.300,5.651227e-05
2066.350,5.540440e-05
2066.400,5.512862e-05
2066.450,5.932381e-05
2066.500,5.681076e-05
2066.550,5.331936e-05
2066.600,5.270322e-05
2066.650,5.268042e-05
2066.700,5.299528e-05
2066.750,5.362367e-05
2066.800,5.461292e-05
2066.850,5.607703e-05
2066.900,5.824722e-05
2066.950,6.162241e-05
2067.000,6.745730e-05
2067.050,7.993546e-05
2067.100,1.165619e-04
2067.150,2.003906e-04
2067.200,7.840891e-04
2067.250,2.640120e-04
2067.300,1.208930e-04
2067.350,9.119756e-05
2067.400,8.310057e-05
2067.450,8.134010e-05
2067.500,8.232676e-05
2067.550,8.491207e-05
2067.600,8.872878e-05
2067.650,9.405103e-05
2067.700,1.027443e-04
2067.750,1.063177e-04
2067.800,1.136067e-04
2067.850,1.229019e-04
2067.900,1.336812e-04
2067.950,1.463682e-04
2068.000,1.616503e-04
2068.050,1.800296e-04
2068.100,2.023348e-04
2068.150,2.297236e-04
2068.200,2.638279e-04
2068.250,3.070007e-04
2068.300,3.627334e-04
2068.350,4.363897e-04
2068.400,5.365061e-04
2068.450,6.773975e-04
2068.500,8.847333e-04
2068.550,1.207907e-03
2068.600,1.752713e-03
2068.650,2.781288e-03
2068.700,5.105883e-03
2068.750,1.248022e-02
2068.800,5.251349e-02
2068.850,1.690998e-01
2068.900,2.775593e-02
2068.950,8.534900e-03
2069.000,4.041573e-03
2069.050,2.351997e-03
2069.100,1.556069e-03
2069.150,1.136256e-03
2069.200,8.181466e-04
2069.250,6.331892e-04
2069.300,5.091381e-04
2069.350,4.226733e-04
2069.400,3.587108e-04
2069.450,3.157890e-04
2069.500,2.933988e-04
2069.550,3.078323e-04
2069.600,4.724535e-04
2069.650,1.711798e-03
2069.700,5.853443e-04
2069.750,2.554628e-04
2069.800,1.813052e-04
2069.850,1.574698e-04
2069.900,1.295310e-04
2069.950,1.148808e-04
2070.000,1.046157e-04
2070.050,9.659264e-05
2070.100,9.004323e-05
2070.150,8.456807e-05
2070.200,7.992538e-05
2070.250,7.595704e-05
2070.300,7.255798e-05
2070.350,6.966953e-05
2070.400,6.731744e-05
2070.450,6.593195e-05
2070.500,6.722580e-05
2070.550,6.432318e-05
2070.600,6.062077e-05
2070.650,5.921704e-05
2070.700,5.839454e-05
2070.750,5.799925e-05
2070.800,5.814608e-05
2070.850,5.899535e-05
2070.900,6.035184e-05
2070.950,6.379193e-05
2071.000,7.153410e-05
2071.050,9.252655e-05
2071.100,1.798314e-04
2071.150,6.776609e-04
2071.200,2.171126e-04
2071.250,1.002933e-04
2071.300,7.560903e-05
2071.350,6.741734e-05
2071.400,6.427066e-05
2071.450,6.326903e-05
2071.500,6.351882e-05
2071.550,6.550510e-05
2071.600,6.721465e-05
2071.650,6.724702e-05
2071.700,6.906960e-05
2071.750,7.147206e-05
2071.800,7.433406e-05
2071.850,7.766204e-05
2071.900,8.149978e-05
2071.950,8.592949e-05
2072.000,9.108061e-05
2072.050,9.675522e-05
2072.100,1.033972e-04
2072.150,1.111037e-04
2072.200,1.200668e-04
2072.250,1.305518e-04
2072.300,1.429074e-04
2072.350,1.575957e-04
2072.400,1.752402e-04
2072.450,1.967012e-04
2072.500,2.232023e-04
2072.550,2.565650e-04
2072.600,2.998812e-04
2072.650,3.577155e-04
2072.700,4.339971e-04
2072.750,5.473686e-04
2072.800,7.281123e-04
2072.850,1.062968e-03
2072.900,1.897408e-03
2072.950,5.937225e-03
2073.000,1.458868e-02
2073.050,4.192870e-03
2073.100,4.252236e-03
2073.150,7.547679e-03
2073.200,2.143943e-02
2073.250,1.354221e-01
2073.300,5.271630e-02
2073.350,1.219062e-02
2073.400,5.167546e-03
2073.450,2.980984e-03
2073.500,2.576454e-03
2073.550,1.884408e-03
2073.600,1.029589e-03
2073.650,7.363219e-04
2073.700,5.696050e-04
2073.750,4.612319e-04
2073.800,3.788307e-04
2073.850,3.191723e-04
2073.900,2.737964e-04
2073.950,2.384010e-04
2074.000,2.107671e-04
2074.050,1.921062e-04
2074.100,1.702889e-04
2074.150,1.524880e-04
2074.200,1.390259e-04
2074.250,1.283144e-04
2074.300,1.211923e-04
2074.350,1.250831e-04
2074.400,1.095881e-04
2074.450,9.788425e-05
2074.500,9.137548e-05
2074.550,8.640454e-05
2074.600,8.233340e-05
2074.650,7.898302e-05
2074.700,7.631157e-05
2074.750,7.437578e-05
2074.800,7.338190e-05
2074.850,7.387079e-05
2074.900,7.734164e-05
2074.950,8.890101e-05
2075.000,1.342372e-04
2075.050,4.247867e-04
2075.100,2.767331e-04
2075.150,1.094576e-04
2075.200,7.817472e-05
2075.250,6.775607e-05
2075.300,6.308553e-05
2075.350,6.077466e-05
2075.400,6.049241e-05
2075.450,5.984691e-05
2075.500,5.838783e-05
2075.550,5.817742e-05
2075.600,5.832317e-05
2075.650,5.871387e-05
2075.700,5.940840e-05
2075.750,6.035344e-05
2075.800,6.157386e-05
2075.850,6.327344e-05
2075.900,6.707049e-05
2075.950,6.691888e-05
2076.000,6.871649e-05
2076.050,7.116126e-05
2076.100,7.402943e-05
2076.150,7.733369e-05
2076.200,8.112829e-05
2076.250,8.549188e-05
2076.300,9.053271e-05
2076.350,9.641213e-05
2076.400,1.034410e-04
2076.450,1.127906e-04
2076.500,1.329430e-04
2076.550,1.336708e-04
2076.600,1.445473e-04
2076.650,1.603899e-04
2076.700,1.801197e-04
2076.750,2.056961e-04
2076.800,2.399338e-04
2076.850,2.879844e-04
2076.900,3.610770e-04
2076.950,4.833581e-04
2077.000,7.241894e-04
2077.050,1.390365e-03
2077.100,4.825423e-03
2077.150,1.393763e-02
2077.200,2.720406e-03
2077.250,1.488642e-03
2077.300,1.473372e-03
2077.350,2.244994e-03
2077.400,2.111539e-03
2077.450,2.696801e-03
2077.500,4.533193e-03
2077.550,9.822550e-03
2077.600,3.476911e-02
2077.650,1.838660e-01
2077.700,3.196008e-02
2077.750,9.319727e-03
2077.800,4.306831e-03
2077.850,2.473159e-03
2077.900,1.616867e-03
2077.950,1.160840e-03
2078.000,8.450420e-04
2078.050,6.511414e-04
2078.100,5.198133e-04
2078.150,4.260219e-04
2078.200,3.565970e-04
2078.250,3.037614e-04
2078.300,2.626362e-04
2078.350,2.300278e-04
2078.400,2.037748e-04
2078.450,1.823766e-04
2078.500,1.647730e-04
2078.550,1.502121e-04
2078.600,1.381761e-04
2078.650,1.283559e-04
2078.700,1.206961e-04
2078.750,1.156135e-04
2078.800,1.148536e-04
2078.850,1.257260e-04
2078.900,1.943348e-04
2078.950,4.510616e-04
2079.000,1.680157e-04
2079.050,1.052725e-04
2079.100,8.841986e-05
2079.150,8.140005e-05
2079.200,7.508868e-05
2079.250,7.241840e-05
2079.300,6.828500e-05
2079.350,6.588218e-05
2079.400,6.409402e-05
2079.450,6.269658e-05
2079.500,6.169865e-05
2079.550,6.096098e-05
2079.600,6.016564e-05
2079.650,5.988538e-05
2079.700,6.029124e-05
2079.750,6.442718e-05
2079.800,6.880259e-05
2079.850,6.105274e-05
2079.900,6.047663e-05
2079.950,6.088746e-05
2080.000,6.178145e-05
2080.050,6.372624e-05
2080.100,6.671464e-05
2080.150,6.575731e-05
2080.200,6.725063e-05
2080.250,6.928504e-05
2080.300,7.172027e-05
2080.350,7.457384e-05
2080.400,7.790086e-05
2080.450,8.178104e-05
2080.500,8.632159e-05
2080.550,9.166627e-05
2080.600,9.801126e-05
2080.650,1.056322e-04
2080.700,1.149463e-04
2080.750,1.264911e-04
2080.800,1.412082e-04
2080.850,1.607661e-04
2080.900,1.882405e-04
2080.950,2.310485e-04
2081.000,3.184175e-04
2081.050,4.768056e-04
2081.100,6.491957e-04
2081.150,1.496904e-03
2081.200,2.842612e-03
2081.250,1.419702e-02
2081.300,4.046976e-03
2081.350,1.298404e-03
2081.400,7.673949e-04
2081.450,6.295856e-04
2081.500,6.298426e-04
2081.550,6.388942e-04
2081.600,7.356609e-04
2081.650,9.074846e-04
2081.700,1.189249e-03
2081.750,1.666669e-03
2081.800,2.547447e-03
2081.850,4.425127e-03
2081.900,9.568280e-03
2081.950,3.281981e-02
2082.000,1.885647e-01
2082.050,3.566192e-02
2082.100,1.002437e-02
2082.150,4.555780e-03
2082.200,2.588955e-03
2082.250,1.670298e-03
2082.300,1.170024e-03
2082.350,8.684836e-04
2082.400,6.701652e-04
2082.450,5.354259e-04
2082.500,4.391201e-04
2082.550,3.686465e-04
2082.600,3.164431e-04
2082.650,2.788905e-04
2082.700,2.586640e-04
2082.750,2.928660e-04
2082.800,4.086329e-04
2082.850,2.191863e-04
2082.900,1.698210e-04
2082.950,1.487903e-04
2083.000,1.409547e-04
2083.050,1.299183e-04
2083.100,1.141919e-04
2083.150,1.060237e-04
2083.200,1.024573e-04
2083.250,9.392590e-05
2083.300,8.833277e-05
2083.350,8.396655e-05
2083.400,8.024374e-05
2083.450,7.702235e-05
2083.500,7.422630e-05
2083.550,7.180227e-05
2083.600,6.970941e-05
2083.650,6.791545e-05
2083.700,6.639470e-05
2083.750,6.512702e-05
2083.800,6.409794e-05
2083.850,6.330816e-05
2083.900,6.275506e-05
2083.950,6.232195e-05
2084.000,6.214428e-05
2084.050,6.218317e-05
2084.100,6.244110e-05
2084.150,6.292851e-05
2084.200,6.366262e-05
2084.250,6.466951e-05
2084.300,6.598906e-05
2084.350,6.768632e-05
2084.400,6.988448e-05
2084.450,7.289777e-05
2084.500,7.812762e-05
2084.550,9.571207e-05
2084.600,8.981609e-05
2084.650,9.352962e-05
2084.700,1.083006e-04
2084.750,1.624820e-04
2084.800,1.549782e-04
2084.850,1.743012e-04
2084.900,3.330231e-04
2084.950,7.079076e-04
2085.000,3.555652e-04
2085.050,2.441304e-04
2085.100,2.608244e-04
2085.150,3.384068e-04
2085.200,5.210928e-04
2085.250,1.051398e-03
2085.300,3.718027e-03
2085.350,1.293918e-02
2085.400,2.353061e-03
2085.450,8.621507e-04
2085.500,5.144430e-04
2085.550,3.921989e-04
2085.600,3.489861e-04
2085.650,3.418793e-04
2085.700,3.572172e-04
2085.750,3.911401e-04
2085.800,4.446427e-04
2085.850,5.227199e-04
2085.900,6.346923e-04
2085.950,7.984868e-04
2086.000,1.047554e-03
2086.050,1.448540e-03
2086.100,2.150858e-03
2086.150,3.544847e-03
2086.200,6.937334e-03
2086.250,1.892473e-02
2086.300,1.089990e-01
2086.350,7.693652e-02
2086.400,1.548437e-02
2086.450,6.110094e-03
2086.500,3.238748e-03
2086.550,2.026745e-03
2086.600,1.471188e-03
2086.650,1.019147e-03
2086.700,7.590615e-04
2086.750,5.949369e-04
2086.800,4.809405e-04
2086.850,3.980593e-04
2086.900,3.360261e-04
2086.950,2.883094e-04
2087.000,2.508523e-04
2087.050,2.208207e-04
2087.100,1.964403e-04
2087.150,1.764034e-04
2087.200,1.597446e-04
2087.250,1.457615e-04
2087.300,1.339279e-04
2087.350,1.238432e-04
2087.400,1.151982e-04
2087.450,1.077516e-04
2087.500,1.013131e-04
2087.550,9.573184e-05
2087.600,9.088773e-05
2087.650,8.668615e-05
2087.700,8.305479e-05
2087.750,7.994499e-05
2087.800,7.734364e-05
2087.850,7.532679e-05
2087.900,7.437561e-05
2087.950,7.764336e-05
2088.000,8.998961e-05
2088.050,7.232707e-05
2088.100,6.916065e-05
2088.150,6.825127e-05
2088.200,6.819709e-05
2088.250,6.892562e-05
2088.300,7.083627e-05
2088.350,7.538411e-05
2088.400,8.948261e-05
2088.450,1.618878e-04
2088.500,1.462049e-04
2088.550,1.039121e-04
2088.600,1.254943e-04
2088.650,2.652675e-04
2088.700,3.693893e-04
2088.750,1.461627e-04
2088.800,1.086180e-04
2088.850,1.017899e-04
2088.900,1.037318e-04
2088.950,1.104567e-04
2089.000,1.216582e-04
2089.050,1.387484e-04
2089.100,1.652067e-04
2089.150,2.087448e-04
2089.200,2.881959e-04
2089.250,4.592455e-04
2089.300,9.452974e-04
2089.350,3.346827e-03
2089.400,1.186884e-02
2089.450,2.185930e-03
2089.500,7.704454e-04
2089.550,4.318398e-04
2089.600,3.085495e-04
2089.650,2.555274e-04
2089.700,2.327392e-04
2089.750,2.260595e-04
2089.800,2.297964e-04
2089.850,2.416755e-04
2089.900,2.611397e-04
2089.950,2.887584e-04
2090.000,3.261176e-04
2090.050,3.760222e-04
2090.100,4.430686e-04
2090.150,5.344775e-04
2090.200,6.626662e-04
2090.250,8.491292e-04
2090.300,1.134110e-03
2090.350,1.600039e-03
2090.400,2.437758e-03
2090.450,4.174417e-03
2090.500,8.729535e-03
2090.550,2.755655e-02
2090.600,1.753214e-01
2090.650,4.570862e-02
2090.700,1.166012e-02
2090.750,5.083389e-03
2090.800,2.825313e-03
2090.850,1.797285e-03
2090.900,1.245697e-03
2090.950,9.161969e-04
2091.000,7.038971e-04
2091.050,5.592150e-04
2091.100,4.562636e-04
2091.150,3.804721e-04
2091.200,3.231581e-04
2091.250,2.789699e-04
2091.300,2.448441e-04
2091.350,2.221816e-04
2091.400,2.147297e-04
2091.450,1.766832e-04
2091.500,1.582531e-04
2091.550,1.444046e-04
2091.600,1.331130e-04
2091.650,1.238863e-04
2091.700,1.175834e-04
2091.750,1.110994e-04
2091.800,1.068402e-04
2091.850,1.113995e-04
2091.900,1.742247e-04
2091.950,1.407879e-04
2092.000,9.589484e-05
2092.050,8.615829e-05
2092.100,8.193005e-05
2092.150,7.978059e-05
2092.200,7.935101e-05
2092.250,8.174709e-05
2092.300,9.230049e-05
2092.350,1.446781e-04
2092.400,2.456537e-04
2092.450,1.129045e-04
2092.500,8.690675e-05
2092.550,9.327580e-05
2092.600,7.745316e-05
2092.650,7.475080e-05
2092.700,7.491520e-05
2092.750,7.642058e-05
2092.800,7.895634e-05
2092.850,8.260575e-05
2092.900,8.766619e-05
2092.950,9.486287e-05
2093.000,1.041592e-04
2093.050,1.178331e-04
2093.100,1.384805e-04
2093.150,1.716926e-04
2093.200,2.304471e-04
2093.250,3.518415e-04
2093.300,6.798857e-04
2093.350,1.794613e-03
2093.400,9.513244e-03
2093.450,3.375147e-03
2093.500,9.225774e-04
2093.550,4.475535e-04
2093.600,2.891843e-04
2093.650,2.207828e-04
2093.700,1.875208e-04
2093.750,1.711335e-04
2093.800,1.642715e-04
2093.850,1.636667e-04
2093.900,1.679130e-04
2093.950,1.767848e-04
2094.000,1.916789e-04
2094.050,2.203741e-04
2094.100,3.107938e-04
2094.150,2.978179e-04
2094.200,2.869124e-04
2094.250,3.172241e-04
2094.300,3.650300e-04
2094.350,4.306289e-04
2094.400,5.202200e-04
2094.450,6.453415e-04
2094.500,8.264605e-04
2094.550,1.101795e-03
2094.600,1.549074e-03
2094.650,2.346504e-03
2094.700,3.979826e-03
2094.750,8.183223e-03
2094.800,2.463925e-02
2094.850,1.571421e-01
2094.900,5.221614e-02
2094.950,1.253847e-02
2095.000,5.329116e-03
2095.050,2.924036e-03
2095.100,1.846381e-03
2095.150,1.274546e-03
2095.200,9.370828e-04
2095.250,7.270592e-04
2095.300,6.269114e-04
2095.350,5.573995e-04
2095.400,4.027707e-04
2095.450,3.320808e-04
2095.500,2.839008e-04
2095.550,2.476195e-04
2095.600,2.207488e-04
2095.650,2.122614e-04
2095.700,1.870556e-04
2095.750,1.920305e-04
2095.800,1.544390e-04
2095.850,1.360101e-04
2095.900,1.246496e-04
2095.950,1.160235e-04
2096.000,1.081802e-04
2096.050,1.019849e-04
2096.100,9.634348e-05
2096.150,9.169000e-05
2096.200,8.778360e-05
2096.250,8.434983e-05
2096.300,8.161783e-05
2096.350,7.928787e-05
2096.400,7.712338e-05
2096.450,7.556207e-05
2096.500,7.443386e-05
2096.550,7.372602e-05
2096.600,7.345318e-05
2096.650,7.365011e-05
2096.700,7.437583e-05
2096.750,7.572260e-05
2096.800,7.783142e-05
2096.850,8.091845e-05
2096.900,8.532158e-05
2096.950,9.158674e-05
2097.000,1.006384e-04
2097.050,1.141469e-04
2097.100,1.354341e-04
2097.150,1.723662e-04
2097.200,2.535590e-04
2097.250,3.840388e-04
2097.300,7.597716e-04
2097.350,2.620546e-03
2097.400,8.618290e-03
2097.450,1.730972e-03
2097.500,6.070933e-04
2097.550,3.299245e-04
2097.600,2.265261e-04
2097.650,1.804986e-04
2097.700,1.620972e-04
2097.750,1.723274e-04
2097.800,2.970163e-04
2097.850,2.554920e-04
2097.900,1.553020e-04
2097.950,1.384736e-04
2098.000,1.376775e-04
2098.050,1.483500e-04
2098.100,1.712110e-04
2098.150,1.585014e-04
2098.200,1.675201e-04
2098.250,1.817797e-04
2098.300,2.009358e-04
2098.350,2.252425e-04
2098.400,2.512463e-04
2098.450,2.869639e-04
2098.500,3.331879e-04
2098.550,3.940767e-04
2098.600,4.773822e-04
2098.650,6.034987e-04
2098.700,8.876209e-04
2098.750,1.009006e-03
2098.800,1.327653e-03
2098.850,1.931969e-03
2098.900,3.103569e-03
2098.950,5.806640e-03
2099.000,1.441281e-02
2099.050,6.806203e-02
2099.100,1.187145e-01
2099.150,1.993084e-02
2099.200,7.126865e-03
2099.250,3.601650e-03
2099.300,2.182894e-03
2099.350,1.514091e-03
2099.400,1.053807e-03
2099.450,7.876075e-04
2099.500,6.166425e-04
2099.550,5.002984e-04
2099.600,4.217112e-04
2099.650,3.856669e-04
2099.700,4.679919e-04
2099.750,3.283151e-04
2099.800,2.447857e-04
2099.850,2.080582e-04
2099.900,1.835150e-04
2099.950,1.647450e-04
2100.000,1.496389e-04
2100.050,1.371792e-04
2100.100,1.267567e-04
2100.150,1.179620e-04
2100.200,1.105017e-04
2100.250,1.041580e-04
2100.300,9.876635e-05
2100.350,9.420175e-05
2100.400,9.037043e-05
2100.450,8.720449e-05
2100.500,8.465912e-05
2100.550,8.271206e-05
2100.600,8.136593e-05
2100.650,8.065628e-05
2100.700,8.068074e-05
2100.750,8.180461e-05
2100.800,8.579021e-05
2100.850,8.639915e-05
2100.900,9.077986e-05
2100.950,9.808159e-05
2101.000,1.099190e-04
2101.050,1.316012e-04
2101.100,1.827623e-04
2101.150,2.167775e-04
2101.200,3.319197e-04
2101.250,6.765193e-04
2101.300,2.313165e-03
2101.350,6.743307e-03
2101.400,1.474535e-03
2101.450,6.443140e-04
2101.500,6.276621e-04
2101.550,2.654421e-04
2101.600,1.733520e-04
2101.650,1.378464e-04
2101.700,1.211062e-04
2101.750,1.221702e-04
2101.800,1.085555e-04
2101.850,1.030615e-04
2101.900,1.034360e-04
2101.950,1.090317e-04
2102.000,1.337695e-04
2102.050,2.853921e-04
2102.100,1.459990e-04
2102.150,1.238812e-04
2102.200,1.244371e-04
2102.250,1.301343e-04
2102.300,1.385486e-04
2102.350,1.492902e-04
2102.400,1.625302e-04
2102.450,1.788004e-04
2102.500,1.989305e-04
2102.550,2.226558e-04
2102.600,2.527447e-04
2102.650,2.907708e-04
2102.700,3.396427e-04
2102.750,4.039767e-04
2102.800,4.917799e-04
2102.850,6.213751e-04
2102.900,8.634728e-04
2102.950,1.058192e-03
2103.000,1.430536e-03
2103.050,2.128459e-03
2103.100,3.531016e-03
2103.150,6.979634e-03
2103.200,1.942108e-02
2103.250,1.133050e-01
2103.300,6.719268e-02
2103.350,1.442938e-02
2103.400,5.775496e-03
2103.450,3.076126e-03
2103.500,1.908111e-03
2103.550,1.300651e-03
2103.600,9.453762e-04
2103.650,7.200000e-04
2103.700,5.684359e-04
2103.750,4.635946e-04
2103.800,3.832511e-04
2103.850,3.241234e-04
2103.900,2.784413e-04
2103.950,2.427200e-04
2104.000,2.142196e-04
2104.050,1.911959e-04
2104.100,1.726123e-04
2104.150,1.598185e-04
2104.200,1.443876e-04
2104.250,1.327195e-04
2104.300,1.234280e-04
2104.350,1.157229e-04
2104.400,1.093485e-04
2104.450,1.041824e-04
2104.500,1.002447e-04
2104.550,9.796239e-05
2104.600,1.005115e-04
2104.650,1.297900e-04
2104.700,1.002023e-04
2104.750,1.065545e-04
2104.800,1.008970e-04
2104.850,1.028319e-04
2104.900,1.146811e-04
2104.950,1.460785e-04
2105.000,1.635338e-04
2105.050,2.320815e-04
2105.100,5.370338e-04
2105.150,7.299583e-04
2105.200,1.264290e-03
2105.250,5.157255e-03
2105.300,1.730988e-03
2105.350,6.897768e-04
2105.400,3.289062e-04
2105.450,1.921478e-04
2105.500,1.413036e-04
2105.550,1.156878e-04
2105.600,1.010711e-04
2105.650,9.223151e-05
2105.700,8.714876e-05
2105.750,8.349041e-05
2105.800,8.141734e-05
2105.850,8.062697e-05
2105.900,8.075483e-05
2105.950,8.165752e-05
2106.000,8.326850e-05
2106.050,8.557273e-05
2106.100,8.860228e-05
2106.150,9.245116e-05
2106.200,9.737888e-05
2106.250,1.037463e-04
2106.300,1.118260e-04
2106.350,1.259218e-04
2106.400,1.679980e-04
2106.450,2.717911e-04
2106.500,1.716932e-04
2106.550,1.666842e-04
2106.600,1.792189e-04
2106.650,1.999114e-04
2106.700,2.269642e-04
2106.750,2.642125e-04
2106.800,3.275477e-04
2106.850,4.946160e-04
2106.900,9.934227e-04
2106.950,6.077373e-04
2107.000,6.186982e-04
2107.050,7.505083e-04
2107.100,9.745207e-04
2107.150,1.344343e-03
2107.200,1.993285e-03
2107.250,3.277066e-03
2107.300,6.373617e-03
2107.350,1.712226e-02
2107.400,9.350313e-02
2107.450,7.374239e-02
2107.500,1.488313e-02
2107.550,5.830296e-03
2107.600,3.070844e-03
2107.650,1.893003e-03
2107.700,1.290169e-03
2107.750,9.400445e-04
2107.800,7.113192e-04
2107.850,5.722587e-04
2107.900,4.748641e-04
2107.950,3.788080e-04
2108.000,3.186238e-04
2108.050,2.735736e-04
2108.100,2.386165e-04
2108.150,2.109465e-04
2108.200,1.887771e-04
2108.250,1.709048e-04
2108.300,1.565201e-04
2108.350,1.451245e-04
2108.400,1.365373e-04
2108.450,1.310796e-04
2108.500,1.304875e-04
2108.550,1.416504e-04
2108.600,1.938637e-04
2108.650,3.509457e-04
2108.700,5.136337e-04
2108.750,4.648176e-04
2108.800,1.874168e-04
2108.850,1.441543e-04
2108.900,1.445528e-04
2108.950,1.687527e-04
2109.000,2.384695e-04
2109.050,4.577016e-04
2109.100,1.534791e-03
2109.150,2.891209e-03
2109.200,6.994803e-04
2109.250,2.903194e-04
2109.300,1.745636e-04
2109.350,1.273688e-04
2109.400,1.037832e-04
2109.450,9.073496e-05
2109.500,8.260614e-05
2109.550,7.907354e-05
2109.600,7.439515e-05
2109.650,7.205847e-05
2109.700,7.135518e-05
2109.750,7.210646e-05
2109.800,7.540463e-05
2109.850,8.767426e-05
2109.900,1.302108e-04
2109.950,2.415216e-04
2110.000,1.051451e-04
2110.050,8.615300e-05
2110.100,8.397880e-05
2110.150,8.634900e-05
2110.200,9.167908e-05
2110.250,1.009637e-04
2110.300,1.187103e-04
2110.350,1.637103e-04
2110.400,3.643318e-04
2110.450,8.864852e-04
2110.500,2.688578e-04
2110.550,1.716183e-04
2110.600,1.556393e-04
2110.650,1.675149e-04
2110.700,1.676225e-04
2110.750,1.788151e-04
2110.800,1.970857e-04
2110.850,2.210872e-04
2110.900,2.517369e-04
2110.950,2.913960e-04
2111.000,3.442251e-04
2111.050,4.258824e-04
2111.100,5.196576e-04
2111.150,6.321453e-04
2111.200,8.191627e-04
2111.250,1.112547e-03
2111.300,1.604867e-03
2111.350,2.523447e-03
2111.400,4.541339e-03
2111.450,1.041137e-02
2111.500,4.032891e-02
2111.550,1.402513e-01
2111.600,2.380771e-02
2111.650,7.666932e-03
2111.700,3.686378e-03
2111.750,2.161386e-03
2111.800,1.432165e-03
2111.850,1.086792e-03
2111.900,8.786546e-04
2111.950,6.073782e-04
2112.000,4.807319e-04
2112.050,4.007653e-04
2112.100,3.404512e-04
2112.150,3.046688e-04
2112.200,3.065657e-04
2112.250,4.876861e-04
2112.300,8.268276e-04
2112.350,2.845123e-04
2112.400,1.949484e-04
2112.450,1.612434e-04
2112.500,1.441442e-04
2112.550,1.366406e-04
2112.600,1.244063e-04
2112.650,1.217863e-04
2112.700,1.172959e-04
2112.750,1.207053e-04
2112.800,1.346782e-04
2112.850,1.738895e-04
2112.900,3.029484e-04
2112.950,9.470755e-04
2113.000,1.296323e-03
2113.050,3.620621e-04
2113.100,1.781463e-04
2113.150,1.226134e-04
2113.200,9.967594e-05
2113.250,8.962024e-05
2113.300,8.915960e-05
2113.350,1.138241e-04
2113.400,2.920481e-04
2113.450,1.248259e-04
2113.500,8.261730e-05
2113.550,8.477301e-05
2113.600,7.156119e-05
2113.650,6.953637e-05
2113.700,7.162379e-05
2113.750,7.753834e-05
2113.800,9.121155e-05
2113.850,1.283101e-04
2113.900,2.855830e-04
2113.950,1.136151e-03
2114.000,3.266322e-04
2114.050,1.392527e-04
2114.100,9.964650e-05
2114.150,8.801015e-05
2114.200,9.162515e-05
2114.250,1.116717e-04
2114.300,8.512834e-05
2114.350,8.375563e-05
2114.400,8.589844e-05
2114.450,8.947776e-05
2114.500,9.414631e-05
2114.550,9.987565e-05
2114.600,1.067574e-04
2114.650,1.149637e-04
2114.700,1.247467e-04
2114.750,1.364577e-04
2114.800,1.505876e-04
2114.850,1.678468e-04
2114.900,1.893475e-04
2114.950,2.171646e-04
2115.000,2.570428e-04
2115.050,3.453837e-04
2115.100,5.081334e-04
2115.150,4.301283e-04
2115.200,5.075679e-04
2115.250,6.363114e-04
2115.300,8.328334e-04
2115.350,1.147321e-03
2115.400,1.690375e-03
2115.450,2.738708e-03
2115.500,5.190514e-03
2115.550,1.318584e-02
2115.600,6.351870e-02
2115.650,7.995090e-02
2115.700,1.519820e-02
2115.750,5.795074e-03
2115.800,3.661108e-03
2115.850,2.077052e-03
2115.900,1.263712e-03
2115.950,8.874930e-04
2116.000,6.642634e-04
2116.050,5.183900e-04
2116.100,4.173412e-04
2116.150,3.443847e-04
2116.200,2.899827e-04
2116.250,2.482973e-04
2116.300,2.159194e-04
2116.350,1.909126e-04
2116.400,1.780088e-04
2116.450,1.556280e-04
2116.500,1.384643e-04
2116.550,1.265230e-04
2116.600,1.172295e-04
2116.650,1.104284e-04
2116.700,1.072037e-04
2116.750,1.133544e-04
2116.800,1.761729e-04
2116.850,2.948485e-04
2116.900,1.155475e-04
2116.950,8.831016e-05
2117.000,7.961405e-05
2117.050,7.560133e-05
2117.100,7.391065e-05
2117.150,7.428473e-05
2117.200,7.757362e-05
2117.250,8.663396e-05
2117.300,1.115097e-04
2117.350,2.085168e-04
2117.400,6.359548e-04
2117.450,8.978644e-04
2117.500,2.141999e-04
2117.550,1.117599e-04
2117.600,8.226977e-05
2117.650,7.008103e-05
2117.700,6.402316e-05
2117.750,6.073840e-05
2117.800,5.895120e-05
2117.850,5.810717e-05
2117.900,5.796693e-05
2117.950,5.854996e-05
2118.000,6.125924e-05
2118.050,6.145297e-05
2118.100,6.447021e-05
2118.150,7.339541e-05
2118.200,9.218639e-05
2118.250,2.533199e-04
2118.300,1.261874e-04
2118.350,8.386981e-05
2118.400,7.882652e-05
2118.450,7.979196e-05
2118.500,8.288373e-05
2118.550,8.733389e-05
2118.600,9.264817e-05
2118.650,9.916944e-05
2118.700,1.069467e-04
2118.750,1.162041e-04
2118.800,1.272737e-04
2118.850,1.406410e-04
2118.900,1.571524e-04
2118.950,1.798240e-04
2119.000,2.036899e-04
2119.050,2.331916e-04
2119.100,2.747417e-04
2119.150,3.334719e-04
2119.200,4.284364e-04
2119.250,6.491566e-04
2119.300,1.608844e-03
2119.350,9.992989e-04
2119.400,1.108804e-03
2119.450,1.560206e-03
2119.500,2.486408e-03
2119.550,4.650541e-03
2119.600,1.156421e-02
2119.650,5.266536e-02
2119.700,7.647222e-02
2119.750,1.462175e-02
2119.800,5.397219e-03
2119.850,2.759597e-03
2119.900,1.672926e-03
2119.950,1.126243e-03
2120.000,8.182055e-04
2120.050,6.210615e-04
2120.100,4.944285e-04
2120.150,4.187970e-04
2120.200,4.370856e-04
2120.250,5.071451e-04
2120.300,2.934108e-04
2120.350,2.523065e-04
2120.400,2.504302e-04
2120.450,3.183137e-04
2120.500,4.833085e-04
2120.550,1.502962e-03
2120.600,9.127371e-04
2120.650,3.365167e-04
2120.700,2.192360e-04
2120.750,2.019821e-04
2120.800,2.743858e-04
2120.850,9.137841e-04
2120.900,8.534379e-04
2120.950,2.353374e-04
2121.000,1.356012e-04
2121.050,1.028087e-04
2121.100,8.726794e-05
2121.150,7.843778e-05
2121.200,7.320294e-05
2121.250,7.095813e-05
2121.300,7.402004e-05
2121.350,1.022115e-04
2121.400,2.799306e-04
2121.450,9.425351e-05
2121.500,6.528649e-05
2121.550,5.808112e-05
2121.600,5.500228e-05
2121.650,5.333594e-05
2121.700,5.236153e-05
2121.750,5.182286e-05
2121.800,5.161584e-05
2121.850,5.170743e-05
2121.900,5.213938e-05
2121.950,5.322719e-05
2122.000,5.781806e-05
2122.050,6.046164e-05
2122.100,5.622277e-05
2122.150,5.704095e-05
2122.200,5.868856e-05
2122.250,6.087514e-05
2122.300,6.376624e-05
2122.350,6.894090e-05
2122.400,7.387647e-05
2122.450,7.587007e-05
2122.500,8.203893e-05
2122.550,9.141343e-05
2122.600,1.071655e-04
2122.650,1.412368e-04
2122.700,2.625955e-04
2122.750,1.133031e-03
2122.800,4.146431e-04
2122.850,1.973471e-04
2122.900,1.664490e-04
2122.950,1.671155e-04
2123.000,1.794582e-04
2123.050,1.995801e-04
2123.100,2.274003e-04
2123.150,2.646203e-04
2123.200,3.144266e-04
2123.250,3.824045e-04
2123.300,4.780013e-04
2123.350,6.179354e-04
2123.400,8.342069e-04
2123.450,1.194899e-03
2123.500,1.877720e-03
2123.550,3.300877e-03
2123.600,7.394347e-03
2123.650,2.442310e-02
2123.700,1.000001e-01
2123.750,2.122778e-02
2123.800,6.512499e-03
2123.850,3.058557e-03
2123.900,1.776008e-03
2123.950,1.171768e-03
2124.000,8.468392e-04
2124.050,6.622983e-04
2124.100,5.661869e-04
2124.150,5.545495e-04
2124.200,7.099914e-04
2124.250,1.668777e-03
2124.300,4.862885e-03
2124.350,1.537270e-03
2124.400,5.809439e-04
2124.450,3.678570e-04
2124.500,4.534844e-04
2124.550,2.277948e-04
2124.600,1.651400e-04
2124.650,1.372642e-04
2124.700,1.196160e-04
2124.750,1.095606e-04
2124.800,1.018416e-04
2124.850,8.839958e-05
2124.900,8.112156e-05
2124.950,7.542270e-05
2125.000,7.071479e-05
2125.050,6.682302e-05
2125.100,6.375959e-05
2125.150,6.048142e-05
2125.200,5.795691e-05
2125.250,5.583118e-05
2125.300,5.403265e-05
2125.350,5.252413e-05
2125.400,5.128083e-05
2125.450,5.028708e-05
2125.500,4.953633e-05
2125.550,4.903426e-05
2125.600,4.880993e-05
2125.650,4.896727e-05
2125.700,5.010195e-05
2125.750,5.607670e-05
2125.800,5.184524e-05
2125.850,5.274044e-05
2125.900,5.544009e-05
2125.950,6.028846e-05
2126.000,6.953667e-05
2126.050,9.064920e-05
2126.100,1.588778e-04
2126.150,6.069547e-04
2126.200,7.253113e-04
2126.250,1.761186e-04
2126.300,1.012183e-04
2126.350,8.143580e-05
2126.400,7.526233e-05
2126.450,7.495043e-05
2126.500,8.292323e-05
2126.550,1.085963e-04
2126.600,8.481287e-05
2126.650,8.655403e-05
2126.700,9.247589e-05
2126.750,1.012894e-04
2126.800,1.148831e-04
2126.850,1.428614e-04
2126.900,2.718967e-04
2126.950,3.505037e-04
2127.000,1.943242e-04
2127.050,1.931893e-04
2127.100,2.151466e-04
2127.150,2.496015e-04
2127.200,2.977807e-04
2127.250,3.654167e-04
2127.300,4.665542e-04
2127.350,6.159034e-04
2127.400,8.238080e-04
2127.450,1.200831e-03
2127.500,1.938266e-03
2127.550,3.668997e-03
2127.600,8.766222e-03
2127.650,3.728339e-02
2127.700,5.669854e-02
2127.750,1.158543e-02
2127.800,4.347594e-03
2127.850,2.337743e-03
2127.900,1.664707e-03
2127.950,1.925146e-03
2128.000,5.515216e-03
2128.050,2.387210e-03
2128.100,8.908977e-04
2128.150,5.263061e-04
2128.200,3.729014e-04
2128.250,2.878464e-04
2128.300,2.332669e-04
2128.350,1.951266e-04
2128.400,1.669825e-04
2128.450,1.454232e-04
2128.500,1.284536e-04
2128.550,1.148213e-04
2128.600,1.037013e-04
2128.650,9.454614e-05
2128.700,8.714315e-05
2128.750,8.255056e-05
2128.800,7.511469e-05
2128.850,7.026817e-05
2128.900,6.631869e-05
2128.950,6.306918e-05
2129.000,6.057579e-05
2129.050,5.994786e-05
2129.100,6.142345e-05
2129.150,5.580479e-05
2129.200,5.477335e-05
2129.250,5.509323e-05
2129.300,5.699972e-05
2129.350,6.176355e-05
2129.400,7.307807e-05
2129.450,1.045337e-04
2129.500,2.387187e-04
2129.550,1.222094e-03
2129.600,3.820990e-04
2129.650,1.262929e-04
2129.700,7.798339e-05
2129.750,6.174583e-05
2129.800,5.469902e-05
2129.850,5.135882e-05
2129.900,4.997090e-05
2129.950,4.982436e-05
2130.000,5.094495e-05
2130.050,5.390253e-05
2130.100,6.112345e-05
2130.150,8.590636e-05
2130.200,2.304578e-04
2130.250,2.459019e-04
2130.300,8.991160e-05
2130.350,7.068706e-05
2130.400,6.745770e-05
2130.450,6.992990e-05
2130.500,7.768567e-05
2130.550,1.039766e-04
2130.600,2.786246e-04
2130.650,1.291179e-04
2130.700,1.050911e-04
2130.750,1.109114e-04
2130.800,1.270454e-04
2130.850,1.575974e-04
2130.900,2.291294e-04
2130.950,5.006826e-04
2131.000,2.146922e-03
2131.050,6.185000e-04
2131.100,3.284364e-04
2131.150,3.035654e-04
2131.200,3.368257e-04
2131.250,4.063368e-04
2131.300,5.205593e-04
2131.350,7.018800e-04
2131.400,1.014874e-03
2131.450,1.613058e-03
2131.500,2.969597e-03
2131.550,7.121747e-03
2131.600,2.883072e-02
2131.650,4.521311e-02
2131.700,1.382372e-02
2131.750,4.348155e-03
2131.800,2.087772e-03
2131.850,1.229372e-03
2131.900,8.123963e-04
2131.950,5.785706e-04
2132.000,4.344041e-04
2132.050,3.393100e-04
2132.100,2.733426e-04
2132.150,2.257732e-04
2132.200,1.904276e-04
2132.250,1.635862e-04
2132.300,1.430419e-04
2132.350,1.285210e-04
2132.400,1.203120e-04
2132.450,1.142679e-04
2132.500,1.164585e-04
2132.550,9.063022e-05
2132.600,8.372800e-05
2132.650,8.095623e-05
2132.700,8.225858e-05
2132.750,9.152219e-05
2132.800,1.266318e-04
2132.850,2.722236e-04
2132.900,1.371684e-03
2132.950,3.410932e-04
2133.000,1.249062e-04
2133.050,7.984452e-05
2133.100,6.336412e-05
2133.150,5.552239e-05
2133.200,5.145622e-05
2133.250,5.012176e-05
2133.300,4.988751e-05
2133.350,5.357326e-05
2133.400,6.815602e-05
2133.450,1.511168e-04
2133.500,3.761690e-04
2133.550,1.214037e-04
2133.600,2.524657e-04
2133.650,8.725985e-05
2133.700,5.399418e-05
2133.750,4.678115e-05
2133.800,4.483597e-05
2133.850,4.592696e-05
2133.900,4.531406e-05
2133.950,4.717779e-05
2134.000,5.055681e-05
2134.050,5.616426e-05
2134.100,6.593935e-05
2134.150,8.522189e-05
2134.200,1.328155e-04
2134.250,3.135936e-04
2134.300,1.751582e-03
2134.350,6.752607e-04
2134.400,1.990624e-04
2134.450,1.196398e-04
2134.500,1.108748e-04
2134.550,1.041670e-04
2134.600,8.616893e-05
2134.650,8.599719e-05
2134.700,9.049957e-05
2134.750,9.806736e-05
2134.800,1.086746e-04
2134.850,1.229149e-04
2134.900,1.419638e-04
2134.950,1.678514e-04
2135.000,2.041383e-04
2135.050,2.575164e-04
2135.100,3.419022e-04
2135.150,4.921122e-04
2135.200,8.206020e-04
2135.250,1.901185e-03
2135.300,8.467581e-03
2135.350,4.222647e-03
2135.400,2.486694e-03
2135.450,3.933813e-03
2135.500,1.222942e-02
2135.550,3.718477e-02
2135.600,9.258716e-03
2135.650,3.084643e-03
2135.700,1.495134e-03
2135.750,8.828826e-04
2135.800,5.862715e-04
2135.850,4.210494e-04
2135.900,3.204671e-04
2135.950,2.560317e-04
2136.000,2.147647e-04
2136.050,1.924160e-04
2136.100,1.964967e-04
2136.150,2.905915e-04
2136.200,1.184099e-03
2136.250,5.016702e-04
2136.300,1.791055e-04
2136.350,1.180981e-04
2136.400,9.406449e-05
2136.450,8.480817e-05
2136.500,9.073394e-05
2136.550,1.953523e-04
2136.600,1.350708e-04
2136.650,1.077778e-04
2136.700,3.177604e-04
2136.750,1.888705e-04
2136.800,7.414842e-05
2136.850,5.366580e-05
2136.900,4.614452e-05
2136.950,4.230517e-05
2137.000,4.005071e-05
2137.050,3.871666e-05
2137.100,3.807277e-05
2137.150,3.808007e-05
2137.200,3.883843e-05
2137.250,4.062231e-05
2137.300,4.402505e-05
2137.350,5.036302e-05
2137.400,6.292114e-05
2137.450,9.172842e-05
2137.500,1.798714e-04
2137.550,6.797585e-04
2137.600,1.774818e-03
2137.650,3.039400e-04
2137.700,1.212850e-04
2137.750,7.445025e-05
2137.800,5.648920e-05
2137.850,4.824288e-05
2137.900,4.437366e-05
2137.950,4.326911e-05
2138.000,4.601261e-05
2138.050,6.992303e-05
2138.100,6.100230e-05
2138.150,4.769885e-05
2138.200,4.848308e-05
2138.250,5.819873e-05
2138.300,7.361310e-05
2138.350,5.973230e-05
2138.400,6.374206e-05
2138.450,7.143793e-05
2138.500,8.248180e-05
2138.550,9.823618e-05
2138.600,1.215713e-04
2138.650,1.583708e-04
2138.700,2.220449e-04
2138.750,3.488599e-04
2138.800,6.672246e-04
2138.850,1.879694e-03
2138.900,1.004324e-02
2138.950,3.624424e-03
2139.000,1.016064e-03
2139.050,5.346569e-04
2139.100,4.058898e-04
2139.150,3.985274e-04
2139.200,4.787282e-04
2139.250,6.897274e-04
2139.300,1.221161e-03
2139.350,2.944834e-03
2139.400,1.165949e-02
2139.450,1.213064e-02
2139.500,4.086936e-03
2139.550,1.359256e-03
2139.600,6.912996e-04
2139.650,4.256874e-04
2139.700,2.932592e-04
2139.750,2.195512e-04
2139.800,1.798142e-04
2139.850,1.816370e-04
2139.900,4.368373e-04
2139.950,2.048096e-04
2140.000,1.052053e-04
2140.050,8.002908e-05
2140.100,6.737018e-05
2140.150,5.918269e-05
2140.200,5.332347e-05
2140.250,4.897263e-05
2140.300,4.574824e-05
2140.350,4.347185e-05
2140.400,4.209989e-05
2140.450,4.172390e-05
2140.500,4.263353e-05
2140.550,4.549888e-05
2140.600,5.187751e-05
2140.650,6.583134e-05
2140.700,1.004960e-04
2140.750,2.180685e-04
2140.800,1.018871e-03
2140.850,1.226772e-03
2140.900,2.385559e-04
2140.950,1.028380e-04
2141.000,6.379974e-05
2141.050,4.853637e-05
2141.100,4.816227e-05
2141.150,5.178044e-05
2141.200,3.351907e-05
2141.250,3.022727e-05
2141.300,2.790000e-05
2141.350,2.706666e-05
2141.400,2.694425e-05
2141.450,2.770273e-05
2141.500,3.080909e-05
2141.550,4.966662e-05
2141.600,5.848512e-05
2141.650,3.391968e-05
2141.700,3.158185e-05
2141.750,3.233272e-05
2141.800,3.438322e-05
2141.850,3.738022e-05
2141.900,4.088522e-05
2141.950,4.606946e-05
2142.000,5.339223e-05
2142.050,6.568976e-05
2142.100,8.013807e-05
2142.150,9.790048e-05
2142.200,1.309368e-04
2142.250,1.893549e-04
2142.300,3.065617e-04
2142.350,6.087054e-04
2142.400,1.612195e-03
2142.450,7.678892e-03
2142.500,6.254454e-03
2142.550,1.323640e-03
2142.600,5.677429e-04
2142.650,4.205796e-04
2142.700,1.025340e-03
2142.750,6.482662e-04
2142.800,2.018516e-04
2142.850,1.187055e-04
2142.900,8.834225e-05
2142.950,7.752574e-05
2143.000,9.105464e-05
2143.050,2.667816e-04
2143.100,2.099049e-04
2143.150,6.855995e-05
2143.200,4.500230e-05
2143.250,3.645732e-05
2143.300,3.204061e-05
2143.350,2.936140e-05
2143.400,2.764214e-05
2143.450,2.657378e-05
2143.500,2.603469e-05
2143.550,2.602209e-05
2143.600,2.686128e-05
2143.650,2.818803e-05
2143.700,2.996960e-05
2143.750,3.388763e-05
2143.800,4.111431e-05
2143.850,5.566056e-05
2143.900,9.184814e-05
2143.950,2.137776e-04
2144.000,8.109455e-04
2144.050,1.552578e-03
2144.100,2.682524e-04
2144.150,1.051764e-04
2144.200,6.092336e-05
2144.250,4.313233e-05
2144.300,3.434115e-05
2144.350,2.943664e-05
2144.400,2.649428e-05
2144.450,2.466260e-05
2144.500,2.352274e-05
2144.550,2.286622e-05
2144.600,2.276620e-05
2144.650,2.259902e-05
2144.700,2.254646e-05
2144.750,2.287211e-05
2144.800,2.345661e-05
2144.850,2.436299e-05
2144.900,2.580937e-05
2144.950,2.858352e-05
2145.000,3.738469e-05
2145.050,8.711472e-05
2145.100,4.511730e-05
2145.150,4.251990e-05
2145.200,6.943759e-05
2145.250,2.007328e-04
2145.300,6.185350e-05
2145.350,4.856158e-05
2145.400,4.917741e-05
2145.450,5.356221e-05
2145.500,6.056336e-05
2145.550,7.058327e-05
2145.600,8.490976e-05
2145.650,1.060895e-04
2145.700,1.392264e-04
2145.750,1.956691e-04
2145.800,3.056158e-04
2145.850,5.814952e-04
2145.900,1.853402e-03
2145.950,3.653437e-03
2146.000,1.512649e-02
2146.050,2.908502e-03
2146.100,9.134849e-04
2146.150,5.141899e-04
2146.200,6.658490e-04
2146.250,2.556406e-04
2146.300,1.674181e-04
2146.350,1.340897e-04
2146.400,1.179919e-04
2146.450,1.109173e-04
2146.500,1.100651e-04
2146.550,1.145871e-04
2146.600,1.248593e-04
2146.650,1.429601e-04
2146.700,1.813408e-04
2146.750,2.167857e-04
2146.800,2.751708e-04
2146.850,3.877253e-04
2146.900,6.053530e-04
2146.950,1.100608e-03
2147.000,2.607523e-03
2147.050,9.941121e-03
2147.100,1.379251e-02
2147.150,3.665584e-03
2147.200,3.511526e-03
2147.250,1.137714e-03
2147.300,5.346040e-04
2147.350,3.344432e-04
2147.400,2.351903e-04
2147.450,1.769283e-04
2147.500,1.396817e-04
2147.550,1.143020e-04
2147.600,9.623099e-05
2147.650,8.294279e-05
2147.700,7.294290e-05
2147.750,6.531082e-05
2147.800,5.948000e-05
2147.850,5.515069e-05
2147.900,5.235005e-05
2147.950,5.197381e-05
2148.000,5.991512e-05
2148.050,1.499937e-04
2148.100,8.690018e-05
2148.150,4.932505e-05
2148.200,4.273702e-05
2148.250,4.066068e-05
2148.300,4.110548e-05
2148.350,4.644472e-05
2148.400,4.382248e-05
2148.450,5.465536e-05
2148.500,9.962375e-05
2148.550,5.021627e-05
2148.600,4.482636e-05
2148.650,4.524574e-05
2148.700,4.744809e-05
2148.750,5.102651e-05
2148.800,5.633608e-05
2148.850,6.442511e-05
2148.900,7.793865e-05
2148.950,1.050447e-04
2149.000,1.834024e-04
2149.050,6.765087e-04
2149.100,7.893283e-04
2149.150,2.471523e-04
2149.200,2.164413e-04
2149.250,3.314051e-04
2149.300,6.343509e-04
2149.350,5.854202e-04
2149.400,1.227846e-03
2149.450,4.937851e-03
2149.500,1.352097e-02
2149.550,2.255977e-03
2149.600,7.842309e-04
2149.650,4.061603e-04
2149.700,2.591732e-04
2149.750,1.886383e-04
2149.800,1.506953e-04
2149.850,1.292310e-04
2149.900,1.173198e-04
2149.950,1.117385e-04
2150.000,1.110605e-04
2150.050,1.150344e-04
2150.100,1.248452e-04
2150.150,1.423327e-04
2150.200,1.782922e-04
2150.250,2.718125e-04
2150.300,7.265881e-04
2150.350,2.132042e-03
2150.400,5.038311e-04
2150.450,3.427206e-04
2150.500,3.566551e-04
2150.550,4.366238e-04
2150.600,5.910044e-04
2150.650,8.789885e-04
2150.700,1.484502e-03
2150.750,3.064995e-03
2150.800,9.234712e-03
2150.850,3.774272e-02
2150.900,1.255720e-02
2150.950,3.708161e-03
2151.000,1.687011e-03
2151.050,9.587421e-04
2151.100,6.200397e-04
2151.150,4.362017e-04
2151.200,3.256466e-04
2151.250,2.541657e-04
2151.300,2.054324e-04
2151.350,1.709474e-04
2151.400,1.465869e-04
2151.450,1.325440e-04
2151.500,1.123128e-04
2151.550,1.002237e-04
2151.600,9.121833e-05
2151.650,8.434227e-05
2151.700,7.924780e-05
2151.750,7.593834e-05
2151.800,7.527752e-05
2151.850,8.397753e-05
2151.900,1.392025e-04
2151.950,8.395632e-05
2152.000,8.093982e-05
2152.050,9.272923e-05
2152.100,1.315104e-04
2152.150,3.198525e-04
2152.200,1.379362e-03
2152.250,3.137067e-04
2152.300,2.143613e-04
2152.350,4.613238e-04
2152.400,1.467600e-04
2152.450,1.077328e-04
2152.500,1.047341e-04
2152.550,1.131141e-04
2152.600,1.307673e-04
2152.650,1.611502e-04
2152.700,2.139789e-04
2152.750,3.140122e-04
2152.800,5.352335e-04
2152.850,1.183223e-03
2152.900,4.563480e-03
2152.950,1.592201e-02
2153.000,2.603778e-03
2153.050,8.702103e-04
2153.100,4.463341e-04
2153.150,2.872317e-04
2153.200,2.155669e-04
2153.250,1.848514e-04
2153.300,1.859069e-04
2153.350,2.471958e-04
2153.400,6.401538e-04
2153.450,2.098665e-03
2153.500,4.086713e-04
2153.550,2.114187e-04
2153.600,2.763660e-04
2153.650,1.429542e-04
2153.700,1.222731e-04
2153.750,1.194211e-04
2153.800,1.225657e-04
2153.850,1.296783e-04
2153.900,1.404496e-04
2153.950,1.552676e-04
2154.000,1.750604e-04
2154.050,2.013987e-04
2154.100,2.368020e-04
2154.150,2.853525e-04
2154.200,3.539066e-04
2154.250,4.546179e-04
2154.300,6.106371e-04
2154.350,8.704960e-04
2154.400,1.350203e-03
2154.450,2.385212e-03
2154.500,5.278832e-03
2154.550,1.825780e-02
2154.600,5.847736e-02
2154.650,1.334033e-02
2154.700,4.350715e-03
2154.750,2.089655e-03
2154.800,1.229065e-03
2154.850,8.195631e-04
2154.900,5.778067e-04
2154.950,4.366954e-04
2155.000,3.464627e-04
2155.050,2.872994e-04
2155.100,2.505584e-04
2155.150,2.362340e-04
2155.200,2.714595e-04
2155.250,6.159650e-04
2155.300,1.075658e-03
2155.350,5.290628e-04
2155.400,2.788309e-04
2155.450,1.549488e-04
2155.500,1.234848e-04
2155.550,1.092377e-04
2155.600,1.013110e-04
2155.650,9.679565e-05
2155.700,9.466221e-05
2155.750,9.455957e-05
2155.800,9.649368e-05
2155.850,1.007592e-04
2155.900,1.079962e-04
2155.950,1.193766e-04
2156.000,1.370242e-04
2156.050,1.649620e-04
2156.100,2.114476e-04
2156.150,2.955699e-04
2156.200,4.699362e-04
2156.250,9.263913e-04
2156.300,2.832103e-03
2156.350,1.702174e-02
2156.400,4.772931e-03
2156.450,1.515255e-03
2156.500,2.492208e-03
2156.550,8.484862e-04
2156.600,3.553935e-04
2156.650,2.267258e-04
2156.700,1.694481e-04
2156.750,1.379393e-04
2156.800,1.187430e-04
2156.850,1.064295e-04
2156.900,9.838983e-05
2156.950,9.322857e-05
2157.000,9.014782e-05
2157.050,8.867494e-05
2157.100,8.853037e-05
2157.150,8.956064e-05
2157.200,9.171132e-05
2157.250,9.516064e-05
2157.300,9.952100e-05
2157.350,1.052990e-04
2157.400,1.135149e-04
2157.450,1.333434e-04
2157.500,1.415417e-04
2157.550,1.467283e-04
2157.600,1.613633e-04
2157.650,1.815719e-04
2157.700,2.076321e-04
2157.750,2.414463e-04
2157.800,2.861344e-04
2157.850,3.466976e-04
2157.900,4.314562e-04
2157.950,5.550442e-04
2158.000,7.451391e-04
2158.050,1.059436e-03
2158.100,1.632602e-03
2158.150,2.850990e-03
2158.200,6.176124e-03
2158.250,2.068543e-02
2158.300,8.345080e-02
2158.350,2.037096e-02
2158.400,6.084200e-03
2158.450,2.816832e-03
2158.500,1.621678e-03
2158.550,1.066537e-03
2158.600,8.203537e-04
2158.650,5.721171e-04
2158.700,4.400543e-04
2158.750,3.551362e-04
2158.800,2.960266e-04
2158.850,2.539048e-04
2158.900,2.252728e-04
2158.950,2.210955e-04
2159.000,2.694964e-04
2159.050,1.764539e-04
2159.100,1.593460e-04
2159.150,1.522431e-04
2159.200,1.503583e-04
2159.250,1.535988e-04
2159.300,1.635345e-04
2159.350,1.842759e-04
2159.400,2.271054e-04
2159.450,3.330265e-04
2159.500,7.991194e-04
2159.550,2.124301e-03
2159.600,8.776941e-04
2159.650,1.430461e-03
2159.700,5.455269e-03
2159.750,1.601574e-02
2159.800,2.572924e-03
2159.850,8.952039e-04
2159.900,4.668831e-04
2159.950,2.988859e-04
2160.000,2.172364e-04
2160.050,1.821189e-04
2160.100,1.438371e-04
2160.150,1.221614e-04
2160.200,1.088515e-04
2160.250,9.974027e-05
2160.300,9.337500e-05
2160.350,8.898492e-05
2160.400,8.619902e-05
2160.450,8.566805e-05
2160.500,8.767801e-05
2160.550,8.360828e-05
2160.600,8.386870e-05
2160.650,8.518308e-05
2160.700,8.704193e-05
2160.750,8.982349e-05
2160.800,9.344837e-05
2160.850,9.801077e-05
2160.900,1.036724e-04
2160.950,1.106821e-04
2161.000,1.194313e-04
2161.050,1.305816e-04
2161.100,1.453925e-04
2161.150,1.667459e-04
2161.200,2.034252e-04
2161.250,2.995665e-04
2161.300,8.202118e-04
2161.350,1.286186e-03
2161.400,4.288850e-04
2161.450,3.672803e-04
2161.500,4.039422e-04
2161.550,4.845556e-04
2161.600,6.330010e-04
2161.650,8.361860e-04
2161.700,1.091940e-03
2161.750,1.616328e-03
2161.800,2.674251e-03
2161.850,5.280171e-03
2161.900,1.462022e-02
2161.950,7.548690e-02
2162.000,4.346961e-02
2162.050,1.014574e-02
2162.100,4.186606e-03
2162.150,2.267454e-03
2162.200,1.427896e-03
2162.250,9.913471e-04
2162.300,7.398242e-04
2162.350,5.884767e-04
2162.400,5.057058e-04
2162.450,5.098649e-04
2162.500,9.223392e-04
2162.550,1.767567e-03
2162.600,4.963538e-04
2162.650,3.274842e-04
2162.700,2.789544e-04
2162.750,2.694592e-04
2162.800,2.849969e-04
2162.850,3.328437e-04
2162.900,4.428879e-04
2162.950,7.144779e-04
2163.000,1.599367e-03
2163.050,7.131280e-03
2163.100,1.286884e-02
2163.150,2.205429e-03
2163.200,8.337890e-04
2163.250,4.557720e-04
2163.300,3.012965e-04
2163.350,2.233664e-04
2163.400,1.801357e-04
2163.450,1.522835e-04
2163.500,1.306671e-04
2163.550,1.169648e-04
2163.600,1.073506e-04
2163.650,1.001897e-04
2163.700,9.493850e-05
2163.750,9.121745e-05
2163.800,8.871101e-05
2163.850,8.728013e-05
2163.900,8.690864e-05
2163.950,8.773592e-05
2164.000,9.018627e-05
2164.050,9.538807e-05
2164.100,1.068295e-04
2164.150,1.404882e-04
2164.200,3.584658e-04
2164.250,3.795833e-04
2164.300,1.000552e-03
2164.350,3.858353e-04
2164.400,1.679752e-04
2164.450,1.321355e-04
2164.500,1.237689e-04
2164.550,1.238787e-04
2164.600,1.280627e-04
2164.650,1.350082e-04
2164.700,1.443753e-04
2164.750,1.562536e-04
2164.800,1.710074e-04
2164.850,1.892571e-04
2164.900,2.119353e-04
2164.950,2.404213e-04
2165.000,2.768263e-04
2165.050,3.247524e-04
2165.100,3.932405e-04
2165.150,5.336626e-04
2165.200,6.046113e-04
2165.250,7.524403e-04
2165.300,1.008125e-03
2165.350,1.439026e-03
2165.400,2.246225e-03
2165.450,4.115326e-03
2165.500,9.974237e-03
2165.550,2.757215e-02
2165.600,1.272707e-01
2165.650,2.775060e-02
2165.700,8.192391e-03
2165.750,3.791790e-03
2165.800,2.185564e-03
2165.850,1.433184e-03
2165.900,1.025731e-03
2165.950,7.849478e-04
2166.000,6.365134e-04
2166.050,5.466706e-04
2166.100,5.014563e-04
2166.150,5.013589e-04
2166.200,5.679958e-04
2166.250,7.825485e-04
2166.300,1.504459e-03
2166.350,5.615092e-03
2166.400,1.654886e-02
2166.450,2.701971e-03
2166.500,9.797301e-04
2166.550,5.363865e-04
2166.600,3.591877e-04
2166.650,2.701005e-04
2166.700,2.196172e-04
2166.750,1.949634e-04
2166.800,2.444992e-04
2166.850,1.563121e-04
2166.900,1.374944e-04
2166.950,1.303106e-04
2167.000,1.326937e-04
2167.050,1.708796e-04
2167.100,4.275251e-04
2167.150,1.946760e-04
2167.200,3.118266e-04
2167.250,1.069773e-03
2167.300,2.314658e-04
2167.350,1.300594e-04
2167.400,1.055529e-04
2167.450,9.609373e-05
2167.500,9.175383e-05
2167.550,9.004168e-05
2167.600,9.243131e-05
2167.650,9.447761e-05
2167.700,9.051371e-05
2167.750,9.147122e-05
2167.800,9.352254e-05
2167.850,9.633880e-05
2167.900,9.992162e-05
2167.950,1.043603e-04
2168.000,1.098154e-04
2168.050,1.165469e-04
2168.100,1.249941e-04
2168.150,1.360771e-04
2168.200,1.509142e-04
2168.250,1.738669e-04
2168.300,2.177189e-04
2168.350,3.494516e-04
2168.400,1.232623e-03
2168.450,9.367449e-04
2168.500,3.718919e-04
2168.550,3.167842e-04
2168.600,3.299825e-04
2168.650,3.695328e-04
2168.700,4.305326e-04
2168.750,5.174283e-04
2168.800,6.414271e-04
2168.850,8.238151e-04
2168.900,1.105715e-03
2168.950,1.573446e-03
2169.000,2.432939e-03
2169.050,4.278213e-03
2169.100,9.428989e-03
2169.150,3.347093e-02
2169.200,1.469826e-01
2169.250,2.791285e-02
2169.300,8.550486e-03
2169.350,4.098666e-03
2169.400,2.443665e-03
2169.450,1.731299e-03
2169.500,1.469016e-03
2169.550,1.663006e-03
2169.600,3.379387e-03
2169.650,1.829498e-02
2169.700,5.209853e-03
2169.750,1.550841e-03
2169.800,8.208115e-04
2169.850,5.593025e-04
2169.900,4.721218e-04
2169.950,5.955318e-04
2170.000,3.284434e-04
2170.050,2.998970e-04
2170.100,4.468609e-04
2170.150,9.645678e-04
2170.200,2.749662e-04
2170.250,1.864376e-04
2170.300,1.562732e-04
2170.350,1.395005e-04
2170.400,1.280478e-04
2170.450,1.194654e-04
2170.500,1.127419e-04
2170.550,1.073796e-04
2170.600,1.032411e-04
2170.650,9.957955e-05
2170.700,9.684090e-05
2170.750,9.479914e-05
2170.800,9.340770e-05
2170.850,9.267202e-05
2170.900,9.265041e-05
2170.950,9.348296e-05
2171.000,9.546167e-05
2171.050,9.920553e-05
2171.100,1.061529e-04
2171.150,1.202355e-04
2171.200,1.554876e-04
2171.250,2.931838e-04
2171.300,1.502164e-03
2171.350,5.273547e-04
2171.400,2.009633e-04
2171.450,1.474135e-04
2171.500,1.356279e-04
2171.550,1.511707e-04
2171.600,1.837427e-04
2171.650,1.412773e-04
2171.700,1.424557e-04
2171.750,1.519067e-04
2171.800,1.867161e-04
2171.850,1.915265e-04
2171.900,1.875039e-04
2171.950,2.031319e-04
2172.000,2.255997e-04
2172.050,2.530120e-04
2172.100,2.839707e-04
2172.150,3.255869e-04
2172.200,3.792425e-04
2172.250,4.495525e-04
2172.300,5.439762e-04
2172.350,6.748052e-04
2172.400,8.634267e-04
2172.450,1.150359e-03
2172.500,1.619055e-03
2172.550,2.438341e-03
2172.600,4.132476e-03
2172.650,8.518177e-03
2172.700,2.619647e-02
2172.750,1.528562e-01
2172.800,4.490960e-02
2172.850,1.624752e-02
2172.900,2.198569e-02
2172.950,5.546608e-03
2173.000,3.448435e-03
2173.050,1.740757e-03
2173.100,1.168456e-03
2173.150,8.615720e-04
2173.200,6.685614e-04
2173.250,5.374700e-04
2173.300,4.438789e-04
2173.350,3.745899e-04
2173.400,3.218408e-04
2173.450,2.807962e-04
2173.500,2.483467e-04
2173.550,2.221282e-04
2173.600,2.009058e-04
2173.650,1.835610e-04
2173.700,1.693545e-04
2173.750,1.577839e-04
2173.800,1.485508e-04
2173.850,1.415842e-04
2173.900,1.371633e-04
2173.950,1.363153e-04
2174.000,1.421898e-04
2174.050,1.661978e-04
2174.100,2.720713e-04
2174.150,1.243038e-03
2174.200,5.636338e-04
2174.250,2.163976e-04
2174.300,1.627246e-04
2174.350,1.200243e-04
2174.400,1.083125e-04
2174.450,1.028130e-04
2174.500,1.000044e-04
2174.550,9.885123e-05
2174.600,9.918286e-05
2174.650,1.020440e-04
2174.700,1.170624e-04
2174.750,1.669162e-04
2174.800,1.145074e-04
2174.850,1.141885e-04
2174.900,1.107677e-04
2174.950,1.123097e-04
2175.000,1.162774e-04
2175.050,1.214128e-04
2175.100,1.276415e-04
2175.150,1.350717e-04
2175.200,1.439059e-04
2175.250,1.544503e-04
2175.300,1.671797e-04
2175.350,1.830312e-04
2175.400,2.034945e-04
2175.450,2.361120e-04
2175.500,3.549766e-04
2175.550,3.775808e-04
2175.600,3.328643e-04
2175.650,3.752512e-04
2175.700,4.490582e-04
2175.750,5.896669e-04
2175.800,1.252807e-03
2175.850,9.903616e-04
2175.900,1.103263e-03
2175.950,1.562560e-03
2176.000,2.696838e-03
2176.050,7.849568e-03
2176.100,1.728366e-02
2176.150,8.171103e-03
2176.200,1.533398e-02
2176.250,6.662797e-02
2176.300,1.245870e-01
2176.350,2.142884e-02
2176.400,7.659377e-03
2176.450,3.879005e-03
2176.500,2.344653e-03
2176.550,1.576267e-03
2176.600,1.138712e-03
2176.650,8.711787e-04
2176.700,7.327416e-04
2176.750,5.652984e-04
2176.800,4.761029e-04
2176.850,4.237251e-04
2176.900,4.276484e-04
2176.950,7.596476e-04
2177.000,1.199239e-03
2177.050,3.698349e-04
2177.100,2.560566e-04
2177.150,2.137497e-04
2177.200,1.946648e-04
2177.250,1.710083e-04
2177.300,1.567473e-04
2177.350,1.457461e-04
2177.400,1.368153e-04
2177.450,1.294695e-04
2177.500,1.234937e-04
2177.550,1.196002e-04
2177.600,1.160568e-04
2177.650,1.110608e-04
2177.700,1.087044e-04
2177.750,1.078224e-04
2177.800,1.123272e-04
2177.850,1.621982e-04
2177.900,1.211003e-04
2177.950,1.058594e-04
2178.000,1.037006e-04
2178.050,1.041968e-04
2178.100,1.065224e-04
2178.150,1.121026e-04
2178.200,1.308445e-04
2178.250,2.926566e-04
2178.300,1.661462e-04
2178.350,1.310298e-04
2178.400,1.317699e-04
2178.450,1.421351e-04
2178.500,1.694334e-04
2178.550,2.995756e-04
2178.600,7.875499e-04
2178.650,2.421154e-04
2178.700,1.973806e-04
2178.750,1.996705e-04
2178.800,2.147929e-04
2178.850,2.386157e-04
2178.900,2.724531e-04
2178.950,3.211283e-04
2179.000,3.958236e-04
2179.050,5.306898e-04
2179.100,7.797610e-04
2179.150,1.418348e-03
2179.200,4.624117e-03
2179.250,1.754473e-02
2179.300,3.213057e-03
2179.350,1.502991e-03
2179.400,1.245044e-03
2179.450,1.350840e-03
2179.500,1.710631e-03
2179.550,2.419346e-03
2179.600,3.893365e-03
2179.650,7.518422e-03
2179.700,2.032661e-02
2179.750,1.143861e-01
2179.800,8.231502e-02
2179.850,1.676240e-02
2179.900,6.628899e-03
2179.950,3.515319e-03
2180.000,2.178870e-03
2180.050,1.486918e-03
2180.100,1.083437e-03
2180.150,8.279056e-04
2180.200,6.560404e-04
2180.250,5.353344e-04
2180.300,4.498607e-04
2180.350,3.801549e-04
2180.400,3.285490e-04
2180.450,2.882401e-04
2180.500,2.561298e-04
2180.550,2.302118e-04
2180.600,2.090977e-04
2180.650,1.918181e-04
2180.700,1.777268e-04
2180.750,1.665053e-04
2180.800,1.584024e-04
2180.850,1.555974e-04
2180.900,1.737539e-04
2180.950,3.608050e-04
2181.000,1.868918e-04
2181.050,1.380321e-04
2181.100,1.280256e-04
2181.150,1.258092e-04
2181.200,1.303524e-04
2181.250,1.543212e-04
2181.300,3.355737e-04
2181.350,4.815197e-04
2181.400,1.815157e-04
2181.450,1.405662e-04
2181.500,1.221112e-04
2181.550,1.186696e-04
2181.600,1.188828e-04
2181.650,1.210745e-04
2181.700,1.249758e-04
2181.750,1.330009e-04
2181.800,1.376590e-04
2181.850,1.457596e-04
2181.900,1.573695e-04
2181.950,1.729853e-04
2182.000,1.944815e-04
2182.050,2.253926e-04
2182.100,2.728101e-04
2182.150,3.527483e-04
2182.200,5.081550e-04
2182.250,8.892180e-04
2182.300,2.331231e-03
2182.350,1.399972e-02
2182.400,5.356631e-03
2182.450,1.553267e-03
2182.500,1.821839e-03
2182.550,8.400585e-04
2182.600,5.659536e-04
2182.650,5.282175e-04
2182.700,5.537393e-04
2182.750,6.209062e-04
2182.800,7.321236e-04
2182.850,9.032505e-04
2182.900,1.168466e-03
2182.950,1.599027e-03
2183.000,2.351656e-03
2183.050,3.836993e-03
2183.100,7.415148e-03
2183.150,1.979331e-02
2183.200,1.094015e-01
2183.250,9.230896e-02
2183.300,1.794668e-02
2183.350,6.965202e-03
2183.400,3.660449e-03
2183.450,2.257732e-03
2183.500,1.538455e-03
2183.550,1.127737e-03
2183.600,9.243496e-04
2183.650,7.600770e-04
2183.700,5.740157e-04
2183.750,4.785089e-04
2183.800,3.981469e-04
2183.850,3.471924e-04
2183.900,3.144779e-04
2183.950,3.160430e-04
2184.000,4.979254e-04
2184.050,5.618665e-04
2184.100,2.489729e-04
2184.150,2.002235e-04
2184.200,1.784472e-04
2184.250,1.642639e-04
2184.300,1.537063e-04
2184.350,1.454390e-04
2184.400,1.388574e-04
2184.450,1.336480e-04
2184.500,1.295956e-04
2184.550,1.265221e-04
2184.600,1.244574e-04
2184.650,1.233506e-04
2184.700,1.232278e-04
2184.750,1.241711e-04
2184.800,1.263362e-04
2184.850,1.299887e-04
2184.900,1.355750e-04
2184.950,1.438739e-04
2185.000,1.563551e-04
2185.050,1.762093e-04
2185.100,2.123131e-04
2185.150,3.044136e-04
2185.200,9.094739e-04
2185.250,7.164002e-04
2185.300,6.017248e-04
2185.350,1.087842e-03
2185.400,3.714726e-03
2185.450,1.650386e-02
2185.500,2.697097e-03
2185.550,9.245548e-04
2185.600,5.209360e-04
2185.650,3.758091e-04
2185.700,3.132091e-04
2185.750,2.868595e-04
2185.800,2.795884e-04
2185.850,2.848078e-04
2185.900,3.002108e-04
2185.950,3.273361e-04
2186.000,3.842877e-04
2186.050,4.075831e-04
2186.100,4.691944e-04
2186.150,5.574492e-04
2186.200,6.885500e-04
2186.250,9.951645e-04
2186.300,1.106417e-03
2186.350,1.468899e-03
2186.400,2.113667e-03
2186.450,3.336068e-03
2186.500,6.072136e-03
2186.550,1.430574e-02
2186.600,5.999246e-02
2186.650,1.748460e-01
2186.700,2.796087e-02
2186.750,9.207188e-03
2186.800,4.494042e-03
2186.850,2.658320e-03
2186.900,1.761961e-03
2186.950,1.264568e-03
2187.000,1.007224e-03
2187.050,7.522702e-04
2187.100,6.007427e-04
2187.150,4.965595e-04
2187.200,4.199064e-04
2187.250,3.617338e-04
2187.300,3.166230e-04
2187.350,2.810693e-04
2187.400,2.527162e-04
2187.450,2.299441e-04
2187.500,2.116354e-04
2187.550,1.970473e-04
2187.600,1.857685e-04
2187.650,1.777938e-04
2187.700,1.738922e-04
2187.750,1.771174e-04
2187.800,2.010471e-04
2187.850,3.566076e-04
2187.900,1.076215e-03
2187.950,2.647647e-04
2188.000,1.856468e-04
2188.050,1.718085e-04
2188.100,1.740879e-04
2188.150,1.868882e-04
2188.200,2.181753e-04
2188.250,2.623907e-04
2188.300,3.389282e-04
2188.350,5.276658e-04
2188.400,1.097176e-03
2188.450,4.277349e-03
2188.500,1.357210e-02
2188.550,2.108183e-03
2188.600,7.653874e-04
2188.650,4.323407e-04
2188.700,3.065448e-04
2188.750,2.506953e-04
2188.800,2.381639e-04
2188.850,3.466033e-04
2188.900,2.097461e-04
2188.950,1.948678e-04
2189.000,1.949278e-04
2189.050,2.007796e-04
2189.100,2.112425e-04
2189.150,2.269655e-04
2189.200,2.513130e-04
2189.250,3.026162e-04
2189.300,6.312788e-04
2189.350,4.369406e-04
2189.400,3.883422e-04
2189.450,4.300130e-04
2189.500,4.994790e-04
2189.550,5.972123e-04
2189.600,7.343739e-04
2189.650,9.325299e-04
2189.700,1.232186e-03
2189.750,1.715029e-03
2189.800,2.565516e-03
2189.850,4.274358e-03
2189.900,8.522135e-03
2189.950,2.424397e-02
2190.000,1.480361e-01
2190.050,7.436819e-02
2190.100,1.618182e-02
2190.150,6.608198e-03
2190.200,3.560472e-03
2190.250,2.228931e-03
2190.300,1.534164e-03
2190.350,1.130365e-03
2190.400,8.902501e-04
2190.450,7.465596e-04
2190.500,8.963212e-04
2190.550,9.217112e-04
2190.600,4.704013e-04
2190.650,3.738297e-04
2190.700,3.211067e-04
2190.750,2.846760e-04
2190.800,2.589581e-04
2190.850,2.359972e-04
2190.900,2.198297e-04
2190.950,2.080798e-04
2191.000,2.002908e-04
2191.050,1.966171e-04
2191.100,1.977117e-04
2191.150,2.051587e-04
2191.200,2.223332e-04
2191.250,2.567160e-04
2191.300,3.270480e-04
2191.350,4.933007e-04
2191.400,1.058657e-03
2191.450,3.218663e-03
2191.500,1.495392e-02
2191.550,2.336663e-03
2191.600,7.821722e-04
2191.650,4.249031e-04
2191.700,2.928072e-04
2191.750,2.328673e-04
2191.800,2.084073e-04
2191.850,2.398466e-04
2191.900,5.784917e-04
2191.950,2.030534e-04
2192.000,1.621706e-04
2192.050,1.525090e-04
2192.100,1.499672e-04
2192.150,1.507116e-04
2192.200,1.536843e-04
2192.250,1.585422e-04
2192.300,1.652228e-04
2192.350,1.738237e-04
2192.400,1.845753e-04
2192.450,1.978739e-04
2192.500,2.145341e-04
2192.550,2.400403e-04
2192.600,2.622318e-04
2192.650,2.879141e-04
2192.700,3.247143e-04
2192.750,3.719820e-04
2192.800,4.335292e-04
2192.850,5.170838e-04
2192.900,6.572006e-04
2192.950,7.890242e-04
2193.000,9.973787e-04
2193.050,1.352548e-03
2193.100,2.132927e-03
2193.150,3.165057e-03
2193.200,4.795222e-03
2193.250,9.873364e-03
2193.300,3.083085e-02
2193.350,1.970660e-01
2193.400,5.379977e-02
2193.450,1.354722e-02
2193.500,5.884828e-03
2193.550,3.271164e-03
2193.600,2.085937e-03
2193.650,1.452143e-03
2193.700,1.075062e-03
2193.750,8.336695e-04
2193.800,6.714398e-04
2193.850,5.618678e-04
2193.900,5.310946e-04
2193.950,4.454463e-04
2194.000,3.709450e-04
2194.050,3.353404e-04
2194.100,3.143536e-04
2194.150,3.064979e-04
2194.200,3.152052e-04
2194.250,3.513703e-04
2194.300,4.469047e-04
2194.350,7.175412e-04
2194.400,1.836746e-03
2194.450,1.146402e-02
2194.500,4.067331e-03
2194.550,1.024339e-03
2194.600,4.998510e-04
2194.650,3.272100e-04
2194.700,2.550064e-04
2194.750,2.032995e-04
2194.800,1.765120e-04
2194.850,1.593535e-04
2194.900,1.477213e-04
2194.950,1.396366e-04
2195.000,1.340156e-04
2195.050,1.302469e-04
2195.100,1.278545e-04
2195.150,1.266972e-04
2195.200,1.266116e-04
2195.250,1.275338e-04
2195.300,1.294647e-04
2195.350,1.324757e-04
2195.400,1.367410e-04
2195.450,1.426314e-04
2195.500,1.510034e-04
2195.550,1.642929e-04
2195.600,1.924991e-04
2195.650,3.193713e-04
2195.700,7.981624e-04
2195.750,2.714687e-04
2195.800,2.657259e-04
2195.850,2.559165e-04
2195.900,2.604862e-04
2195.950,2.850446e-04
2196.000,3.191888e-04
2196.050,3.636308e-04
2196.100,4.213505e-04
2196.150,4.973790e-04
2196.200,5.998277e-04
2196.250,7.421769e-04
2196.300,9.482929e-04
2196.350,1.267018e-03
2196.400,1.859072e-03
2196.450,2.656716e-03
2196.500,4.452722e-03
2196.550,9.041150e-03
2196.600,2.682338e-02
2196.650,1.711229e-01
2196.700,6.345832e-02
2196.750,1.479162e-02
2196.800,6.230752e-03
2196.850,3.424145e-03
2196.900,2.222445e-03
2196.950,1.787925e-03
2197.000,1.154116e-03
2197.050,8.935304e-04
2197.100,7.382907e-04
2197.150,6.495349e-04
2197.200,6.230475e-04
2197.250,6.941229e-04
2197.300,1.047612e-03
2197.350,3.171841e-03
2197.400,1.250847e-02
2197.450,1.949322e-03
2197.500,7.461507e-04
2197.550,4.478095e-04
2197.600,3.265426e-04
2197.650,2.628716e-04
2197.700,2.239543e-04
2197.750,1.977741e-04
2197.800,1.790525e-04
2197.850,1.651696e-04
2197.900,1.547340e-04
2197.950,1.470399e-04
2198.000,1.419316e-04
2198.050,1.401262e-04
2198.100,1.451713e-04
2198.150,1.781858e-04
2198.200,5.441530e-04
2198.250,2.880943e-04
2198.300,1.523543e-04
2198.350,1.312416e-04
2198.400,1.250184e-04
2198.450,1.231511e-04
2198.500,1.234171e-04
2198.550,1.253380e-04
2198.600,1.297022e-04
2198.650,1.462046e-04
2198.700,1.651545e-04
2198.750,1.463624e-04
2198.800,1.599792e-04
2198.850,2.407068e-04
2198.900,1.715386e-04
2198.950,1.747687e-04
2199.000,1.858158e-04
2199.050,2.004141e-04
2199.100,2.185075e-04
2199.150,2.407590e-04
2199.200,2.683534e-04
2199.250,3.032965e-04
2199.300,3.498515e-04
2199.350,4.258781e-04
2199.400,7.415245e-04
2199.450,5.964783e-04
2199.500,6.887483e-04
2199.550,8.594415e-04
2199.600,1.119918e-03
2199.650,1.532945e-03
2199.700,2.240759e-03
2199.750,3.604409e-03
2199.800,6.765404e-03
2199.850,1.696539e-02
2199.900,8.268682e-02
2199.950,1.286756e-01
2200.000,2.191713e-02
2200.050,8.019387e-03
2200.100,4.193451e-03
2200.150,2.750368e-03
2200.200,2.419427e-03
2200.250,4.958877e-03
2200.300,8.986606e-03
2200.350,1.895050e-03
2200.400,9.817097e-04
2200.450,6.787888e-04
2200.500,5.255496e-04
2200.550,4.330138e-04
2200.600,3.770259e-04
2200.650,3.762782e-04
2200.700,8.380971e-04
2200.750,3.321201e-04
2200.800,2.413804e-04
2200.850,2.093824e-04
2200.900,1.891897e-04
2200.950,1.741198e-04
2201.000,1.622051e-04
2201.050,1.526148e-04
2201.100,1.450106e-04
2201.150,1.396934e-04
2201.200,1.406871e-04
2201.250,2.052206e-04
2201.300,1.346835e-04
2201.350,1.237495e-04
2201.400,1.207919e-04
2201.450,1.224251e-04
2201.500,1.565158e-04
2201.550,1.254327e-04
2201.600,1.184197e-04
2201.650,1.187248e-04
2201.700,1.220573e-04
2201.750,1.325983e-04
2201.800,2.072554e-04
2201.850,2.268628e-04
2201.900,1.431606e-04
2201.950,1.379546e-04
2202.000,1.408607e-04
2202.050,1.465273e-04
2202.100,1.540602e-04
2202.150,1.633670e-04
2202.200,1.746200e-04
2202.250,1.881465e-04
2202.300,2.044189e-04
2202.350,2.240846e-04
2202.400,2.480243e-04
2202.450,2.774490e-04
2202.500,3.140513e-04
2202.550,3.602495e-04
2202.600,4.195911e-04
2202.650,4.974466e-04
2202.700,6.022559e-04
2202.750,7.478987e-04
2202.800,9.585055e-04
2202.850,1.279075e-03
2202.900,1.801511e-03
2202.950,2.738114e-03
2203.000,4.674279e-03
2203.050,9.743864e-03
2203.100,3.091321e-02
2203.150,1.878877e-01
2203.200,5.593420e-02
2203.250,1.374285e-02
2203.300,5.912843e-03
2203.350,3.268709e-03
2203.400,2.075200e-03
2203.450,1.438365e-03
2203.500,1.059881e-03
2203.550,8.189187e-04
2203.600,6.776878e-04
2203.650,5.541413e-04
2203.700,4.485966e-04
2203.750,3.808501e-04
2203.800,3.296105e-04
2203.850,2.894969e-04
2203.900,2.574795e-04
2203.950,2.315581e-04
2204.000,2.103407e-04
2204.050,1.928355e-04
2204.100,1.783400e-04
2204.150,1.664154e-04
2204.200,1.571069e-04
2204.250,1.534506e-04
2204.300,1.817280e-04
2204.350,1.391008e-04
2204.400,1.295725e-04
2204.450,1.243558e-04
2204.500,1.205344e-04
2204.550,1.176152e-04
2204.600,1.154326e-04
2204.650,1.139072e-04
2204.700,1.129952e-04
2204.750,1.126737e-04
2204.800,1.129356e-04
2204.850,1.137876e-04
2204.900,1.152501e-04
2204.950,1.173576e-04
2205.000,1.201615e-04
2205.050,1.237325e-04
2205.100,1.281659e-04
2205.150,1.335895e-04
2205.200,1.401762e-04
2205.250,1.481671e-04
2205.300,1.579214e-04
2205.350,1.700877e-04
2205.400,1.862014e-04
2205.450,2.069145e-04
2205.500,2.467983e-04
2205.550,4.687394e-04
2205.600,3.971938e-04
2205.650,3.366346e-04
2205.700,3.800118e-04
2205.750,4.613102e-04
2205.800,6.054112e-04
2205.850,9.288888e-04
2205.900,2.235478e-03
2205.950,1.132016e-02
2206.000,2.480808e-03
2206.050,1.669910e-03
2206.100,1.945104e-03
2206.150,2.794132e-03
2206.200,4.728921e-03
2206.250,1.006153e-02
2206.300,3.382197e-02
2206.350,2.013210e-01
2206.400,4.019694e-02
2206.450,1.106887e-02
2206.500,4.994979e-03
2206.550,2.831916e-03
2206.600,1.826764e-03
2206.650,1.280317e-03
2206.700,9.508910e-04
2206.750,7.372299e-04
2206.800,5.909223e-04
2206.850,4.864926e-04
2206.900,4.095705e-04
2206.950,3.518444e-04
2207.000,3.105436e-04
2207.050,3.077857e-04
2207.100,2.459560e-04
2207.150,2.183397e-04
2207.200,1.982765e-04
2207.250,1.820978e-04
2207.300,1.687526e-04
2207.350,1.576486e-04
2207.400,1.483793e-04
2207.450,1.406474e-04
2207.500,1.342330e-04
2207.550,1.289782e-04
2207.600,1.247871e-04
2207.650,1.217021e-04
2207.700,1.200707e-04
2207.750,1.186208e-04
2207.800,1.199004e-04
2207.850,1.270940e-04
2207.900,1.692564e-04
2207.950,4.775088e-04
2208.000,1.555813e-04
2208.050,1.288242e-04
2208.100,1.256591e-04
2208.150,1.280825e-04
2208.200,1.364018e-04
2208.250,1.866359e-04
2208.300,1.507587e-04
2208.350,1.575194e-04
2208.400,1.721112e-04
2208.450,1.942568e-04
2208.500,2.293923e-04
2208.550,2.923673e-04
2208.600,4.321093e-04
2208.650,8.934561e-04
2208.700,4.520050e-03
2208.750,3.995355e-03
2208.800,9.096393e-04
2208.850,5.321025e-04
2208.900,4.523404e-04
2208.950,4.541450e-04
2209.000,4.972516e-04
2209.050,5.753442e-04
2209.100,6.954460e-04
2209.150,8.767179e-04
2209.200,1.158279e-03
2209.250,1.622046e-03
2209.300,2.458890e-03
2209.350,4.197366e-03
2209.400,8.766596e-03
2209.450,2.774166e-02
2209.500,1.782857e-01
2209.550,4.578408e-02
2209.600,1.166064e-02
2209.650,5.092210e-03
2209.700,2.839837e-03
2209.750,1.834122e-03
2209.800,1.268752e-03
2209.850,9.327208e-04
2209.900,7.198396e-04
2209.950,5.753598e-04
2210.000,4.729176e-04
2210.050,3.979503e-04
2210.100,3.420315e-04
2210.150,3.006933e-04
2210.200,2.749705e-04
2210.250,3.086224e-04
2210.300,4.063034e-04
2210.350,2.155751e-04
2210.400,1.850202e-04
2210.450,1.710370e-04
2210.500,1.920672e-04
2210.550,1.523162e-04
2210.600,1.396383e-04
2210.650,1.326370e-04
2210.700,1.274891e-04
2210.750,1.236282e-04
2210.800,1.208762e-04
2210.850,1.191770e-04
2210.900,1.185525e-04
2210.950,1.191059e-04
2211.000,1.210523e-04
2211.050,1.247862e-04
2211.100,1.310263e-04
2211.150,1.411365e-04
2211.200,1.579176e-04
2211.250,1.878427e-04
2211.300,2.487516e-04
2211.350,4.056383e-04
2211.400,1.053727e-03
2211.450,7.484866e-03
2211.500,1.884601e-03
2211.550,5.472793e-04
2211.600,3.153320e-04
2211.650,2.438139e-04
2211.700,2.181564e-04
2211.750,2.114965e-04
2211.800,2.152634e-04
2211.850,2.264154e-04
2211.900,2.441173e-04
2211.950,2.687225e-04
2212.000,3.015081e-04
2212.050,3.447677e-04
2212.100,4.022020e-04
2212.150,4.797277e-04
2212.200,5.870483e-04
2212.250,7.408140e-04
2212.300,9.714412e-04
2212.350,1.339384e-03
2212.400,1.980776e-03
2212.450,3.251543e-03
2212.500,6.213659e-03
2212.550,1.644453e-02
2212.600,9.033587e-02
2212.650,8.638531e-02
2212.700,1.600738e-02
2212.750,6.120468e-03
2212.800,3.186592e-03
2212.850,1.955328e-03
2212.900,1.325927e-03
2212.950,9.620306e-04
2213.000,7.330766e-04
2213.050,5.798783e-04
2213.100,4.724719e-04
2213.150,3.943786e-04
2213.200,3.359328e-04
2213.250,2.911663e-04
2213.300,2.562369e-04
2213.350,2.285866e-04
2213.400,2.064660e-04
2213.450,1.886554e-04
2213.500,1.742964e-04
2213.550,1.627892e-04
2213.600,1.537329e-04
2213.650,1.468968e-04
2213.700,1.422229e-04
2213.750,1.398698e-04
2213.800,1.403315e-04
2213.850,1.447272e-04
2213.900,1.555379e-04
2213.950,1.787325e-04
2214.000,2.312418e-04
2214.050,3.768526e-04
2214.100,1.028367e-03
2214.150,7.415956e-03
2214.200,1.429916e-03
2214.250,4.362394e-04
2214.300,2.477830e-04
2214.350,1.838428e-04
2214.400,1.560109e-04
2214.450,1.426727e-04
2214.500,1.365582e-04
2214.550,1.347426e-04
2214.600,1.359652e-04
2214.650,1.397881e-04
2214.700,1.464787e-04
2214.750,1.580515e-04
2214.800,1.898120e-04
2214.850,4.068493e-04
2214.900,2.362954e-04
2214.950,2.156094e-04
2215.000,2.315269e-04
2215.050,2.647994e-04
2215.100,3.061098e-04
2215.150,3.392900e-04
2215.200,3.988963e-04
2215.250,4.812628e-04
2215.300,5.968203e-04
2215.350,7.651226e-04
2215.400,1.023210e-03
2215.450,1.447662e-03
2215.500,2.218073e-03
2215.550,3.840370e-03
2215.600,8.220036e-03
2215.650,2.756562e-02
2215.700,1.754297e-01
2215.750,3.492381e-02
2215.800,9.398389e-03
2215.850,4.206732e-03
2215.900,2.375495e-03
2215.950,1.529195e-03
2216.000,1.070962e-03
2216.050,7.957124e-04
2216.100,6.178680e-04
2216.150,4.966442e-04
2216.200,4.106372e-04
2216.250,3.477770e-04
2216.300,3.008885e-04
2216.350,2.655668e-04
2216.400,2.391135e-04
2216.450,2.200303e-04
2216.500,2.078990e-04
2216.550,2.037394e-04
2216.600,2.114702e-04
2216.650,2.432376e-04
2216.700,3.440348e-04
2216.750,7.799648e-04
2216.800,5.329653e-03
2216.850,1.633867e-03
2216.900,4.471200e-04
2216.950,2.488266e-04
2217.000,1.905271e-04
2217.050,2.489555e-04
2217.100,1.943252e-04
2217.150,1.293808e-04
2217.200,1.161355e-04
2217.250,1.100231e-04
2217.300,1.067088e-04
2217.350,1.050596e-04
2217.400,1.046327e-04
2217.450,1.052330e-04
2217.500,1.067979e-04
2217.550,1.093967e-04
2217.600,1.134887e-04
2217.650,1.235926e-04
2217.700,1.354066e-04
2217.750,1.301069e-04
2217.800,1.368403e-04
2217.850,1.462169e-04
2217.900,1.578927e-04
2217.950,1.722366e-04
2218.000,1.898914e-04
2218.050,2.117832e-04
2218.100,2.392285e-04
2218.150,2.741287e-04
2218.200,3.193007e-04
2218.250,3.790543e-04
2218.300,4.602472e-04
2218.350,5.743249e-04
2218.400,7.415546e-04
2218.450,1.000626e-03
2218.500,1.433040e-03
2218.550,2.235341e-03
2218.600,3.985276e-03
2218.650,9.023210e-03
2218.700,3.472501e-02
2218.750,1.610980e-01
2218.800,2.399278e-02
2218.850,7.327781e-03
2218.900,3.463894e-03
2218.950,2.016891e-03
2219.000,1.326781e-03
2219.050,9.474548e-04
2219.100,7.207646e-04
2219.150,5.945392e-04
2219.200,4.977189e-04
2219.250,5.663578e-04
2219.300,4.712168e-04
2219.350,6.267096e-04
2219.400,2.210186e-03
2219.450,3.183782e-03
2219.500,6.234598e-04
2219.550,3.226373e-04
2219.600,2.301594e-04
2219.650,1.864389e-04
2219.700,1.605906e-04
2219.750,1.432349e-04
2219.800,1.306663e-04
2219.850,1.211395e-04
2219.900,1.137226e-04
2219.950,1.078712e-04
2220.000,1.032487e-04
2220.050,9.964690e-05
2220.100,9.696871e-05
2220.150,9.534629e-05
2220.200,9.659592e-05
2220.250,1.124924e-04
2220.300,9.417768e-05
2220.350,9.270032e-05
2220.400,9.310293e-05
2220.450,9.432145e-05
2220.500,9.622088e-05
2220.550,9.880535e-05
2220.600,1.021267e-04
2220.650,1.062689e-04
2220.700,1.113476e-04
2220.750,1.175160e-04
2220.800,1.249748e-04
2220.850,1.339874e-04
2220.900,1.449016e-04
2220.950,1.581827e-04
2221.000,1.744628e-04
2221.050,1.946214e-04
2221.100,2.199304e-04
2221.150,2.524478e-04
2221.200,2.990165e-04
2221.250,3.531735e-04
2221.300,4.239838e-04
2221.350,5.345146e-04
2221.400,7.898404e-04
2221.450,9.259544e-04
2221.500,1.294720e-03
2221.550,2.000541e-03
2221.600,3.526600e-03
2221.650,7.829835e-03
2221.700,2.883025e-02
2221.750,1.574776e-01
2221.800,2.427400e-02
2221.850,7.169189e-03
2221.900,3.461146e-03
2221.950,2.464938e-03
2222.000,6.066591e-03
2222.050,1.787160e-03
2222.100,8.723972e-04
2222.150,6.014925e-04
2222.200,4.593345e-04
2222.250,3.688526e-04
2222.300,3.059086e-04
2222.350,2.598054e-04
2222.400,2.248519e-04
2222.450,1.976786e-04
2222.500,1.761487e-04
2222.550,1.588450e-04
2222.600,1.448078e-04
2222.650,1.334306e-04
2222.700,1.247238e-04
2222.750,1.255189e-04
2222.800,1.141536e-04
2222.850,1.041268e-04
2222.900,9.889759e-05
2222.950,9.492563e-05
2223.000,9.178983e-05
2223.050,8.935394e-05
2223.100,8.756506e-05
2223.150,8.646936e-05
2223.200,8.668858e-05
2223.250,9.877997e-05
2223.300,8.710160e-05
2223.350,8.704438e-05
2223.400,8.917997e-05
2223.450,9.540517e-05
2223.500,1.482166e-04
2223.550,1.204497e-04
2223.600,1.020842e-04
2223.650,1.035784e-04
2223.700,1.081146e-04
2223.750,1.143203e-04
2223.800,1.220967e-04
2223.850,1.316455e-04
2223.900,1.433335e-04
2223.950,1.576932e-04
2224.000,1.754736e-04
2224.050,1.977350e-04
2224.100,2.260089e-04
2224.150,2.625699e-04
2224.200,3.109178e-04
2224.250,3.766856e-04
2224.300,4.694874e-04
2224.350,6.071391e-04
2224.400,8.272111e-04
2224.450,1.231135e-03
2224.500,2.329976e-03
2224.550,6.988000e-03
2224.600,5.959108e-03
2224.650,1.671314e-02
2224.700,1.172131e-01
2224.750,3.738443e-02
2224.800,8.620489e-03
2224.850,3.640812e-03
2224.900,1.997916e-03
2224.950,1.264477e-03
2225.000,8.754698e-04
2225.050,6.448947e-04
2225.100,4.972670e-04
2225.150,3.974687e-04
2225.200,3.288801e-04
2225.250,2.984650e-04
2225.300,2.374590e-04
2225.350,2.046041e-04
2225.400,1.804379e-04
2225.450,1.617685e-04
2225.500,1.481566e-04
2225.550,1.474553e-04
2225.600,1.923682e-04
2225.650,1.200833e-04
2225.700,1.080309e-04
2225.750,1.008873e-04
2225.800,9.546896e-05
2225.850,9.114190e-05
2225.900,8.765846e-05
2225.950,8.488254e-05
2226.000,8.272686e-05
2226.050,8.113255e-05
2226.100,8.006061e-05
2226.150,7.948795e-05
2226.200,7.940543e-05
2226.250,7.981737e-05
2226.300,8.074200e-05
2226.350,8.221312e-05
2226.400,8.428321e-05
2226.450,8.702842e-05
2226.500,9.055694e-05
2226.550,9.502263e-05
2226.600,1.006488e-04
2226.650,1.077716e-04
2226.700,1.169260e-04
2226.750,1.290344e-04
2226.800,1.458745e-04
2226.850,1.714551e-04
2226.900,2.171306e-04
2226.950,3.291049e-04
2227.000,8.856619e-04
2227.050,3.712596e-03
2227.100,6.463403e-04
2227.150,4.164177e-04
2227.200,4.223082e-04
2227.250,4.806793e-04
2227.300,6.012290e-04
2227.350,8.021948e-04
2227.400,1.149049e-03
2227.450,1.809573e-03
2227.500,3.298019e-03
2227.550,7.837024e-03
2227.600,3.440703e-02
2227.650,1.066579e-01
2227.700,1.488910e-02
2227.750,4.910400e-03
2227.800,2.400930e-03
2227.850,1.422368e-03
2227.900,9.435298e-04
2227.950,6.744559e-04
2228.000,5.084948e-04
2228.050,3.990468e-04
2228.100,3.231434e-04
2228.150,2.684060e-04
2228.200,2.276870e-04
2228.250,1.966263e-04
2228.300,1.724429e-04
2228.350,1.532961e-04
2228.400,1.379292e-04
2228.450,1.254616e-04
2228.500,1.152627e-04
2228.550,1.068724e-04
2228.600,9.995059e-05
2228.650,9.424307e-05
2228.700,8.955946e-05
2228.750,8.575793e-05
2228.800,8.273542e-05
2228.850,8.042192e-05
2228.900,7.877897e-05
2228.950,7.780504e-05
2229.000,7.756408e-05
2229.050,7.840574e-05
2229.100,8.586364e-05
2229.150,8.244755e-05
2229.200,8.592906e-05
2229.250,9.278961e-05
2229.300,1.052124e-04
2229.350,1.307683e-04
2229.400,1.993749e-04
2229.450,5.264234e-04
2229.500,3.551660e-03
2229.550,5.300956e-04
2229.600,2.497230e-04
2229.650,1.699291e-04
2229.700,1.448365e-04
2229.750,1.429269e-04
2229.800,1.494001e-04
2229.850,1.616383e-04
2229.900,1.794176e-04
2229.950,2.036714e-04
2230.000,2.364063e-04
2230.050,2.813518e-04
2230.100,3.508990e-04
2230.150,4.322370e-04
2230.200,5.624856e-04
2230.250,7.727976e-04
2230.300,1.137908e-03
2230.350,1.854363e-03
2230.400,3.566274e-03
2230.450,9.446043e-03
2230.500,5.456543e-02
2230.550,5.492094e-02
2230.600,9.478178e-03
2230.650,3.573156e-03
2230.700,1.856090e-03
2230.750,1.137745e-03
2230.800,7.715555e-04
2230.850,5.602525e-04
2230.900,4.275998e-04
2230.950,3.401040e-04
2231.000,2.786447e-04
2231.050,2.315136e-04
2231.100,1.975518e-04
2231.150,1.716675e-04
2231.200,1.515313e-04
2231.250,1.356494e-04
2231.300,1.230183e-04
2231.350,1.129608e-04
2231.400,1.050506e-04
2231.450,9.915377e-05
2231.500,9.606799e-05
2231.550,1.107133e-04
2231.600,1.015985e-04
2231.650,9.152820e-05
2231.700,9.477159e-05
2231.750,1.069656e-04
2231.800,1.421932e-04
2231.850,2.824823e-04
2231.900,1.748224e-03
2231.950,8.121031e-04
2232.000,2.097607e-04
2232.050,1.234832e-04
2232.100,9.733421e-05
2232.150,8.686808e-05
2232.200,8.246065e-05
2232.250,8.109523e-05
2232.300,8.162830e-05
2232.350,8.361804e-05
2232.400,8.704974e-05
2232.450,9.362241e-05
2232.500,1.020950e-04
2232.550,1.043905e-04
2232.600,1.128833e-04
2232.650,1.239891e-04
2232.700,1.380873e-04
2232.750,1.561610e-04
2232.800,1.819613e-04
2232.850,2.097862e-04
2232.900,2.496098e-04
2232.950,3.052759e-04
2233.000,3.850095e-04
2233.050,5.045864e-04
2233.100,6.953938e-04
2233.150,1.027133e-03
2233.200,1.681045e-03
2233.250,3.256753e-03
2233.300,8.766815e-03
2233.350,5.295503e-02
2233.400,4.588254e-02
2233.450,8.136964e-03
2233.500,3.133101e-03
2233.550,1.627902e-03
2233.600,1.001586e-03
2233.650,6.814501e-04
2233.700,4.963791e-04
2233.750,3.800642e-04
2233.800,3.024634e-04
2233.850,2.484046e-04
2233.900,2.096154e-04
2233.950,1.813784e-04
2234.000,1.610469e-04
2234.050,1.474997e-04
2234.100,1.414685e-04
2234.150,1.481186e-04
2234.200,1.919502e-04
2234.250,4.755997e-04
2234.300,2.395861e-03
2234.350,3.299800e-04
2234.400,1.488444e-04
2234.450,1.055722e-04
2234.500,8.788862e-05
2234.550,7.864716e-05
2234.600,7.574816e-05
2234.650,6.928670e-05
2234.700,6.645630e-05
2234.750,6.515415e-05
2234.800,6.957688e-05
2234.850,6.472991e-05
2234.900,6.336192e-05
2234.950,6.368825e-05
2235.000,6.466232e-05
2235.050,6.619605e-05
2235.100,6.831060e-05
2235.150,7.107364e-05
2235.200,7.460752e-05
2235.250,7.916838e-05
2235.300,8.574770e-05
2235.350,1.105242e-04
2235.400,1.034731e-04
2235.450,1.087793e-04
2235.500,1.202365e-04
2235.550,1.353058e-04
2235.600,1.547616e-04
2235.650,1.801785e-04
2235.700,2.140770e-04
2235.750,2.605381e-04
2235.800,3.264729e-04
2235.850,4.243260e-04
2235.900,5.783613e-04
2235.950,8.411708e-04
2236.000,1.344861e-03
2236.050,2.503331e-03
2236.100,6.198267e-03
2236.150,3.051119e-02
2236.200,6.440287e-02
2236.250,9.224235e-03
2236.300,3.208323e-03
2236.350,1.613683e-03
2236.400,9.760628e-04
2236.450,6.656506e-04
2236.500,5.042885e-04
2236.550,4.561136e-04
2236.600,8.611571e-04
2236.650,1.264203e-03
2236.700,3.260202e-04
2236.750,2.080573e-04
2236.800,1.624736e-04
2236.850,1.360424e-04
2236.900,1.179796e-04
2236.950,1.046550e-04
2237.000,9.447726e-05
2237.050,8.692329e-05
2237.100,8.697382e-05
2237.150,7.739524e-05
2237.200,9.538869e-05
2237.250,6.853566e-05
2237.300,6.368715e-05
2237.350,6.093744e-05
2237.400,5.893464e-05
2237.450,5.745209e-05
2237.500,5.640731e-05
2237.550,5.575919e-05
2237.600,5.548657e-05
2237.650,5.558177e-05
2237.700,5.604843e-05
2237.750,5.690104e-05
2237.800,5.816562e-05
2237.850,5.988133e-05
2237.900,6.210359e-05
2237.950,6.491062e-05
2238.000,6.842778e-05
2238.050,7.315434e-05
2238.100,7.867083e-05
2238.150,8.435734e-05
2238.200,9.221059e-05
2238.250,1.020345e-04
2238.300,1.143807e-04
2238.350,1.300888e-04
2238.400,1.504045e-04
2238.450,1.772251e-04
2238.500,2.135500e-04
2238.550,2.643459e-04
2238.600,3.383193e-04
2238.650,4.518788e-04
2238.700,6.390110e-04
2238.750,9.797924e-04
2238.800,1.701752e-03
2238.850,3.678401e-03
2238.900,1.289248e-02
2238.950,9.254605e-02
2239.000,1.559330e-02
2239.050,4.106912e-03
2239.100,1.834345e-03
2239.150,1.036282e-03
2239.200,6.677840e-04
2239.250,4.682730e-04
2239.300,3.486515e-04
2239.350,2.758055e-04
2239.400,2.183114e-04
2239.450,1.796909e-04
2239.500,1.516532e-04
2239.550,1.304842e-04
2239.600,1.141220e-04
2239.650,1.012432e-04
2239.700,9.095729e-05
2239.750,8.264649e-05
2239.800,7.587143e-05
2239.850,7.031329e-05
2239.900,6.573684e-05
2239.950,6.196626e-05
2240.000,5.886888e-05
2240.050,5.634406e-05
2240.100,5.431549e-05
2240.150,5.272585e-05
2240.200,5.153301e-05
2240.250,5.070749e-05
2240.300,5.023081e-05
2240.350,5.009455e-05
2240.400,5.030017e-05
2240.450,5.085967e-05
2240.500,5.179739e-05
2240.550,5.315447e-05
2240.600,5.500118e-05
2240.650,5.748710e-05
2240.700,6.124779e-05
2240.750,7.780471e-05
2240.800,7.026115e-05
2240.850,7.466868e-05
2240.900,8.201440e-05
2240.950,9.213755e-05
2241.000,1.068038e-04
2241.050,1.312751e-04
2241.100,1.886132e-04
2241.150,5.248968e-04
2241.200,8.999130e-04
2241.250,2.937790e-04
2241.300,2.816462e-04
2241.350,3.389917e-04
2241.400,4.484653e-04
2241.450,6.428562e-04
2241.500,1.018662e-03
2241.550,1.882596e-03
2241.600,4.604478e-03
2241.650,2.220205e-02
2241.700,5.458958e-02
2241.750,7.388713e-03
2241.800,2.517698e-03
2241.850,1.251344e-03
2241.900,7.488034e-04
2241.950,5.003208e-04
2242.000,3.597309e-04
2242.050,2.726012e-04
2242.100,2.149435e-04
2242.150,1.748599e-04
2242.200,1.459085e-04
2242.250,1.243587e-04
2242.300,1.079363e-04
2242.350,9.521662e-05
2242.400,8.541823e-05
2242.450,8.055813e-05
2242.500,7.385147e-05
2242.550,6.537172e-05
2242.600,6.066957e-05
2242.650,5.700552e-05
2242.700,5.406561e-05
2242.750,5.171749e-05
2242.800,4.988128e-05
2242.850,4.850699e-05
2242.900,4.756877e-05
2242.950,4.706558e-05
2243.000,4.702812e-05
2243.050,4.753697e-05
2243.100,4.876608e-05
2243.150,5.109547e-05
2243.200,5.544747e-05
2243.250,6.453705e-05
2243.300,8.950698e-05
2243.350,2.199437e-04
2243.400,1.208254e-03
2243.450,1.721074e-04
2243.500,9.224408e-05
2243.550,7.820979e-05
2243.600,7.675718e-05
2243.650,8.019112e-05
2243.700,8.707520e-05
2243.750,9.994759e-05
2243.800,1.089136e-04
2243.850,1.256266e-04
2243.900,1.486271e-04
2243.950,1.805920e-04
2244.000,2.264364e-04
2244.050,2.952005e-04
2244.100,4.050448e-04
2244.150,6.027968e-04
2244.200,9.647351e-04
2244.250,1.845814e-03
2244.300,4.861327e-03
2244.350,2.854565e-02
2244.400,3.197951e-02
2244.450,5.149719e-03
2244.500,1.912356e-03
2244.550,9.881486e-04
2244.600,6.045117e-04
2244.650,4.097849e-04
2244.700,2.977170e-04
2244.750,2.274393e-04
2244.800,1.805393e-04
2244.850,1.477373e-04
2244.900,1.239485e-04
2244.950,1.062003e-04
2245.000,9.266475e-05
2245.050,8.217295e-05
2245.100,7.395726e-05
2245.150,6.750979e-05
2245.200,6.250684e-05
2245.250,5.878026e-05
2245.300,5.634262e-05
2245.350,5.552723e-05
2245.400,5.751128e-05
2245.450,6.667823e-05
2245.500,1.077747e-04
2245.550,5.753700e-04
2245.600,2.804853e-04
2245.650,8.451772e-05
2245.700,5.728368e-05
2245.750,4.895747e-05
2245.800,4.567580e-05
2245.850,4.506835e-05
2245.900,4.541458e-05
2245.950,4.442612e-05
2246.000,4.528395e-05
2246.050,4.679077e-05
2246.100,4.888993e-05
2246.150,5.163060e-05
2246.200,5.511445e-05
2246.250,5.949550e-05
2246.300,6.499401e-05
2246.350,7.192223e-05
2246.400,8.072720e-05
2246.450,9.206161e-05
2246.500,1.069041e-04
2246.550,1.267725e-04
2246.600,1.541193e-04
2246.650,1.931153e-04
2246.700,2.513203e-04
2246.750,3.436065e-04
2246.800,5.026067e-04
2246.850,8.117642e-04
2246.900,1.540078e-03
2246.950,3.978793e-03
2247.000,2.230824e-02
2247.050,3.109103e-02
2247.100,4.705602e-03
2247.150,1.708712e-03
2247.200,8.745743e-04
2247.250,5.326184e-04
2247.300,3.604622e-04
2247.350,2.621178e-04
2247.400,2.010712e-04
2247.450,1.611477e-04
2247.500,1.346603e-04
2247.550,1.186931e-04
2247.600,1.169262e-04
2247.650,1.748263e-04
2247.700,9.057145e-04
2247.750,1.520748e-04
2247.800,8.158605e-05
2247.850,6.362972e-05
2247.900,5.509233e-05
2247.950,5.055528e-05
2248.000,4.667752e-05
2248.050,4.301069e-05
2248.100,4.072774e-05
2248.150,3.901416e-05
2248.200,3.772322e-05
2248.250,3.678368e-05
2248.300,3.615331e-05
2248.350,3.580700e-05
2248.400,3.573193e-05
2248.450,3.592535e-05
2248.500,3.639379e-05
2248.550,3.715311e-05
2248.600,3.822945e-05
2248.650,3.966096e-05
2248.700,4.150064e-05
2248.750,4.382053e-05
2248.800,4.671800e-05
2248.850,5.032495e-05
2248.900,5.482177e-05
2248.950,6.045855e-05
2249.000,6.758851e-05
2249.050,7.672197e-05
2249.100,8.861671e-05
2249.150,1.044358e-04
2249.200,1.260366e-04
2249.250,1.565330e-04
2249.300,2.014698e-04
2249.350,2.715087e-04
2249.400,3.893347e-04
2249.450,6.104627e-04
2249.500,1.102023e-03
2249.550,2.572983e-03
2249.600,1.100381e-02
2249.650,4.832401e-02
2249.700,5.776058e-03
2249.750,1.917560e-03
2249.800,1.373067e-03
2249.850,5.601586e-04
2249.900,3.525680e-04
2249.950,2.480390e-04
2250.000,1.863333e-04
2250.050,1.463895e-04
2250.100,1.178623e-04
2250.150,9.798527e-05
2250.200,8.332619e-05
2250.250,7.220917e-05
2250.300,6.359739e-05
2250.350,5.681311e-05
2250.400,5.139729e-05
2250.450,4.703019e-05
2250.500,4.348400e-05
2250.550,4.059335e-05
2250.600,3.823646e-05
2250.650,3.632276e-05
2250.700,3.478453e-05
2250.750,3.357127e-05
2250.800,3.264583e-05
2250.850,3.198168e-05
2250.900,3.156119e-05
2250.950,3.137448e-05
2251.000,3.141887e-05
2251.050,3.169876e-05
2251.100,3.222602e-05
2251.150,3.302091e-05
2251.200,3.411364e-05
2251.250,3.554681e-05
2251.300,3.737919e-05
2251.350,3.969133e-05
2251.400,4.259436e-05
2251.450,4.624408e-05
2251.500,5.086482e-05
2251.550,5.679325e-05
2251.600,6.456916e-05
2251.650,7.516132e-05
2251.700,9.071312e-05
2251.750,1.184022e-04
2251.800,2.169807e-04
2251.850,5.299093e-04
2251.900,2.388920e-04
2251.950,2.907220e-04
2252.000,4.233411e-04
2252.050,7.054520e-04
2252.100,1.426367e-03
2252.150,4.302306e-03
2252.200,3.484883e-02
2252.250,1.131584e-02
2252.300,2.407018e-03
2252.350,9.963069e-04
2252.400,5.426070e-04
2252.450,3.425151e-04
2252.500,2.371609e-04
2252.550,1.750168e-04
2252.600,1.353484e-04
2252.650,1.085160e-04
2252.700,8.954634e-05
2252.750,7.566401e-05
2252.800,6.522161e-05
2252.850,5.719175e-05
2252.900,5.090722e-05
2252.950,4.592001e-05
2253.000,4.192078e-05
2253.050,3.869104e-05
2253.100,3.607367e-05
2253.150,3.395424e-05
2253.200,3.224894e-05
2253.250,3.089670e-05
2253.300,2.985414e-05
2253.350,2.909267e-05
2253.400,2.859748e-05
2253.450,2.836886e-05
2253.500,2.842754e-05
2253.550,2.882863e-05
2253.600,2.969868e-05
2253.650,3.134690e-05
2253.700,3.468061e-05
2253.750,4.342796e-05
2253.800,8.823530e-05
2253.850,4.397295e-04
2253.900,7.238908e-05
2253.950,4.802239e-05
2254.000,4.586483e-05
2254.050,4.718001e-05
2254.100,5.079527e-05
2254.150,5.651803e-05
2254.200,6.440467e-05
2254.250,7.512756e-05
2254.300,8.989738e-05
2254.350,1.107956e-04
2254.400,1.415373e-04
2254.450,1.892243e-04
2254.500,2.688029e-04
2254.550,4.162472e-04
2254.600,7.370894e-04
2254.650,1.659100e-03
2254.700,6.459395e-03
2254.750,4.199356e-02
2254.800,4.948817e-03
2254.850,1.435231e-03
2254.900,6.683594e-04
2254.950,3.866169e-04
2255.000,2.532087e-04
2255.050,1.797994e-04
2255.100,1.351864e-04
2255.150,1.060961e-04
2255.200,8.611067e-05
2255.250,7.182233e-05
2255.300,6.128815e-05
2255.350,5.333805e-05
2255.400,4.723851e-05
2255.450,4.251975e-05
2255.500,3.888687e-05
2255.550,3.618498e-05
2255.600,3.442678e-05
2255.650,3.398478e-05
2255.700,3.658356e-05
2255.750,5.360128e-05
2255.800,3.082001e-04
2255.850,7.789705e-05
2255.900,3.642966e-05
2255.950,3.035423e-05
2256.000,2.681387e-05
2256.050,2.567308e-05
2256.100,2.526815e-05
2256.150,2.528413e-05
2256.200,2.562294e-05
2256.250,2.625551e-05
2256.300,2.718674e-05
2256.350,2.844483e-05
2256.400,3.007944e-05
2256.450,3.216475e-05
2256.500,3.480655e-05
2256.550,3.815459e-05
2256.600,4.242265e-05
2256.650,4.792151e-05
2256.700,5.511457e-05
2256.750,6.471521e-05
2256.800,7.786589e-05
2256.850,9.648750e-05
2256.900,1.240119e-04
2256.950,1.670654e-04
2257.000,2.398242e-04
2257.050,3.772499e-04
2257.100,6.858720e-04
2257.150,1.627726e-03
2257.200,7.328311e-03
2257.250,2.852835e-02
2257.300,3.294100e-03
2257.350,1.056775e-03
2257.400,5.135130e-04
2257.450,3.043901e-04
2257.500,2.030101e-04
2257.550,1.468833e-04
2257.600,1.138673e-04
2257.650,9.750181e-05
2257.700,1.318337e-04
2257.750,1.981436e-04
2257.800,6.659860e-05
2257.850,5.036391e-05
2257.900,4.172110e-05
2257.950,3.659755e-05
2258.000,3.287935e-05
2258.050,3.002477e-05
2258.100,2.777764e-05
2258.150,2.598843e-05
2258.200,2.456041e-05
2258.250,2.342746e-05
2258.300,2.254309e-05
2258.350,2.187446e-05
2258.400,2.139878e-05
2258.450,2.110116e-05
2258.500,2.097333e-05
2258.550,2.101294e-05
2258.600,2.122340e-05
2258.650,2.161408e-05
2258.700,2.220111e-05
2258.750,2.300859e-05
2258.800,2.407066e-05
2258.850,2.543456e-05
2258.900,2.716518e-05
2258.950,2.935206e-05
2259.000,3.212003e-05
2259.050,3.564599e-05
2259.100,4.018607e-05
2259.150,4.612111e-05
2259.200,5.403612e-05
2259.250,6.486584e-05
2259.300,8.017784e-05
2259.350,1.027640e-04
2259.400,1.379931e-04
2259.450,1.972891e-04
2259.500,3.086103e-04
2259.550,5.561415e-04
2259.600,1.297419e-03
2259.650,5.582629e-03
2259.700,2.665290e-02
2259.750,2.968048e-03
2259.800,9.222340e-04
2259.850,4.421203e-04
2259.900,2.598994e-04
2259.950,1.720219e-04
2260.000,1.230931e-04
2260.050,9.310970e-05
2260.100,7.343533e-05
2260.150,5.984883e-05
2260.200,5.008962e-05
2260.250,4.285895e-05
2260.300,3.736793e-05
2260.350,3.311525e-05
2260.400,2.977034e-05
2260.450,2.710838e-05
2260.500,2.497254e-05
2260.550,2.325116e-05
2260.600,2.186342e-05
2260.650,2.075021e-05
2260.700,1.986807e-05
2260.750,1.918519e-05
2260.800,1.867869e-05
2260.850,1.833284e-05
2260.900,1.813784e-05
2260.950,1.808922e-05
2261.000,1.818747e-05
2261.050,1.843822e-05
2261.100,1.885261e-05
2261.150,1.944829e-05
2261.200,2.025085e-05
2261.250,2.129615e-05
2261.300,2.263371e-05
2261.350,2.433196e-05
2261.400,2.648618e-05
2261.450,2.923097e-05
2261.500,3.276024e-05
2261.550,3.736049e-05
2261.600,4.346829e-05
2261.650,5.177424e-05
2261.700,6.342231e-05
2261.750,8.041838e-05
2261.800,1.065433e-04
2261.850,1.496285e-04
2261.900,2.281281e-04
2261.950,3.944857e-04
2262.000,8.500869e-04
2262.050,2.972702e-03
2262.100,2.636949e-02
2262.150,3.717179e-03
2262.200,9.589660e-04
2262.250,4.275342e-04
2262.300,2.420116e-04
2262.350,1.565497e-04
2262.400,1.103240e-04
2262.450,8.255677e-05
2262.500,6.460029e-05
2262.550,5.233707e-05
2262.600,4.360502e-05
2262.650,3.718086e-05
2262.700,3.233063e-05
2262.750,2.859264e-05
2262.800,2.566499e-05
2262.850,2.334382e-05
2262.900,2.148783e-05
2262.950,1.999696e-05
2263.000,1.879915e-05
2263.050,1.784194e-05
2263.100,1.708698e-05
2263.150,1.650634e-05
2263.200,1.608012e-05
2263.250,1.579479e-05
2263.300,1.564219e-05
2263.350,1.561896e-05
2263.400,1.572629e-05
2263.450,1.597010e-05
2263.500,1.636153e-05
2263.550,1.691789e-05
2263.600,1.766418e-05
2263.650,1.863547e-05
2263.700,1.988045e-05
2263.750,2.146685e-05
2263.800,2.348992e-05
2263.850,2.608584e-05
2263.900,2.945367e-05
2263.950,3.389266e-05
2264.000,3.986842e-05
2264.050,4.813638e-05
2264.100,5.998747e-05
2264.150,7.777582e-05
2264.200,1.061698e-04
2264.250,1.555253e-04
2264.300,2.527544e-04
2264.350,4.869569e-04
2264.400,1.309440e-03
2264.450,8.517855e-03
2264.500,8.085056e-03
2264.550,1.277199e-03
2264.600,4.794181e-04
2264.650,2.497918e-04
2264.700,1.539341e-04
2264.750,1.050939e-04
2264.800,7.691058e-05
2264.850,5.920218e-05
2264.900,4.736686e-05
2264.950,3.907950e-05
2265.000,3.306312e-05
2265.050,2.856940e-05
2265.100,2.513656e-05
2265.150,2.246737e-05
2265.200,2.036384e-05
2265.250,1.869021e-05
2265.300,1.735128e-05
2265.350,1.627903e-05
2265.400,1.542428e-05
2265.450,1.475128e-05
2265.500,1.423410e-05
2265.550,1.385431e-05
2265.600,1.359940e-05
2265.650,1.346182e-05
2265.700,1.343839e-05
2265.750,1.353011e-05
2265.800,1.374231e-05
2265.850,1.408506e-05
2265.900,1.457413e-05
2265.950,1.523240e-05
2266.000,1.609209e-05
2266.050,1.719823e-05
2266.100,1.861387e-05
2266.150,2.042837e-05
2266.200,2.277068e-05
2266.250,2.583132e-05
2266.300,2.990048e-05
2266.350,3.543664e-05
2266.400,4.319788e-05
2266.450,5.451031e-05
2266.500,7.186541e-05
2266.550,1.004021e-04
2266.600,1.521570e-04
2266.650,2.610341e-04
2266.700,5.553046e-04
2266.750,1.886867e-03
2266.800,1.783904e-02
2266.850,2.744775e-03
2266.900,6.789973e-04
2266.950,2.985131e-04
2267.000,1.679485e-04
2267.050,1.083419e-04
2267.100,7.627999e-05
2267.150,5.709417e-05
2267.200,4.472223e-05
2267.250,3.629213e-05
2267.300,3.030129e-05
2267.350,2.590208e-05
2267.400,2.258714e-05
2267.450,2.003801e-05
2267.500,1.804684e-05
2267.550,1.647360e-05
2267.600,1.522147e-05
2267.650,1.422210e-05
2267.700,1.342652e-05
2267.750,1.279936e-05
2267.800,1.231505e-05
2267.850,1.195537e-05
2267.900,1.170785e-05
2267.950,1.156469e-05
2268.000,1.152217e-05
2268.050,1.158042e-05
2268.100,1.174341e-05
2268.150,1.201939e-05
2268.200,1.242159e-05
2268.250,1.296951e-05
2268.300,1.369088e-05
2268.350,1.462465e-05
2268.400,1.582573e-05
2268.450,1.737232e-05
2268.500,1.937794e-05
2268.550,2.201140e-05
2268.600,2.553169e-05
2268.650,3.035160e-05
2268.700,3.716098e-05
2268.750,4.718257e-05
2268.800,6.275301e-05
2268.850,8.880215e-05
2268.900,1.372508e-04
2268.950,2.433446e-04
2269.000,5.521466e-04
2269.050,2.224646e-03
2269.100,1.492590e-02
2269.150,1.557131e-03
2269.200,4.559642e-04
2269.250,2.139786e-04
2269.300,1.246097e-04
2269.350,8.215002e-05
2269.400,5.873226e-05
2269.450,4.447685e-05
2269.500,3.516965e-05
2269.550,2.876874e-05
2269.600,2.418775e-05
2269.650,2.080576e-05
2269.700,1.824726e-05
2269.750,1.627456e-05
2269.800,1.473152e-05
2269.850,1.351240e-05
2269.900,1.254383e-05
2269.950,1.177392e-05
2270.000,1.116553e-05
2270.050,1.069193e-05
2270.100,1.033404e-05
2270.150,1.007854e-05
2270.200,9.916746e-06
2270.250,9.843867e-06
2270.300,9.858635e-06
2270.350,9.963244e-06
2270.400,1.016358e-05
2270.450,1.046978e-05
2270.500,1.089721e-05
2270.550,1.146805e-05
2270.600,1.221374e-05
2270.650,1.317878e-05
2270.700,1.442678e-05
2270.750,1.605027e-05
2270.800,1.818705e-05
2270.850,2.104881e-05
2270.900,2.497344e-05
2270.950,3.052633e-05
2271.000,3.871130e-05
2271.050,5.145055e-05
2271.100,7.281062e-05
2271.150,1.126628e-04
2271.200,2.003695e-04
2271.250,4.581039e-04
2271.300,1.890157e-03
2271.350,1.198925e-02
2271.400,1.217821e-03
2271.450,3.621377e-04
2271.500,1.711445e-04
2271.550,1.001074e-04
2271.600,6.622243e-05
2271.650,4.748632e-05
2271.700,3.606107e-05
2271.750,2.859264e-05
2271.800,2.345214e-05
2271.850,1.977143e-05
2271.900,1.705369e-05
2271.950,1.499815e-05
2272.000,1.341433e-05
2272.050,1.217704e-05
2272.100,1.120152e-05
2272.150,1.042900e-05
2272.200,9.818019e-06
2272.250,9.338977e-06
2272.300,8.970737e-06
2272.350,8.698378e-06
2272.400,8.511758e-06
2272.450,8.404606e-06
2272.500,8.374000e-06
2272.550,8.420146e-06
2272.600,8.546433e-06
2272.650,8.759781e-06
2272.700,9.071326e-06
2272.750,9.497570e-06
2272.800,1.006220e-05
2272.850,1.079894e-05
2272.900,1.175608e-05
2272.950,1.300375e-05
2273.000,1.464613e-05
2273.050,1.684252e-05
2273.100,1.984563e-05
2273.150,2.407507e-05
2273.200,3.026843e-05
2273.250,3.981997e-05
2273.300,5.562853e-05
2273.350,8.456049e-05
2273.400,1.462893e-04
2273.450,3.174959e-04
2273.500,1.142984e-03
2273.550,1.075933e-02
2273.600,1.291203e-03
2273.650,3.387694e-04
2273.700,1.526619e-04
2273.750,8.716010e-05
2273.800,5.684131e-05
2273.850,4.039171e-05
2273.900,3.049074e-05
2273.950,2.408011e-05
2274.000,1.969974e-05
2274.050,1.658140e-05
2274.100,1.428984e-05
2274.150,1.256367e-05
2274.200,1.123846e-05
2274.250,1.020676e-05
2274.300,9.396173e-06
2274.350,8.756749e-06
2274.400,8.253401e-06
2274.450,7.861231e-06
2274.500,7.562578e-06
2274.550,7.345107e-06
2274.600,7.200601e-06
2274.650,7.124200e-06
2274.700,7.113995e-06
2274.750,7.170883e-06
2274.800,7.298690e-06
2274.850,7.504568e-06
2274.900,7.799741e-06
2274.950,8.200733e-06
2275.000,8.731318e-06
2275.050,9.425615e-06
2275.100,1.033305e-05
2275.150,1.152658e-05
2275.200,1.311672e-05
2275.250,1.527662e-05
2275.300,1.828929e-05
2275.350,2.264229e-05
2275.400,2.923372e-05
2275.450,3.986773e-05
2275.500,5.861799e-05
2275.550,9.635007e-05
2275.600,1.906122e-04
2275.650,5.487596e-04
2275.700,4.465545e-03
2275.750,2.114526e-03
2275.800,3.872712e-04
2275.850,1.540829e-04
2275.900,8.278695e-05
2275.950,5.210447e-05
2276.000,3.618328e-05
2276.050,2.688436e-05
2276.100,2.099245e-05
2276.150,1.703151e-05
2276.200,1.424718e-05
2276.250,1.222157e-05
2276.300,1.070816e-05
2276.350,9.554109e-06
2276.400,8.660743e-06
2276.450,7.962255e-06
2276.500,7.413623e-06
2276.550,6.983462e-06
2276.600,6.649653e-06
2276.650,6.396603e-06
2276.700,6.213500e-06
2276.750,6.093206e-06
2276.800,6.031580e-06
2276.850,6.027114e-06
2276.900,6.080820e-06
2276.950,6.196369e-06
2277.000,6.380481e-06
2277.050,6.643660e-06
2277.100,7.001407e-06
2277.150,7.476151e-06
2277.200,8.100356e-06
2277.250,8.921575e-06
2277.300,1.001096e-05
2277.350,1.147811e-05
2277.400,1.349829e-05
2277.450,1.636524e-05
2277.500,2.060118e-05
2277.550,2.720768e-05
2277.600,3.830782e-05
2277.650,5.906973e-05
2277.700,1.049348e-04
2277.750,2.407034e-04
2277.800,1.012147e-03
2277.850,6.378621e-03
2277.900,6.174900e-04
2277.950,1.851622e-04
2278.000,8.805906e-05
2278.050,5.181465e-05
2278.100,3.448909e-05
2278.150,2.489621e-05
2278.200,1.904159e-05
2278.250,1.521305e-05
2278.300,1.257804e-05
2278.350,1.069248e-05
2278.400,9.302089e-06
2278.450,8.252930e-06
2278.500,7.447545e-06
2278.550,6.821978e-06
2278.600,6.333051e-06
2278.650,5.950984e-06
2278.700,5.654968e-06
2278.750,5.430415e-06
2278.800,5.267237e-06
2278.850,5.158756e-06
2278.900,5.101038e-06
2278.950,5.092528e-06
2279.000,5.133933e-06
2279.050,5.228320e-06
2279.100,5.381467e-06
2279.150,5.602514e-06
2279.200,5.905067e-06
2279.250,6.308967e-06
2279.300,6.843155e-06
2279.350,7.550410e-06
2279.400,8.495401e-06
2279.450,9.778977e-06
2279.500,1.156481e-05
2279.550,1.413227e-05
2279.600,1.798959e-05
2279.650,2.414117e-05
2279.700,3.480417e-05
2279.750,5.569993e-05
2279.800,1.055685e-04
2279.850,2.776455e-04
2279.900,1.763333e-03
2279.950,2.141883e-03
2280.000,3.032709e-04
2280.050,1.113278e-04
2280.100,5.775572e-05
2280.150,3.569666e-05
2280.200,2.454513e-05
2280.250,1.814361e-05
2280.300,1.413729e-05
2280.350,1.146902e-05
2280.400,9.607304e-06
2280.450,8.261381e-06
2280.500,7.261468e-06
2280.550,6.503171e-06
2280.600,5.919589e-06
2280.650,5.466422e-06
2280.700,5.113579e-06
2280.750,4.840268e-06
2280.800,4.632013e-06
2280.850,4.478803e-06
2280.900,4.373937e-06
2280.950,4.313310e-06
2281.000,4.295009e-06
2281.050,4.319147e-06
2281.100,4.387906e-06
2281.150,4.505796e-06
2281.200,4.680186e-06
2281.250,4.922221e-06
2281.300,5.248309e-06
2281.350,5.682560e-06
2281.400,6.260830e-06
2281.450,7.037671e-06
2281.500,8.098739e-06
2281.550,9.584169e-06
2281.600,1.173548e-05
2281.650,1.499752e-05
2281.700,2.026354e-05
2281.750,2.954922e-05
2281.800,4.822598e-05
2281.850,9.483322e-05
2281.900,2.716440e-04
2281.950,2.243316e-03
2282.000,1.089172e-03
2282.050,1.953921e-04
2282.100,7.762324e-05
2282.150,4.182350e-05
2282.200,2.645590e-05
2282.250,1.849324e-05
2282.300,1.384742e-05
2282.350,1.090651e-05
2282.400,8.931506e-06
2282.450,7.545087e-06
2282.500,6.538426e-06
2282.550,5.788471e-06
2282.600,5.219032e-06
2282.650,4.781029e-06
2282.700,4.441857e-06
2282.750,4.179350e-06
2282.800,3.978230e-06
2282.850,3.827951e-06
2282.900,3.721363e-06
2282.950,3.653888e-06
2283.000,3.623033e-06
2283.050,3.628149e-06
2283.100,3.670391e-06
2283.150,3.752868e-06
2283.200,3.881029e-06
2283.250,4.063349e-06
2283.300,4.312482e-06
2283.350,4.647158e-06
2283.400,5.095343e-06
2283.450,5.699671e-06
2283.500,6.527172e-06
2283.550,7.687582e-06
2283.600,9.370107e-06
2283.650,1.192331e-05
2283.700,1.604731e-05
2283.750,2.332230e-05
2283.800,3.796078e-05
2283.850,7.451208e-05
2283.900,2.133834e-04
2283.950,1.779376e-03
2284.000,8.556721e-04
2284.050,1.531722e-04
2284.100,6.093778e-05
2284.150,3.290820e-05
2284.200,2.087645e-05
2284.250,1.464228e-05
2284.300,1.100506e-05
2284.350,8.702875e-06
2284.400,7.157162e-06
2284.450,6.072555e-06
2284.500,5.285592e-06
2284.550,4.699979e-06
2284.600,4.256119e-06
2284.650,3.915659e-06
2284.700,3.653159e-06
2284.750,3.451380e-06
2284.800,3.298509e-06
2284.850,3.186480e-06
2284.900,3.109946e-06
2284.950,3.065650e-06
2285.000,3.052083e-06
2285.050,3.069335e-06
2285.100,3.119135e-06
2285.150,3.205074e-06
2285.200,3.333069e-06
2285.250,3.512176e-06
2285.300,3.755935e-06
2285.350,4.084628e-06
2285.400,4.529140e-06
2285.450,5.137838e-06
2285.500,5.989405e-06
2285.550,7.218337e-06
2285.600,9.069589e-06
2285.650,1.202768e-05
2285.700,1.716338e-05
2285.750,2.724402e-05
2285.800,5.135856e-05
2285.850,1.350072e-04
2285.900,8.766314e-04
2285.950,1.038032e-03
2286.000,1.455243e-04
2286.050,5.369925e-05
2286.100,2.806137e-05
2286.150,1.749813e-05
2286.200,1.215577e-05
2286.250,9.088362e-06
2286.300,7.168814e-06
2286.350,5.890980e-06
2286.400,5.000346e-06
2286.450,4.357692e-06
2286.500,3.881760e-06
2286.550,3.522648e-06
2286.600,3.248450e-06
2286.650,3.038138e-06
2286.700,2.877549e-06
2286.750,2.757055e-06
2286.800,2.670154e-06
2286.850,2.612620e-06
2286.900,2.581997e-06
2286.950,2.577329e-06
2287.000,2.599075e-06
2287.050,2.649180e-06
2287.100,2.731344e-06
2287.150,2.851530e-06
2287.200,3.018832e-06
2287.250,3.246959e-06
2287.300,3.556737e-06
2287.350,3.980535e-06
2287.400,4.570381e-06
2287.450,5.413767e-06
2287.500,6.666649e-06
2287.550,8.628847e-06
2287.600,1.193768e-05
2287.650,1.815050e-05
2287.700,3.194868e-05
2287.750,7.321002e-05
2287.800,3.153301e-04
2287.850,1.984499e-03
2287.900,1.789963e-04
2287.950,5.443605e-05
2288.000,2.625875e-05
2288.050,1.569574e-05
2288.100,1.063310e-05
2288.150,7.825467e-06
2288.200,6.110530e-06
2288.250,4.989055e-06
2288.300,4.217951e-06
2288.350,3.667450e-06
2288.400,3.263247e-06
2288.450,2.960403e-06
2288.500,2.730551e-06
2288.550,2.555190e-06
2288.600,2.421973e-06
2288.650,2.322579e-06
2288.700,2.251438e-06
2288.750,2.204970e-06
2288.800,2.181144e-06
2288.850,2.179242e-06
2288.900,2.199795e-06
2288.950,2.244674e-06
2289.000,2.317350e-06
2289.050,2.423401e-06
2289.100,2.571384e-06
2289.150,2.774324e-06
2289.200,3.052303e-06
2289.250,3.437114e-06
2289.300,3.981079e-06
2289.350,4.774818e-06
2289.400,5.986080e-06
2289.450,7.953735e-06
2289.500,1.144855e-05
2289.550,1.854869e-05
2289.600,3.656895e-05
2289.650,1.075717e-04
2289.700,1.000691e-03
2289.750,3.536512e-04
2289.800,6.751468e-05
2289.850,2.764409e-05
2289.900,1.523944e-05
2289.950,9.850354e-06
2290.000,7.037786e-06
2290.050,5.389168e-06
2290.100,4.342557e-06
2290.150,3.638727e-06
2290.200,3.144751e-06
2290.250,2.786847e-06
2290.300,2.521476e-06
2290.350,2.321692e-06
2290.400,2.170202e-06
2290.450,2.055611e-06
2290.500,1.970314e-06
2290.550,1.909254e-06
2290.600,1.869192e-06
2290.650,1.848279e-06
2290.700,1.845835e-06
2290.750,1.862282e-06
2290.800,1.899220e-06
2290.850,1.959661e-06
2290.900,2.048496e-06
2290.950,2.173292e-06
2291.000,2.345693e-06
2291.050,2.583873e-06
2291.100,2.917046e-06
2291.150,3.394200e-06
2291.200,4.102208e-06
2291.250,5.206837e-06
2291.300,7.056774e-06
2291.350,1.049132e-05
2291.400,1.797540e-05
2291.450,3.955300e-05
2291.500,1.548677e-04
2291.550,1.400173e-03
2291.600,1.244102e-04
2291.650,3.527762e-05
2291.700,1.665579e-05
2291.750,9.899970e-06
2291.800,6.719538e-06
2291.850,4.975669e-06
2291.900,3.918944e-06
2291.950,3.232098e-06
2292.000,2.762246e-06
2292.050,2.428422e-06
2292.100,2.184569e-06
2292.150,2.003000e-06
2292.200,1.866343e-06
2292.250,1.763358e-06
2292.300,1.686630e-06
2292.350,1.631259e-06
2292.400,1.594088e-06
2292.450,1.573262e-06
2292.500,1.567986e-06
2292.550,1.578435e-06
2292.600,1.605802e-06
2292.650,1.652482e-06
2292.700,1.722454e-06
2292.750,1.821964e-06
2292.800,1.960718e-06
2292.850,2.154021e-06
2292.900,2.426739e-06
2292.950,2.821098e-06
2293.000,3.413156e-06
2293.050,4.350988e-06
2293.100,5.954607e-06
2293.150,9.024565e-06
2293.200,1.605741e-05
2293.250,3.839526e-05
2293.300,1.936315e-04
2293.350,6.540429e-04
2293.400,6.590904e-05
2293.450,2.209707e-05
2293.500,1.121019e-05
2293.550,6.955701e-06
2293.600,4.868307e-06
2293.650,3.693330e-06
2293.700,2.968445e-06
2293.750,2.491257e-06
2293.800,2.161875e-06
2293.850,1.926452e-06
2293.900,1.753945e-06
2293.950,1.625511e-06
2294.000,1.529259e-06
2294.050,1.457482e-06
2294.100,1.405131e-06
2294.150,1.368937e-06
2294.200,1.346902e-06
2294.250,1.338026e-06
2294.300,1.342177e-06
2294.350,1.360090e-06
2294.400,1.393492e-06
2294.450,1.445390e-06
2294.500,1.520599e-06
2294.550,1.626683e-06
2294.600,1.775653e-06
2294.650,1.987134e-06
2294.700,2.294640e-06
2294.750,2.758915e-06
2294.800,3.499144e-06
2294.850,4.775593e-06
2294.900,7.249133e-06
2294.950,1.302996e-05
2295.000,3.214010e-05
2295.050,1.813866e-04
2295.100,3.871193e-04
2295.150,4.461589e-05
2295.200,1.579611e-05
2295.250,8.243883e-06
2295.300,5.220486e-06
2295.350,3.716503e-06
2295.400,2.862382e-06
2295.450,2.332252e-06
2295.500,1.981825e-06
2295.550,1.739308e-06
2295.600,1.565774e-06
2295.650,1.438687e-06
2295.700,1.344339e-06
2295.750,1.274079e-06
2295.800,1.222327e-06
2295.850,1.185466e-06
2295.900,1.161222e-06
2295.950,1.148308e-06
2296.000,1.146241e-06
2296.050,1.155288e-06
2296.100,1.176525e-06
2296.150,1.212018e-06
2296.200,1.265200e-06
2296.250,1.341547e-06
2296.300,1.449801e-06
2296.350,1.604266e-06
2296.400,1.829336e-06
2296.450,2.169081e-06
2296.500,2.709534e-06
2296.550,3.637205e-06
2296.600,5.420660e-06
2296.650,9.530891e-06
2296.700,2.273601e-05
2296.750,1.177885e-04
2296.800,3.565325e-04
2296.850,3.677114e-05
2296.900,1.261353e-05
2296.950,6.529963e-06
2297.000,4.137453e-06
2297.050,2.959184e-06
2297.100,2.294296e-06
2297.150,1.883420e-06
2297.200,1.612690e-06
2297.250,1.425801e-06
2297.300,1.292375e-06
2297.350,1.194899e-06
2297.400,1.122766e-06
2297.450,1.069317e-06
2297.500,1.030290e-06
2297.550,1.002963e-06
2297.600,9.856755e-07
2297.650,9.775684e-07
2297.700,9.784583e-07
2297.750,9.888263e-07
2297.800,1.009911e-06
2297.850,1.043937e-06
2297.900,1.094555e-06
2297.950,1.167648e-06
2298.000,1.272832e-06
2298.050,1.426393e-06
2298.100,1.657415e-06
2298.150,2.021734e-06
2298.200,2.637597e-06
2298.250,3.792170e-06
2298.300,6.340284e-06
2298.350,1.385133e-05
2298.400,5.644448e-05
2298.450,4.593855e-04
2298.500,3.768373e-05
2298.550,1.126397e-05
2298.600,5.535457e-06
2298.650,3.421085e-06
2298.700,2.414576e-06
2298.750,1.857560e-06
2298.800,1.516832e-06
2298.850,1.292923e-06
2298.900,1.137619e-06
2298.950,1.025254e-06
2299.000,9.411408e-07
2299.050,8.763863e-07
2299.100,8.253468e-07
2299.150,7.843007e-07
2299.200,7.507132e-07
2299.250,7.228088e-07
2299.300,6.993135e-07
2299.350,6.792938e-07
2299.400,6.620530e-07
2299.450,6.470620e-07
2299.500,6.339134e-07
2299.550,6.222893e-07
2299.600,6.119383e-07
2299.650,6.026596e-07
2299.700,5.942914e-07
2299.750,5.867016e-07
2299.800,5.797820e-07
2299.850,5.734427e-07
2299.900,5.676091e-07
2299.950,5.622183e-07
2300.000,5.572173e-07
