nu_cm-1,alpha
2044.000,0.000000e+00
2044.001,0.000000e+00
2044.002,0.000000e+00
2044.003,0.000000e+00
2044.004,0.000000e+00
2044.005,0.000000e+00
2044.006,0.000000e+00
2044.007,0.000000e+00
2044.008,0.000000e+00
2044.009,0.000000e+00
2044.010,0.000000e+00
2044.011,0.000000e+00
2044.012,0.000000e+00
2044.013,0.000000e+00
2044.014,0.000000e+00
2044.015,0.000000e+00
2044.016,0.000000e+00
2044.017,0.000000e+00
2044.018,0.000000e+00
2044.019,0.000000e+00
2044.020,0.000000e+00
2044.021,0.000000e+00
2044.022,0.000000e+00
2044.023,0.000000e+00
2044.024,0.000000e+00
2044.025,0.000000e+00
2044.026,0.000000e+00
2044.027,0.000000e+00
2044.028,0.000000e+00
2044.029,0.000000e+00
2044.030,0.000000e+00
2044.031,0.000000e+00
2044.032,0.000000e+00
2044.033,0.000000e+00
2044.034,0.000000e+00
2044.035,0.000000e+00
2044.036,0.000000e+00
2044.037,0.000000e+00
2044.038,0.000000e+00
2044.039,0.000000e+00
2044.040,0.000000e+00
2044.041,0.000000e+00
2044.042,0.000000e+00
2044.043,0.000000e+00
2044.044,0.000000e+00
2044.045,0.000000e+00
2044.046,0.000000e+00
2044.047,0.000000e+00
2044.048,0.000000e+00
2044.049,0.000000e+00
2044.050,0.000000e+00
2044.051,0.000000e+00
2044.052,0.000000e+00
2044.053,0.000000e+00
2044.054,0.000000e+00
2044.055,0.000000e+00
2044.056,0.000000e+00
2044.057,0.000000e+00
2044.058,0.000000e+00
2044.059,0.000000e+00
2044.060,0.000000e+00
2044.061,0.000000e+00
2044.062,0.000000e+00
2044.063,0.000000e+00
2044.064,0.000000e+00
2044.065,0.000000e+00
2044.066,0.000000e+00
2044.067,0.000000e+00
2044.068,0.000000e+00
2044.069,0.000000e+00
2044.070,0.000000e+00
2044.071,0.000000e+00
2044.072,0.000000e+00
2044.073,0.000000e+00
2044.074,0.000000e+00
2044.075,0.000000e+00
2044.076,0.000000e+00
2044.077,0.000000e+00
2044.078,0.000000e+00
2044.079,0.000000e+00
2044.080,0.000000e+00
2044.081,0.000000e+00
2044.082,0.000000e+00
2044.083,0.000000e+00
2044.084,0.000000e+00
2044.085,0.000000e+00
2044.086,0.000000e+00
2044.087,0.000000e+00
2044.088,0.000000e+00
2044.089,0.000000e+00
2044.090,0.000000e+00
2044.091,0.000000e+00
2044.092,0.000000e+00
2044.093,0.000000e+00
2044.094,0.000000e+00
2044.095,0.000000e+00
2044.096,0.000000e+00
2044.097,0.000000e+00
2044.098,0.000000e+00
2044.099,0.000000e+00
2044.100,0.000000e+00
2044.101,0.000000e+00
2044.102,0.000000e+00
2044.103,0.000000e+00
2044.104,0.000000e+00
2044.105,0.000000e+00
2044.106,0.000000e+00
2044.107,0.000000e+00
2044.108,0.000000e+00
2044.109,0.000000e+00
2044.110,0.000000e+00
2044.111,0.000000e+00
2044.112,0.000000e+00
2044.113,0.000000e+00
2044.114,0.000000e+00
2044.115,0.000000e+00
2044.116,0.000000e+00
2044.117,0.000000e+00
2044.118,0.000000e+00
2044.119,0.000000e+00
2044.120,0.000000e+00
2044.121,0.000000e+00
2044.122,0.000000e+00
2044.123,0.000000e+00
2044.124,0.000000e+00
2044.125,0.000000e+00
2044.126,0.000000e+00
2044.127,0.000000e+00
2044.128,0.000000e+00
2044.129,0.000000e+00
2044.130,0.000000e+00
2044.131,0.000000e+00
2044.132,0.000000e+00
2044.133,0.000000e+00
2044.134,0.000000e+00
2044.135,0.000000e+00
2044.136,0.000000e+00
2044.137,0.000000e+00
2044.138,0.000000e+00
2044.139,0.000000e+00
2044.140,0.000000e+00
2044.141,0.000000e+00
2044.142,0.000000e+00
2044.143,0.000000e+00
2044.144,0.000000e+00
2044.145,0.000000e+00
2044.146,0.000000e+00
2044.147,0.000000e+00
2044.148,0.000000e+00
2044.149,0.000000e+00
2044.150,0.000000e+00
2044.151,0.000000e+00
2044.152,0.000000e+00
2044.153,0.000000e+00
2044.154,0.000000e+00
2044.155,0.000000e+00
2044.156,0.000000e+00
2044.157,0.000000e+00
2044.158,0.000000e+00
2044.159,0.000000e+00
2044.160,0.000000e+00
2044.161,0.000000e+00
2044.162,0.000000e+00
2044.163,0.000000e+00
2044.164,0.000000e+00
2044.165,0.000000e+00
2044.166,0.000000e+00
2044.167,0.000000e+00
2044.168,0.000000e+00
2044.169,0.000000e+00
2044.170,0.000000e+00
2044.171,0.000000e+00
2044.172,0.000000e+00
2044.173,0.000000e+00
2044.174,0.000000e+00
2044.175,0.000000e+00
2044.176,0.000000e+00
2044.177,0.000000e+00
2044.178,0.000000e+00
2044.179,0.000000e+00
2044.180,0.000000e+00
2044.181,0.000000e+00
2044.182,0.000000e+00
2044.183,0.000000e+00
2044.184,0.000000e+00
2044.185,0.000000e+00
2044.186,0.000000e+00
2044.187,0.000000e+00
2044.188,0.000000e+00
2044.189,0.000000e+00
2044.190,0.000000e+00
2044.191,0.000000e+00
2044.192,0.000000e+00
2044.193,0.000000e+00
2044.194,0.000000e+00
2044.195,0.000000e+00
2044.196,0.000000e+00
2044.197,0.000000e+00
2044.198,0.000000e+00
2044.199,0.000000e+00
2044.200,0.000000e+00
2044.201,0.000000e+00
2044.202,0.000000e+00
2044.203,0.000000e+00
2044.204,0.000000e+00
2044.205,0.000000e+00
2044.206,0.000000e+00
2044.207,0.000000e+00
2044.208,0.000000e+00
2044.209,0.000000e+00
2044.210,0.000000e+00
2044.211,0.000000e+00
2044.212,0.000000e+00
2044.213,0.000000e+00
2044.214,0.000000e+00
2044.215,0.000000e+00
2044.216,0.000000e+00
2044.217,0.000000e+00
2044.218,0.000000e+00
2044.219,0.000000e+00
2044.220,0.000000e+00
2044.221,0.000000e+00
2044.222,0.000000e+00
2044.223,0.000000e+00
2044.224,0.000000e+00
2044.225,0.000000e+00
2044.226,0.000000e+00
2044.227,0.000000e+00
2044.228,0.000000e+00
2044.229,0.000000e+00
2044.230,0.000000e+00
2044.231,0.000000e+00
2044.232,0.000000e+00
2044.233,0.000000e+00
2044.234,0.000000e+00
2044.235,0.000000e+00
2044.236,0.000000e+00
2044.237,0.000000e+00
2044.238,0.000000e+00
2044.239,0.000000e+00
2044.240,0.000000e+00
2044.241,0.000000e+00
2044.242,0.000000e+00
2044.243,0.000000e+00
2044.244,0.000000e+00
2044.245,0.000000e+00
2044.246,0.000000e+00
2044.247,0.000000e+00
2044.248,0.000000e+00
2044.249,0.000000e+00
2044.250,0.000000e+00
2044.251,0.000000e+00
2044.252,0.000000e+00
2044.253,0.000000e+00
2044.254,0.000000e+00
2044.255,0.000000e+00
2044.256,0.000000e+00
2044.257,0.000000e+00
2044.258,0.000000e+00
2044.259,0.000000e+00
2044.260,0.000000e+00
2044.261,0.000000e+00
2044.262,0.000000e+00
2044.263,0.000000e+00
2044.264,0.000000e+00
2044.265,0.000000e+00
2044.266,0.000000e+00
2044.267,0.000000e+00
2044.268,0.000000e+00
2044.269,0.000000e+00
2044.270,0.000000e+00
2044.271,0.000000e+00
2044.272,0.000000e+00
2044.273,0.000000e+00
2044.274,0.000000e+00
2044.275,0.000000e+00
2044.276,0.000000e+00
2044.277,0.000000e+00
2044.278,0.000000e+00
2044.279,0.000000e+00
2044.280,0.000000e+00
2044.281,0.000000e+00
2044.282,0.000000e+00
2044.283,0.000000e+00
2044.284,0.000000e+00
2044.285,0.000000e+00
2044.286,0.000000e+00
2044.287,0.000000e+00
2044.288,0.000000e+00
2044.289,0.000000e+00
2044.290,0.000000e+00
2044.291,0.000000e+00
2044.292,0.000000e+00
2044.293,0.000000e+00
2044.294,0.000000e+00
2044.295,0.000000e+00
2044.296,0.000000e+00
2044.297,0.000000e+00
2044.298,0.000000e+00
2044.299,0.000000e+00
2044.300,0.000000e+00
2044.301,0.000000e+00
2044.302,0.000000e+00
2044.303,0.000000e+00
2044.304,0.000000e+00
2044.305,0.000000e+00
2044.306,0.000000e+00
2044.307,0.000000e+00
2044.308,0.000000e+00
2044.309,0.000000e+00
2044.310,0.000000e+00
2044.311,0.000000e+00
2044.312,0.000000e+00
2044.313,0.000000e+00
2044.314,0.000000e+00
2044.315,0.000000e+00
2044.316,0.000000e+00
2044.317,0.000000e+00
2044.318,0.000000e+00
2044.319,0.000000e+00
2044.320,0.000000e+00
2044.321,0.000000e+00
2044.322,0.000000e+00
2044.323,0.000000e+00
2044.324,0.000000e+00
2044.325,0.000000e+00
2044.326,0.000000e+00
2044.327,0.000000e+00
2044.328,0.000000e+00
2044.329,0.000000e+00
2044.330,0.000000e+00
2044.331,0.000000e+00
2044.332,0.000000e+00
2044.333,0.000000e+00
2044.334,0.000000e+00
2044.335,0.000000e+00
2044.336,0.000000e+00
2044.337,0.000000e+00
2044.338,0.000000e+00
2044.339,0.000000e+00
2044.340,0.000000e+00
2044.341,0.000000e+00
2044.342,0.000000e+00
2044.343,0.000000e+00
2044.344,0.000000e+00
2044.345,0.000000e+00
2044.346,0.000000e+00
2044.347,0.000000e+00
2044.348,0.000000e+00
2044.349,0.000000e+00
2044.350,0.000000e+00
2044.351,0.000000e+00
2044.352,0.000000e+00
2044.353,0.000000e+00
2044.354,0.000000e+00
2044.355,0.000000e+00
2044.356,0.000000e+00
2044.357,0.000000e+00
2044.358,0.000000e+00
2044.359,0.000000e+00
2044.360,0.000000e+00
2044.361,0.000000e+00
2044.362,0.000000e+00
2044.363,0.000000e+00
2044.364,0.000000e+00
2044.365,0.000000e+00
2044.366,0.000000e+00
2044.367,0.000000e+00
2044.368,0.000000e+00
2044.369,0.000000e+00
2044.370,0.000000e+00
2044.371,0.000000e+00
2044.372,0.000000e+00
2044.373,0.000000e+00
2044.374,0.000000e+00
2044.375,0.000000e+00
2044.376,0.000000e+00
2044.377,0.000000e+00
2044.378,0.000000e+00
2044.379,0.000000e+00
2044.380,0.000000e+00
2044.381,0.000000e+00
2044.382,0.000000e+00
2044.383,4.436087e-05
2044.384,4.469416e-05
2044.385,4.503063e-05
2044.386,4.537032e-05
2044.387,4.571325e-05
2044.388,4.605946e-05
2044.389,4.640896e-05
2044.390,4.676181e-05
2044.391,4.711802e-05
2044.392,4.747762e-05
2044.393,4.784066e-05
2044.394,4.820715e-05
2044.395,4.857713e-05
2044.396,4.895063e-05
2044.397,4.932768e-05
2044.398,4.970832e-05
2044.399,5.009256e-05
2044.400,5.048046e-05
2044.401,5.087202e-05
2044.402,5.126730e-05
2044.403,5.166631e-05
2044.404,5.206908e-05
2044.405,5.247566e-05
2044.406,5.288606e-05
2044.407,5.330033e-05
2044.408,5.371848e-05
2044.409,5.414055e-05
2044.410,5.456656e-05
2044.411,5.499655e-05
2044.412,5.543055e-05
2044.413,5.586859e-05
2044.414,5.631068e-05
2044.415,5.675687e-05
2044.416,5.720718e-05
2044.417,5.766163e-05
2044.418,5.812026e-05
2044.419,5.858308e-05
2044.420,5.905013e-05
2044.421,5.952143e-05
2044.422,5.999700e-05
2044.423,6.047687e-05
2044.424,6.096106e-05
2044.425,6.144960e-05
2044.426,6.194250e-05
2044.427,6.243979e-05
2044.428,6.294149e-05
2044.429,6.344761e-05
2044.430,6.395818e-05
2044.431,6.447321e-05
2044.432,6.499271e-05
2044.433,6.551672e-05
2044.434,6.604522e-05
2044.435,6.657825e-05
2044.436,6.711582e-05
2044.437,6.765792e-05
2044.438,6.820457e-05
2044.439,6.875579e-05
2044.440,6.931157e-05
2044.441,6.987192e-05
2044.442,7.043684e-05
2044.443,7.100634e-05
2044.444,7.158040e-05
2044.445,7.215904e-05
2044.446,7.274225e-05
2044.447,7.333002e-05
2044.448,7.392233e-05
2044.449,7.451919e-05
2044.450,7.512058e-05
2044.451,7.572648e-05
2044.452,7.633687e-05
2044.453,7.695174e-05
2044.454,7.757107e-05
2044.455,7.819482e-05
2044.456,8.593668e-05
2044.457,8.662144e-05
2044.458,8.731102e-05
2044.459,8.800538e-05
2044.460,8.870450e-05
2044.461,8.940832e-05
2044.462,9.011681e-05
2044.463,9.082993e-05
2044.464,9.154762e-05
2044.465,9.226983e-05
2044.466,9.299651e-05
2044.467,9.372759e-05
2044.468,9.446301e-05
2044.469,9.520271e-05
2044.470,9.594661e-05
2044.471,9.669464e-05
2044.472,9.744670e-05
2044.473,9.820273e-05
2044.474,9.896263e-05
2044.475,9.972630e-05
2044.476,1.004937e-04
2044.477,1.012646e-04
2044.478,1.020390e-04
2044.479,1.028167e-04
2044.480,1.035977e-04
2044.481,1.043817e-04
2044.482,1.051688e-04
2044.483,1.059587e-04
2044.484,1.067513e-04
2044.485,1.075464e-04
2044.486,1.083440e-04
2044.487,1.091438e-04
2044.488,1.099457e-04
2044.489,1.107495e-04
2044.490,1.115551e-04
2044.491,1.123622e-04
2044.492,1.131707e-04
2044.493,1.139803e-04
2044.494,1.147910e-04
2044.495,1.156024e-04
2044.496,1.164144e-04
2044.497,1.172268e-04
2044.498,1.180392e-04
2044.499,1.188516e-04
2044.500,1.196637e-04
2044.501,1.204751e-04
2044.502,1.212858e-04
2044.503,1.220954e-04
2044.504,1.229036e-04
2044.505,1.237102e-04
2044.506,1.245150e-04
2044.507,1.253176e-04
2044.508,1.261178e-04
2044.509,1.269153e-04
2044.510,1.277098e-04
2044.511,1.285009e-04
2044.512,1.292885e-04
2044.513,1.300722e-04
2044.514,1.308516e-04
2044.515,1.316265e-04
2044.516,1.323965e-04
2044.517,1.331614e-04
2044.518,1.339208e-04
2044.519,1.346743e-04
2044.520,1.354216e-04
2044.521,1.361624e-04
2044.522,1.368964e-04
2044.523,1.376232e-04
2044.524,1.383425e-04
2044.525,1.390539e-04
2044.526,1.397570e-04
2044.527,1.404516e-04
2044.528,1.411373e-04
2044.529,1.418137e-04
2044.530,1.424805e-04
2044.531,1.431374e-04
2044.532,1.437839e-04
2044.533,1.444198e-04
2044.534,1.450447e-04
2044.535,1.456583e-04
2044.536,1.462603e-04
2044.537,1.468502e-04
2044.538,1.474279e-04
2044.539,1.479929e-04
2044.540,1.485449e-04
2044.541,1.490836e-04
2044.542,1.496088e-04
2044.543,1.501201e-04
2044.544,1.506172e-04
2044.545,1.510999e-04
2044.546,1.515678e-04
2044.547,1.520206e-04
2044.548,1.524582e-04
2044.549,1.528803e-04
2044.550,1.532865e-04
2044.551,1.536768e-04
2044.552,1.540507e-04
2044.553,1.544083e-04
2044.554,1.547491e-04
2044.555,1.550731e-04
2044.556,1.553800e-04
2044.557,1.556697e-04
2044.558,1.559420e-04
2044.559,1.561968e-04
2044.560,1.564339e-04
2044.561,1.566532e-04
2044.562,1.568547e-04
2044.563,1.570381e-04
2044.564,1.572034e-04
2044.565,1.573506e-04
2044.566,1.574796e-04
2044.567,1.575903e-04
2044.568,1.576827e-04
2044.569,1.577569e-04
2044.570,1.578127e-04
2044.571,1.578502e-04
2044.572,1.578694e-04
2044.573,1.578704e-04
2044.574,1.578532e-04
2044.575,1.578178e-04
2044.576,1.577644e-04
2044.577,1.576930e-04
2044.578,1.576037e-04
2044.579,1.574966e-04
2044.580,1.573719e-04
2044.581,1.572296e-04
2044.582,1.570700e-04
2044.583,1.568932e-04
2044.584,1.566992e-04
2044.585,1.564884e-04
2044.586,1.562610e-04
2044.587,1.560170e-04
2044.588,1.557566e-04
2044.589,1.554802e-04
2044.590,1.551880e-04
2044.591,1.548801e-04
2044.592,1.545567e-04
2044.593,1.542183e-04
2044.594,1.538649e-04
2044.595,1.534968e-04
2044.596,1.531143e-04
2044.597,1.527177e-04
2044.598,1.523072e-04
2044.599,1.518832e-04
2044.600,1.514458e-04
2044.601,1.509954e-04
2044.602,1.505323e-04
2044.603,1.500566e-04
2044.604,1.495689e-04
2044.605,1.490692e-04
2044.606,1.485580e-04
2044.607,1.480355e-04
2044.608,1.475020e-04
2044.609,1.469579e-04
2044.610,1.464033e-04
2044.611,1.458387e-04
2044.612,1.452642e-04
2044.613,1.446803e-04
2044.614,1.440871e-04
2044.615,1.434851e-04
2044.616,1.428744e-04
2044.617,1.422554e-04
2044.618,1.416284e-04
2044.619,1.409936e-04
2044.620,1.403513e-04
2044.621,1.397019e-04
2044.622,1.390455e-04
2044.623,1.383825e-04
2044.624,1.377132e-04
2044.625,1.370378e-04
2044.626,1.363565e-04
2044.627,1.356697e-04
2044.628,1.349776e-04
2044.629,1.342805e-04
2044.630,1.335785e-04
2044.631,1.328721e-04
2044.632,1.321613e-04
2044.633,1.314464e-04
2044.634,1.307278e-04
2044.635,1.300055e-04
2044.636,1.292799e-04
2044.637,1.285511e-04
2044.638,1.278194e-04
2044.639,1.270850e-04
2044.640,1.263481e-04
2044.641,1.256090e-04
2044.642,1.248677e-04
2044.643,1.241246e-04
2044.644,1.233798e-04
2044.645,1.226335e-04
2044.646,1.218859e-04
2044.647,1.211371e-04
2044.648,1.203875e-04
2044.649,1.196370e-04
2044.650,1.188860e-04
2044.651,1.181345e-04
2044.652,1.173828e-04
2044.653,1.166309e-04
2044.654,1.158791e-04
2044.655,1.151276e-04
2044.656,1.143763e-04
2044.657,1.136256e-04
2044.658,1.128756e-04
2044.659,1.121263e-04
2044.660,1.113779e-04
2044.661,1.106306e-04
2044.662,1.098845e-04
2044.663,1.091396e-04
2044.664,1.083962e-04
2044.665,1.076544e-04
2044.666,1.069142e-04
2044.667,1.061758e-04
2044.668,1.054392e-04
2044.669,1.047047e-04
2044.670,1.039723e-04
2044.671,1.032420e-04
2044.672,1.025141e-04
2044.673,1.017885e-04
2044.674,1.010654e-04
2044.675,1.003449e-04
2044.676,9.962702e-05
2044.677,9.891189e-05
2044.678,9.819958e-05
2044.679,9.749017e-05
2044.680,9.678373e-05
2044.681,9.608034e-05
2044.682,9.538006e-05
2044.683,9.468296e-05
2044.684,9.398911e-05
2044.685,9.329857e-05
2044.686,9.261141e-05
2044.687,9.192767e-05
2044.688,9.124741e-05
2044.689,9.057070e-05
2044.690,8.989757e-05
2044.691,8.922808e-05
2044.692,8.856227e-05
2044.693,8.790019e-05
2044.694,8.724188e-05
2044.695,8.658738e-05
2044.696,8.593672e-05
2044.697,8.528996e-05
2044.698,8.464711e-05
2044.699,8.400820e-05
2044.700,8.337328e-05
2044.701,8.274237e-05
2044.702,8.211549e-05
2044.703,8.149267e-05
2044.704,8.087393e-05
2044.705,8.025929e-05
2044.706,7.964877e-05
2044.707,7.904239e-05
2044.708,7.844016e-05
2044.709,7.784211e-05
2044.710,7.724823e-05
2044.711,7.665854e-05
2044.712,7.607306e-05
2044.713,7.549178e-05
2044.714,7.491473e-05
2044.715,7.434189e-05
2044.716,7.377328e-05
2044.717,7.320889e-05
2044.718,7.264874e-05
2044.719,7.209281e-05
2044.720,7.154111e-05
2044.721,7.099364e-05
2044.722,7.045039e-05
2044.723,6.991135e-05
2044.724,6.937653e-05
2044.725,6.884591e-05
2044.726,6.831949e-05
2044.727,6.779726e-05
2044.728,6.727920e-05
2044.729,6.676532e-05
2044.730,6.625558e-05
2044.731,6.575000e-05
2044.732,6.524854e-05
2044.733,6.475120e-05
2044.734,6.425796e-05
2044.735,6.376881e-05
2044.736,6.328373e-05
2044.737,6.280270e-05
2044.738,6.232570e-05
2044.739,6.185272e-05
2044.740,6.138375e-05
2044.741,6.091875e-05
2044.742,6.045771e-05
2044.743,6.000060e-05
2044.744,5.954742e-05
2044.745,5.909813e-05
2044.746,5.865272e-05
2044.747,5.821116e-05
2044.748,5.777343e-05
2044.749,5.733950e-05
2044.750,5.690936e-05
2044.751,1.240401e-05
2044.752,1.230884e-05
2044.753,1.221429e-05
2044.754,1.212035e-05
2044.755,1.202703e-05
2044.756,1.193435e-05
2044.757,1.184230e-05
2044.758,1.175089e-05
2044.759,1.166011e-05
2044.760,1.156998e-05
2044.761,1.148049e-05
2044.762,1.139165e-05
2044.763,1.130346e-05
2044.764,1.121592e-05
2044.765,1.112904e-05
2044.766,1.104280e-05
2044.767,1.095723e-05
2044.768,1.087230e-05
2044.769,1.078803e-05
2044.770,1.070442e-05
2044.771,1.062146e-05
2044.772,1.053916e-05
2044.773,1.045751e-05
2044.774,1.037651e-05
2044.775,1.029616e-05
2044.776,1.021647e-05
2044.777,1.013742e-05
2044.778,1.005902e-05
2044.779,9.981271e-06
2044.780,9.904162e-06
2044.781,9.827696e-06
2044.782,9.751869e-06
2044.783,9.676679e-06
2044.784,9.602124e-06
2044.785,9.528201e-06
2044.786,9.454907e-06
2044.787,9.382240e-06
2044.788,9.310196e-06
2044.789,9.238773e-06
2044.790,9.167967e-06
2044.791,9.097774e-06
2044.792,9.028193e-06
2044.793,8.959218e-06
2044.794,8.890848e-06
2044.795,8.823077e-06
2044.796,8.755903e-06
2044.797,8.689321e-06
2044.798,8.623329e-06
2044.799,8.557921e-06
2044.800,8.493095e-06
2044.801,8.428845e-06
2044.802,8.365170e-06
2044.803,8.302063e-06
2044.804,8.239521e-06
2044.805,8.177541e-06
2044.806,8.116118e-06
2044.807,8.055247e-06
2044.808,7.994925e-06
2044.809,7.935148e-06
2044.810,7.875911e-06
2044.811,7.817210e-06
2044.812,7.759040e-06
2044.813,7.701398e-06
2044.814,7.644280e-06
2044.815,7.587680e-06
2044.816,7.531595e-06
2044.817,7.476020e-06
2044.818,7.420951e-06
2044.819,7.366384e-06
2044.820,7.312315e-06
2044.821,7.258739e-06
2044.822,7.205652e-06
2044.823,7.153049e-06
2044.824,0.000000e+00
2044.825,0.000000e+00
2044.826,0.000000e+00
2044.827,0.000000e+00
2044.828,0.000000e+00
2044.829,0.000000e+00
2044.830,0.000000e+00
2044.831,0.000000e+00
2044.832,0.000000e+00
2044.833,0.000000e+00
2044.834,0.000000e+00
2044.835,0.000000e+00
2044.836,0.000000e+00
2044.837,0.000000e+00
2044.838,0.000000e+00
2044.839,0.000000e+00
2044.840,0.000000e+00
2044.841,0.000000e+00
2044.842,0.000000e+00
2044.843,0.000000e+00
2044.844,0.000000e+00
2044.845,0.000000e+00
2044.846,0.000000e+00
2044.847,0.000000e+00
2044.848,0.000000e+00
2044.849,0.000000e+00
2044.850,0.000000e+00
2044.851,0.000000e+00
2044.852,0.000000e+00
2044.853,0.000000e+00
2044.854,0.000000e+00
2044.855,0.000000e+00
2044.856,0.000000e+00
2044.857,0.000000e+00
2044.858,0.000000e+00
2044.859,0.000000e+00
2044.860,0.000000e+00
2044.861,0.000000e+00
2044.862,0.000000e+00
2044.863,0.000000e+00
2044.864,0.000000e+00
2044.865,0.000000e+00
2044.866,0.000000e+00
2044.867,0.000000e+00
2044.868,0.000000e+00
2044.869,0.000000e+00
2044.870,0.000000e+00
2044.871,0.000000e+00
2044.872,0.000000e+00
2044.873,0.000000e+00
2044.874,0.000000e+00
2044.875,0.000000e+00
2044.876,0.000000e+00
2044.877,0.000000e+00
2044.878,0.000000e+00
2044.879,0.000000e+00
2044.880,0.000000e+00
2044.881,0.000000e+00
2044.882,0.000000e+00
2044.883,0.000000e+00
2044.884,0.000000e+00
2044.885,0.000000e+00
2044.886,0.000000e+00
2044.887,0.000000e+00
2044.888,0.000000e+00
2044.889,0.000000e+00
2044.890,0.000000e+00
2044.891,0.000000e+00
2044.892,0.000000e+00
2044.893,0.000000e+00
2044.894,0.000000e+00
2044.895,0.000000e+00
2044.896,0.000000e+00
2044.897,0.000000e+00
2044.898,0.000000e+00
2044.899,0.000000e+00
2044.900,0.000000e+00
2044.901,0.000000e+00
2044.902,0.000000e+00
2044.903,0.000000e+00
2044.904,0.000000e+00
2044.905,0.000000e+00
2044.906,0.000000e+00
2044.907,0.000000e+00
2044.908,0.000000e+00
2044.909,0.000000e+00
2044.910,0.000000e+00
2044.911,0.000000e+00
2044.912,0.000000e+00
2044.913,0.000000e+00
2044.914,0.000000e+00
2044.915,0.000000e+00
2044.916,0.000000e+00
2044.917,0.000000e+00
2044.918,0.000000e+00
2044.919,0.000000e+00
2044.920,0.000000e+00
2044.921,0.000000e+00
2044.922,0.000000e+00
2044.923,0.000000e+00
2044.924,0.000000e+00
2044.925,0.000000e+00
2044.926,0.000000e+00
2044.927,0.000000e+00
2044.928,0.000000e+00
2044.929,0.000000e+00
2044.930,0.000000e+00
2044.931,0.000000e+00
2044.932,0.000000e+00
2044.933,0.000000e+00
2044.934,0.000000e+00
2044.935,0.000000e+00
2044.936,0.000000e+00
2044.937,0.000000e+00
2044.938,0.000000e+00
2044.939,0.000000e+00
2044.940,0.000000e+00
2044.941,0.000000e+00
2044.942,0.000000e+00
2044.943,0.000000e+00
2044.944,0.000000e+00
2044.945,0.000000e+00
2044.946,0.000000e+00
2044.947,0.000000e+00
2044.948,0.000000e+00
2044.949,0.000000e+00
2044.950,0.000000e+00
2044.951,0.000000e+00
2044.952,0.000000e+00
2044.953,0.000000e+00
2044.954,0.000000e+00
2044.955,0.000000e+00
2044.956,0.000000e+00
2044.957,0.000000e+00
2044.958,0.000000e+00
2044.959,0.000000e+00
2044.960,0.000000e+00
2044.961,0.000000e+00
2044.962,0.000000e+00
2044.963,0.000000e+00
2044.964,0.000000e+00
2044.965,0.000000e+00
2044.966,0.000000e+00
2044.967,0.000000e+00
2044.968,0.000000e+00
2044.969,0.000000e+00
2044.970,0.000000e+00
2044.971,0.000000e+00
2044.972,0.000000e+00
2044.973,0.000000e+00
2044.974,0.000000e+00
2044.975,0.000000e+00
2044.976,0.000000e+00
2044.977,0.000000e+00
2044.978,0.000000e+00
2044.979,0.000000e+00
2044.980,0.000000e+00
2044.981,0.000000e+00
2044.982,0.000000e+00
2044.983,0.000000e+00
2044.984,0.000000e+00
2044.985,0.000000e+00
2044.986,0.000000e+00
2044.987,0.000000e+00
2044.988,0.000000e+00
2044.989,0.000000e+00
2044.990,0.000000e+00
2044.991,0.000000e+00
2044.992,0.000000e+00
2044.993,0.000000e+00
2044.994,0.000000e+00
2044.995,0.000000e+00
2044.996,0.000000e+00
2044.997,0.000000e+00
2044.998,0.000000e+00
2044.999,0.000000e+00
2045.000,0.000000e+00
2045.001,0.000000e+00
2045.002,0.000000e+00
2045.003,0.000000e+00
2045.004,0.000000e+00
2045.005,0.000000e+00
2045.006,0.000000e+00
2045.007,0.000000e+00
2045.008,0.000000e+00
2045.009,0.000000e+00
2045.010,0.000000e+00
2045.011,0.000000e+00
2045.012,0.000000e+00
2045.013,0.000000e+00
2045.014,0.000000e+00
2045.015,0.000000e+00
2045.016,0.000000e+00
2045.017,0.000000e+00
2045.018,0.000000e+00
2045.019,0.000000e+00
2045.020,0.000000e+00
2045.021,0.000000e+00
2045.022,0.000000e+00
2045.023,0.000000e+00
2045.024,0.000000e+00
2045.025,0.000000e+00
2045.026,0.000000e+00
2045.027,0.000000e+00
2045.028,0.000000e+00
2045.029,0.000000e+00
2045.030,0.000000e+00
2045.031,0.000000e+00
2045.032,0.000000e+00
2045.033,0.000000e+00
2045.034,0.000000e+00
2045.035,0.000000e+00
2045.036,0.000000e+00
2045.037,0.000000e+00
2045.038,0.000000e+00
2045.039,0.000000e+00
2045.040,0.000000e+00
2045.041,0.000000e+00
2045.042,0.000000e+00
2045.043,0.000000e+00
2045.044,0.000000e+00
2045.045,0.000000e+00
2045.046,0.000000e+00
2045.047,0.000000e+00
2045.048,0.000000e+00
2045.049,0.000000e+00
2045.050,0.000000e+00
2045.051,0.000000e+00
2045.052,0.000000e+00
2045.053,0.000000e+00
2045.054,0.000000e+00
2045.055,0.000000e+00
2045.056,0.000000e+00
2045.057,0.000000e+00
2045.058,0.000000e+00
2045.059,0.000000e+00
2045.060,0.000000e+00
2045.061,0.000000e+00
2045.062,0.000000e+00
2045.063,0.000000e+00
2045.064,0.000000e+00
2045.065,0.000000e+00
2045.066,0.000000e+00
2045.067,0.000000e+00
2045.068,0.000000e+00
2045.069,0.000000e+00
2045.070,0.000000e+00
2045.071,0.000000e+00
2045.072,0.000000e+00
2045.073,0.000000e+00
2045.074,0.000000e+00
2045.075,0.000000e+00
2045.076,0.000000e+00
2045.077,0.000000e+00
2045.078,0.000000e+00
2045.079,0.000000e+00
2045.080,0.000000e+00
2045.081,0.000000e+00
2045.082,0.000000e+00
2045.083,0.000000e+00
2045.084,0.000000e+00
2045.085,0.000000e+00
2045.086,0.000000e+00
2045.087,0.000000e+00
2045.088,0.000000e+00
2045.089,0.000000e+00
2045.090,0.000000e+00
2045.091,0.000000e+00
2045.092,0.000000e+00
2045.093,0.000000e+00
2045.094,0.000000e+00
2045.095,0.000000e+00
2045.096,0.000000e+00
2045.097,0.000000e+00
2045.098,0.000000e+00
2045.099,0.000000e+00
2045.100,0.000000e+00
2045.101,0.000000e+00
2045.102,0.000000e+00
2045.103,0.000000e+00
2045.104,0.000000e+00
2045.105,0.000000e+00
2045.106,0.000000e+00
2045.107,0.000000e+00
2045.108,0.000000e+00
2045.109,0.000000e+00
2045.110,0.000000e+00
2045.111,0.000000e+00
2045.112,0.000000e+00
2045.113,0.000000e+00
2045.114,0.000000e+00
2045.115,0.000000e+00
2045.116,0.000000e+00
2045.117,0.000000e+00
2045.118,0.000000e+00
2045.119,0.000000e+00
2045.120,0.000000e+00
2045.121,0.000000e+00
2045.122,0.000000e+00
2045.123,0.000000e+00
2045.124,1.073282e-07
2045.125,1.079977e-07
2045.126,1.086718e-07
2045.127,1.093506e-07
2045.128,1.100341e-07
2045.129,1.107223e-07
2045.130,1.114153e-07
2045.131,1.121130e-07
2045.132,1.128155e-07
2045.133,1.135227e-07
2045.134,1.142348e-07
2045.135,1.149516e-07
2045.136,1.156732e-07
2045.137,1.163997e-07
2045.138,1.171310e-07
2045.139,1.178672e-07
2045.140,1.186082e-07
2045.141,1.193541e-07
2045.142,1.201049e-07
2045.143,1.208605e-07
2045.144,1.216210e-07
2045.145,1.223864e-07
2045.146,1.231567e-07
2045.147,1.239319e-07
2045.148,1.247120e-07
2045.149,1.254970e-07
2045.150,1.262868e-07
2045.151,1.270816e-07
2045.152,1.278812e-07
2045.153,1.286858e-07
2045.154,1.294952e-07
2045.155,1.303094e-07
2045.156,1.311286e-07
2045.157,1.319526e-07
2045.158,1.327814e-07
2045.159,1.336150e-07
2045.160,1.344535e-07
2045.161,1.352967e-07
2045.162,1.361447e-07
2045.163,1.369975e-07
2045.164,1.378550e-07
2045.165,1.387172e-07
2045.166,1.395841e-07
2045.167,1.404556e-07
2045.168,1.413318e-07
2045.169,1.422126e-07
2045.170,1.430979e-07
2045.171,1.439877e-07
2045.172,1.448821e-07
2045.173,1.457808e-07
2045.174,1.466840e-07
2045.175,1.475916e-07
2045.176,1.485035e-07
2045.177,1.494196e-07
2045.178,1.503400e-07
2045.179,1.512645e-07
2045.180,1.521931e-07
2045.181,1.531258e-07
2045.182,1.540624e-07
2045.183,1.550030e-07
2045.184,1.559474e-07
2045.185,1.568956e-07
2045.186,1.578475e-07
2045.187,1.588031e-07
2045.188,1.597622e-07
2045.189,1.607248e-07
2045.190,1.616907e-07
2045.191,1.626600e-07
2045.192,1.636325e-07
2045.193,1.646081e-07
2045.194,1.655867e-07
2045.195,1.665683e-07
2045.196,1.675526e-07
2045.197,1.685397e-07
2045.198,1.695294e-07
2045.199,1.705215e-07
2045.200,1.715161e-07
2045.201,1.725128e-07
2045.202,1.735117e-07
2045.203,1.745126e-07
2045.204,1.755153e-07
2045.205,1.765198e-07
2045.206,1.775258e-07
2045.207,1.785333e-07
2045.208,1.795421e-07
2045.209,1.805520e-07
2045.210,1.815630e-07
2045.211,1.825747e-07
2045.212,1.835871e-07
2045.213,1.846000e-07
2045.214,1.856133e-07
2045.215,1.866267e-07
2045.216,1.876401e-07
2045.217,1.886533e-07
2045.218,1.896661e-07
2045.219,1.906783e-07
2045.220,1.916898e-07
2045.221,1.927003e-07
2045.222,1.937096e-07
2045.223,1.947175e-07
2045.224,1.957239e-07
2045.225,1.967285e-07
2045.226,1.977311e-07
2045.227,1.987314e-07
2045.228,1.997293e-07
2045.229,2.007245e-07
2045.230,2.017168e-07
2045.231,2.027060e-07
2045.232,2.036917e-07
2045.233,2.046739e-07
2045.234,2.056522e-07
2045.235,2.066264e-07
2045.236,2.075962e-07
2045.237,2.085614e-07
2045.238,2.095217e-07
2045.239,2.104769e-07
2045.240,2.114267e-07
2045.241,2.123709e-07
2045.242,2.133091e-07
2045.243,2.142411e-07
2045.244,2.151667e-07
2045.245,2.160855e-07
2045.246,2.169973e-07
2045.247,2.179019e-07
2045.248,2.187988e-07
2045.249,2.196879e-07
2045.250,2.205689e-07
2045.251,2.214414e-07
2045.252,2.223053e-07
2045.253,2.231602e-07
2045.254,2.240058e-07
2045.255,2.248418e-07
2045.256,2.256680e-07
2045.257,2.264841e-07
2045.258,2.272898e-07
2045.259,2.280847e-07
2045.260,2.288687e-07
2045.261,2.296415e-07
2045.262,2.304026e-07
2045.263,2.311520e-07
2045.264,2.318892e-07
2045.265,2.326141e-07
2045.266,2.333263e-07
2045.267,2.340255e-07
2045.268,2.347116e-07
2045.269,2.353841e-07
2045.270,2.360430e-07
2045.271,2.366878e-07
2045.272,2.373183e-07
2045.273,2.379343e-07
2045.274,2.385356e-07
2045.275,2.391218e-07
2045.276,2.396927e-07
2045.277,2.402482e-07
2045.278,2.407879e-07
2045.279,2.413116e-07
2045.280,2.418191e-07
2045.281,2.423102e-07
2045.282,2.427847e-07
2045.283,2.432424e-07
2045.284,2.436830e-07
2045.285,2.441064e-07
2045.286,2.445124e-07
2045.287,2.449007e-07
2045.288,2.452713e-07
2045.289,2.456240e-07
2045.290,2.459586e-07
2045.291,2.462749e-07
2045.292,2.465729e-07
2045.293,2.468523e-07
2045.294,2.471130e-07
2045.295,2.473550e-07
2045.296,2.475781e-07
2045.297,2.477821e-07
2045.298,2.479671e-07
2045.299,2.481330e-07
2045.300,2.482795e-07
2045.301,2.484068e-07
2045.302,2.485147e-07
2045.303,2.486031e-07
2045.304,2.486721e-07
2045.305,2.487216e-07
2045.306,2.487516e-07
2045.307,2.487620e-07
2045.308,2.487528e-07
2045.309,2.487242e-07
2045.310,2.486760e-07
2045.311,2.486082e-07
2045.312,2.485211e-07
2045.313,2.484145e-07
2045.314,2.482885e-07
2045.315,2.481431e-07
2045.316,2.479786e-07
2045.317,2.477948e-07
2045.318,2.475920e-07
2045.319,2.473701e-07
2045.320,2.471294e-07
2045.321,2.468699e-07
2045.322,2.465917e-07
2045.323,2.462950e-07
2045.324,2.459798e-07
2045.325,2.456464e-07
2045.326,2.452949e-07
2045.327,2.449255e-07
2045.328,2.445383e-07
2045.329,2.441334e-07
2045.330,2.437112e-07
2045.331,2.432717e-07
2045.332,2.428151e-07
2045.333,2.423417e-07
2045.334,2.418517e-07
2045.335,2.413452e-07
2045.336,2.408226e-07
2045.337,2.402839e-07
2045.338,2.397295e-07
2045.339,2.391596e-07
2045.340,2.385743e-07
2045.341,2.379741e-07
2045.342,2.373590e-07
2045.343,2.367294e-07
2045.344,2.360855e-07
2045.345,2.354276e-07
2045.346,2.347560e-07
2045.347,2.340708e-07
2045.348,2.333724e-07
2045.349,2.326610e-07
2045.350,2.319370e-07
2045.351,2.312006e-07
2045.352,2.304520e-07
2045.353,2.296916e-07
2045.354,2.289196e-07
2045.355,2.281363e-07
2045.356,2.273421e-07
2045.357,2.265371e-07
2045.358,2.257217e-07
2045.359,2.248961e-07
2045.360,2.240607e-07
2045.361,2.232157e-07
2045.362,2.223614e-07
2045.363,2.214982e-07
2045.364,2.206262e-07
2045.365,2.197457e-07
2045.366,2.188572e-07
2045.367,2.179607e-07
2045.368,2.170567e-07
2045.369,2.161453e-07
2045.370,2.152270e-07
2045.371,2.143018e-07
2045.372,2.133702e-07
2045.373,2.124324e-07
2045.374,2.114886e-07
2045.375,2.105392e-07
2045.376,2.095843e-07
2045.377,2.086243e-07
2045.378,2.076594e-07
2045.379,2.066899e-07
2045.380,2.057160e-07
2045.381,2.047380e-07
2045.382,2.037561e-07
2045.383,2.027705e-07
2045.384,2.017816e-07
2045.385,2.007895e-07
2045.386,1.997944e-07
2045.387,1.987967e-07
2045.388,1.977965e-07
2045.389,1.967941e-07
2045.390,1.957896e-07
2045.391,1.947834e-07
2045.392,1.937755e-07
2045.393,1.927663e-07
2045.394,1.917558e-07
2045.395,1.907444e-07
2045.396,1.897323e-07
2045.397,1.887195e-07
2045.398,1.877063e-07
2045.399,1.866929e-07
2045.400,1.856795e-07
2045.401,1.846663e-07
2045.402,1.836533e-07
2045.403,1.826409e-07
2045.404,1.816291e-07
2045.405,1.806181e-07
2045.406,1.796081e-07
2045.407,1.785992e-07
2045.408,1.775916e-07
2045.409,1.765855e-07
2045.410,1.755809e-07
2045.411,1.745781e-07
2045.412,1.735771e-07
2045.413,1.725781e-07
2045.414,1.715811e-07
2045.415,1.705865e-07
2045.416,1.695942e-07
2045.417,1.686043e-07
2045.418,1.676171e-07
2045.419,1.666325e-07
2045.420,1.656508e-07
2045.421,1.646720e-07
2045.422,1.636962e-07
2045.423,1.627235e-07
2045.424,1.617540e-07
2045.425,1.607878e-07
2045.426,1.598250e-07
2045.427,1.588657e-07
2045.428,1.579099e-07
2045.429,1.569577e-07
2045.430,1.560093e-07
2045.431,1.550646e-07
2045.432,1.541238e-07
2045.433,1.531869e-07
2045.434,1.522539e-07
2045.435,1.513250e-07
2045.436,1.504003e-07
2045.437,1.494796e-07
2045.438,1.485632e-07
2045.439,1.476511e-07
2045.440,1.467432e-07
2045.441,1.458397e-07
2045.442,1.449407e-07
2045.443,1.440460e-07
2045.444,1.431559e-07
2045.445,1.422703e-07
2045.446,1.413892e-07
2045.447,1.405127e-07
2045.448,1.396409e-07
2045.449,1.387737e-07
2045.450,1.379112e-07
2045.451,1.370534e-07
2045.452,1.362003e-07
2045.453,1.353520e-07
2045.454,1.345084e-07
2045.455,1.336697e-07
2045.456,1.328357e-07
2045.457,1.320066e-07
2045.458,1.311823e-07
2045.459,1.303628e-07
2045.460,1.295482e-07
2045.461,1.287385e-07
2045.462,1.279337e-07
2045.463,1.271337e-07
2045.464,1.263386e-07
2045.465,1.255484e-07
2045.466,1.247631e-07
2045.467,1.239827e-07
2045.468,1.232072e-07
2045.469,1.224366e-07
2045.470,1.216709e-07
2045.471,1.209100e-07
2045.472,1.201541e-07
2045.473,1.194030e-07
2045.474,1.186568e-07
2045.475,1.179155e-07
2045.476,1.171790e-07
2045.477,1.164474e-07
2045.478,1.157206e-07
2045.479,1.149986e-07
2045.480,1.142815e-07
2045.481,1.135691e-07
2045.482,1.128616e-07
2045.483,1.121588e-07
2045.484,1.114608e-07
2045.485,1.107675e-07
2045.486,1.100790e-07
2045.487,1.093951e-07
2045.488,1.087160e-07
2045.489,1.080416e-07
2045.490,1.073718e-07
2045.491,1.067067e-07
2045.492,0.000000e+00
2045.493,0.000000e+00
2045.494,0.000000e+00
2045.495,0.000000e+00
2045.496,0.000000e+00
2045.497,0.000000e+00
2045.498,0.000000e+00
2045.499,0.000000e+00
2045.500,0.000000e+00
2045.501,0.000000e+00
2045.502,0.000000e+00
2045.503,0.000000e+00
2045.504,0.000000e+00
2045.505,0.000000e+00
2045.506,0.000000e+00
2045.507,0.000000e+00
2045.508,0.000000e+00
2045.509,0.000000e+00
2045.510,0.000000e+00
2045.511,0.000000e+00
2045.512,0.000000e+00
2045.513,0.000000e+00
2045.514,0.000000e+00
2045.515,0.000000e+00
2045.516,0.000000e+00
2045.517,0.000000e+00
2045.518,0.000000e+00
2045.519,0.000000e+00
2045.520,0.000000e+00
2045.521,0.000000e+00
2045.522,0.000000e+00
2045.523,0.000000e+00
2045.524,0.000000e+00
2045.525,0.000000e+00
2045.526,0.000000e+00
2045.527,0.000000e+00
2045.528,0.000000e+00
2045.529,0.000000e+00
2045.530,0.000000e+00
2045.531,0.000000e+00
2045.532,0.000000e+00
2045.533,0.000000e+00
2045.534,0.000000e+00
2045.535,0.000000e+00
2045.536,0.000000e+00
2045.537,0.000000e+00
2045.538,0.000000e+00
2045.539,0.000000e+00
2045.540,0.000000e+00
2045.541,0.000000e+00
2045.542,0.000000e+00
2045.543,0.000000e+00
2045.544,0.000000e+00
2045.545,0.000000e+00
2045.546,0.000000e+00
2045.547,0.000000e+00
2045.548,0.000000e+00
2045.549,0.000000e+00
2045.550,0.000000e+00
2045.551,0.000000e+00
2045.552,0.000000e+00
2045.553,0.000000e+00
2045.554,0.000000e+00
2045.555,0.000000e+00
2045.556,0.000000e+00
2045.557,0.000000e+00
2045.558,0.000000e+00
2045.559,0.000000e+00
2045.560,0.000000e+00
2045.561,0.000000e+00
2045.562,0.000000e+00
2045.563,0.000000e+00
2045.564,0.000000e+00
2045.565,0.000000e+00
2045.566,0.000000e+00
2045.567,0.000000e+00
2045.568,0.000000e+00
2045.569,0.000000e+00
2045.570,0.000000e+00
2045.571,0.000000e+00
2045.572,0.000000e+00
2045.573,0.000000e+00
2045.574,0.000000e+00
2045.575,0.000000e+00
2045.576,0.000000e+00
2045.577,0.000000e+00
2045.578,0.000000e+00
2045.579,0.000000e+00
2045.580,0.000000e+00
2045.581,0.000000e+00
2045.582,0.000000e+00
2045.583,0.000000e+00
2045.584,0.000000e+00
2045.585,0.000000e+00
2045.586,0.000000e+00
2045.587,0.000000e+00
2045.588,0.000000e+00
2045.589,5.852779e-04
2045.590,5.898724e-04
2045.591,5.945138e-04
2045.592,5.992028e-04
2045.593,6.039398e-04
2045.594,6.087254e-04
2045.595,6.135600e-04
2045.596,6.184442e-04
2045.597,6.233785e-04
2045.598,6.283634e-04
2045.599,6.333995e-04
2045.600,6.384873e-04
2045.601,6.436274e-04
2045.602,6.488203e-04
2045.603,6.540666e-04
2045.604,6.593667e-04
2045.605,6.647213e-04
2045.606,6.701309e-04
2045.607,6.755961e-04
2045.608,6.811174e-04
2045.609,6.866954e-04
2045.610,6.923306e-04
2045.611,6.980236e-04
2045.612,7.037750e-04
2045.613,7.095853e-04
2045.614,7.154551e-04
2045.615,7.213849e-04
2045.616,7.273754e-04
2045.617,7.334270e-04
2045.618,7.395404e-04
2045.619,7.457161e-04
2045.620,7.519547e-04
2045.621,7.582567e-04
2045.622,7.646227e-04
2045.623,7.710532e-04
2045.624,7.775488e-04
2045.625,7.841100e-04
2045.626,7.907374e-04
2045.627,7.974315e-04
2045.628,8.041929e-04
2045.629,8.110220e-04
2045.630,8.179195e-04
2045.631,8.248857e-04
2045.632,8.319213e-04
2045.633,8.390266e-04
2045.634,8.462023e-04
2045.635,8.534488e-04
2045.636,8.607665e-04
2045.637,8.681560e-04
2045.638,8.756176e-04
2045.639,8.831519e-04
2045.640,8.907591e-04
2045.641,8.984399e-04
2045.642,9.061944e-04
2045.643,9.140232e-04
2045.644,9.219266e-04
2045.645,9.299049e-04
2045.646,9.379585e-04
2045.647,9.460877e-04
2045.648,9.542927e-04
2045.649,9.625739e-04
2045.650,9.709314e-04
2045.651,9.793655e-04
2045.652,9.878764e-04
2045.653,9.964643e-04
2045.654,1.005129e-03
2045.655,1.013871e-03
2045.656,1.022691e-03
2045.657,1.031588e-03
2045.658,1.040562e-03
2045.659,1.049613e-03
2045.660,1.058742e-03
2045.661,1.067948e-03
2045.662,1.077231e-03
2045.663,1.086590e-03
2045.664,1.096027e-03
2045.665,1.105540e-03
2045.666,1.115128e-03
2045.667,1.124793e-03
2045.668,1.134533e-03
2045.669,1.144348e-03
2045.670,1.154237e-03
2045.671,1.164200e-03
2045.672,1.174236e-03
2045.673,1.184344e-03
2045.674,1.194524e-03
2045.675,1.204775e-03
2045.676,1.215096e-03
2045.677,1.225486e-03
2045.678,1.235944e-03
2045.679,1.246469e-03
2045.680,1.257060e-03
2045.681,1.267716e-03
2045.682,1.278435e-03
2045.683,1.289215e-03
2045.684,1.300056e-03
2045.685,1.310956e-03
2045.686,1.321913e-03
2045.687,1.332925e-03
2045.688,1.343991e-03
2045.689,1.355109e-03
2045.690,1.366276e-03
2045.691,1.377491e-03
2045.692,1.388751e-03
2045.693,1.400054e-03
2045.694,1.411398e-03
2045.695,1.422780e-03
2045.696,1.434197e-03
2045.697,1.445647e-03
2045.698,1.457127e-03
2045.699,1.468634e-03
2045.700,1.480164e-03
2045.701,1.491715e-03
2045.702,1.503284e-03
2045.703,1.514866e-03
2045.704,1.526459e-03
2045.705,1.538059e-03
2045.706,1.549661e-03
2045.707,1.561263e-03
2045.708,1.572860e-03
2045.709,1.584448e-03
2045.710,1.596023e-03
2045.711,1.607581e-03
2045.712,1.619116e-03
2045.713,1.630625e-03
2045.714,1.642103e-03
2045.715,1.653545e-03
2045.716,1.664946e-03
2045.717,1.676301e-03
2045.718,1.687605e-03
2045.719,1.698852e-03
2045.720,1.710039e-03
2045.721,1.721158e-03
2045.722,1.732205e-03
2045.723,1.743174e-03
2045.724,1.754059e-03
2045.725,1.764855e-03
2045.726,1.775556e-03
2045.727,1.786156e-03
2045.728,1.796648e-03
2045.729,1.807028e-03
2045.730,1.817288e-03
2045.731,1.827423e-03
2045.732,1.837427e-03
2045.733,1.847293e-03
2045.734,1.857016e-03
2045.735,1.866588e-03
2045.736,1.876005e-03
2045.737,1.885259e-03
2045.738,1.894344e-03
2045.739,1.903255e-03
2045.740,1.911985e-03
2045.741,1.920527e-03
2045.742,1.928877e-03
2045.743,1.937027e-03
2045.744,1.944972e-03
2045.745,1.952706e-03
2045.746,1.960224e-03
2045.747,1.967519e-03
2045.748,1.974585e-03
2045.749,1.981418e-03
2045.750,1.988012e-03
2045.751,1.994362e-03
2045.752,2.000463e-03
2045.753,2.006309e-03
2045.754,2.011896e-03
2045.755,2.017220e-03
2045.756,2.022275e-03
2045.757,2.027059e-03
2045.758,2.031566e-03
2045.759,2.035793e-03
2045.760,2.039736e-03
2045.761,2.043392e-03
2045.762,2.046757e-03
2045.763,2.049830e-03
2045.764,2.052607e-03
2045.765,2.055085e-03
2045.766,2.057263e-03
2045.767,2.059138e-03
2045.768,2.060709e-03
2045.769,2.061975e-03
2045.770,2.062934e-03
2045.771,2.063586e-03
2045.772,2.063930e-03
2045.773,2.063965e-03
2045.774,2.063692e-03
2045.775,2.063111e-03
2045.776,2.062222e-03
2045.777,2.061026e-03
2045.778,2.059525e-03
2045.779,2.057719e-03
2045.780,2.055610e-03
2045.781,2.053201e-03
2045.782,2.050492e-03
2045.783,2.047487e-03
2045.784,2.044189e-03
2045.785,2.040599e-03
2045.786,2.036721e-03
2045.787,2.032559e-03
2045.788,2.028116e-03
2045.789,2.023396e-03
2045.790,2.018402e-03
2045.791,2.013139e-03
2045.792,2.007612e-03
2045.793,2.001825e-03
2045.794,1.995782e-03
2045.795,1.989489e-03
2045.796,1.982950e-03
2045.797,1.976172e-03
2045.798,1.969158e-03
2045.799,1.961915e-03
2045.800,1.954448e-03
2045.801,1.946763e-03
2045.802,1.938866e-03
2045.803,1.930762e-03
2045.804,1.922458e-03
2045.805,1.913959e-03
2045.806,1.905271e-03
2045.807,1.896401e-03
2045.808,1.887356e-03
2045.809,1.878140e-03
2045.810,1.868760e-03
2045.811,1.859223e-03
2045.812,1.849534e-03
2045.813,1.839785e-03
2045.814,1.829813e-03
2045.815,1.819708e-03
2045.816,1.809476e-03
2045.817,1.799124e-03
2045.818,1.788658e-03
2045.819,1.778083e-03
2045.820,1.767405e-03
2045.821,1.756631e-03
2045.822,1.745766e-03
2045.823,1.734817e-03
2045.824,1.723788e-03
2045.825,1.712685e-03
2045.826,1.701514e-03
2045.827,1.690281e-03
2045.828,1.678990e-03
2045.829,1.667647e-03
2045.830,1.656257e-03
2045.831,1.644825e-03
2045.832,1.633355e-03
2045.833,1.621854e-03
2045.834,1.610325e-03
2045.835,1.598773e-03
2045.836,1.587202e-03
2045.837,1.575618e-03
2045.838,1.564023e-03
2045.839,1.552423e-03
2045.840,1.540821e-03
2045.841,1.529221e-03
2045.842,1.517627e-03
2045.843,1.506042e-03
2045.844,1.494471e-03
2045.845,1.482916e-03
2045.846,1.471382e-03
2045.847,1.459870e-03
2045.848,1.448385e-03
2045.849,1.436928e-03
2045.850,1.425504e-03
2045.851,1.414115e-03
2045.852,1.402763e-03
2045.853,1.391451e-03
2045.854,1.380182e-03
2045.855,1.368958e-03
2045.856,1.357780e-03
2045.857,1.346652e-03
2045.858,1.335575e-03
2045.859,1.324551e-03
2045.860,1.313582e-03
2045.861,1.302670e-03
2045.862,1.291816e-03
2045.863,1.281022e-03
2045.864,1.270290e-03
2045.865,1.259621e-03
2045.866,1.249016e-03
2045.867,1.238477e-03
2045.868,1.228004e-03
2045.869,1.217599e-03
2045.870,1.207263e-03
2045.871,1.196997e-03
2045.872,1.186802e-03
2045.873,1.176678e-03
2045.874,1.166626e-03
2045.875,1.156648e-03
2045.876,1.146743e-03
2045.877,1.136912e-03
2045.878,1.127156e-03
2045.879,1.117475e-03
2045.880,1.107870e-03
2045.881,1.098341e-03
2045.882,1.192156e-03
2045.883,1.183590e-03
2045.884,1.175109e-03
2045.885,1.166714e-03
2045.886,1.158404e-03
2045.887,1.150180e-03
2045.888,1.142041e-03
2045.889,1.133989e-03
2045.890,1.126023e-03
2045.891,1.118144e-03
2045.892,1.110350e-03
2045.893,1.102643e-03
2045.894,1.095022e-03
2045.895,1.087487e-03
2045.896,1.080038e-03
2045.897,1.072675e-03
2045.898,1.065398e-03
2045.899,1.058206e-03
2045.900,1.051100e-03
2045.901,1.044079e-03
2045.902,1.037143e-03
2045.903,1.030292e-03
2045.904,1.023525e-03
2045.905,1.016842e-03
2045.906,1.010244e-03
2045.907,1.003729e-03
2045.908,9.972967e-04
2045.909,9.909478e-04
2045.910,9.846815e-04
2045.911,9.784974e-04
2045.912,9.723951e-04
2045.913,9.663743e-04
2045.914,9.604346e-04
2045.915,9.545756e-04
2045.916,9.487968e-04
2045.917,9.430979e-04
2045.918,9.374783e-04
2045.919,9.319378e-04
2045.920,9.264758e-04
2045.921,9.210919e-04
2045.922,9.157857e-04
2045.923,9.105566e-04
2045.924,9.054043e-04
2045.925,9.003283e-04
2045.926,8.953280e-04
2045.927,8.904031e-04
2045.928,8.855530e-04
2045.929,8.807773e-04
2045.930,8.760755e-04
2045.931,8.714470e-04
2045.932,8.668915e-04
2045.933,8.624084e-04
2045.934,8.579972e-04
2045.935,8.536574e-04
2045.936,8.493885e-04
2045.937,8.451901e-04
2045.938,8.410616e-04
2045.939,8.370025e-04
2045.940,8.330123e-04
2045.941,8.290905e-04
2045.942,8.252366e-04
2045.943,8.214501e-04
2045.944,8.177304e-04
2045.945,8.140770e-04
2045.946,8.104895e-04
2045.947,8.069673e-04
2045.948,8.035099e-04
2045.949,8.001167e-04
2045.950,7.967872e-04
2045.951,7.935210e-04
2045.952,7.903173e-04
2045.953,7.871758e-04
2045.954,7.840959e-04
2045.955,7.810770e-04
2045.956,7.781186e-04
2045.957,1.934523e-04
2045.958,1.951258e-04
2045.959,1.968124e-04
2045.960,1.985122e-04
2045.961,2.002251e-04
2045.962,2.019510e-04
2045.963,2.036898e-04
2045.964,2.054413e-04
2045.965,2.072056e-04
2045.966,2.089824e-04
2045.967,2.107716e-04
2045.968,2.125730e-04
2045.969,2.143866e-04
2045.970,2.162121e-04
2045.971,2.180493e-04
2045.972,2.198981e-04
2045.973,2.217582e-04
2045.974,2.236295e-04
2045.975,2.255116e-04
2045.976,2.274043e-04
2045.977,2.293074e-04
2045.978,2.312206e-04
2045.979,2.331436e-04
2045.980,2.350760e-04
2045.981,2.370175e-04
2045.982,2.389679e-04
2045.983,2.409267e-04
2045.984,2.428935e-04
2045.985,2.448680e-04
2045.986,2.468498e-04
2045.987,2.488384e-04
2045.988,2.508333e-04
2045.989,2.528341e-04
2045.990,2.548404e-04
2045.991,2.568515e-04
2045.992,2.588670e-04
2045.993,2.608864e-04
2045.994,2.629090e-04
2045.995,2.649343e-04
2045.996,2.669617e-04
2045.997,2.689905e-04
2045.998,2.710202e-04
2045.999,2.730500e-04
2046.000,2.750792e-04
2046.001,2.771072e-04
2046.002,2.791333e-04
2046.003,2.811566e-04
2046.004,2.831764e-04
2046.005,2.851920e-04
2046.006,2.872025e-04
2046.007,2.892071e-04
2046.008,2.912050e-04
2046.009,2.931953e-04
2046.010,2.951771e-04
2046.011,2.971495e-04
2046.012,2.991116e-04
2046.013,3.010625e-04
2046.014,3.030012e-04
2046.015,3.049268e-04
2046.016,3.068382e-04
2046.017,3.087346e-04
2046.018,3.106148e-04
2046.019,3.124779e-04
2046.020,3.143228e-04
2046.021,3.161485e-04
2046.022,3.179540e-04
2046.023,3.197381e-04
2046.024,3.214998e-04
2046.025,3.232381e-04
2046.026,3.249519e-04
2046.027,3.266400e-04
2046.028,3.283015e-04
2046.029,3.299352e-04
2046.030,3.315400e-04
2046.031,3.331149e-04
2046.032,3.346588e-04
2046.033,3.361706e-04
2046.034,3.376492e-04
2046.035,3.390937e-04
2046.036,3.405029e-04
2046.037,3.418758e-04
2046.038,3.432115e-04
2046.039,3.445088e-04
2046.040,3.457669e-04
2046.041,3.469847e-04
2046.042,3.481613e-04
2046.043,3.492958e-04
2046.044,3.503873e-04
2046.045,3.514348e-04
2046.046,3.524377e-04
2046.047,3.533950e-04
2046.048,3.543059e-04
2046.049,3.551697e-04
2046.050,3.559857e-04
2046.051,3.567532e-04
2046.052,3.575735e-04
2046.053,3.582428e-04
2046.054,3.588617e-04
2046.055,3.594298e-04
2046.056,3.599466e-04
2046.057,3.604115e-04
2046.058,3.608242e-04
2046.059,3.611843e-04
2046.060,3.614915e-04
2046.061,3.617455e-04
2046.062,3.619461e-04
2046.063,3.620932e-04
2046.064,3.621865e-04
2046.065,3.622261e-04
2046.066,3.622118e-04
2046.067,3.621437e-04
2046.068,3.620219e-04
2046.069,3.618465e-04
2046.070,3.616175e-04
2046.071,3.613353e-04
2046.072,3.610000e-04
2046.073,3.606120e-04
2046.074,3.601716e-04
2046.075,3.596792e-04
2046.076,3.591352e-04
2046.077,3.585401e-04
2046.078,3.578944e-04
2046.079,3.571987e-04
2046.080,3.564535e-04
2046.081,3.556595e-04
2046.082,3.548174e-04
2046.083,3.539278e-04
2046.084,3.529916e-04
2046.085,3.520094e-04
2046.086,3.509821e-04
2046.087,3.499105e-04
2046.088,3.415036e-02
2046.089,3.442392e-02
2046.090,3.470040e-02
2046.091,3.497984e-02
2046.092,3.526227e-02
2046.093,3.554774e-02
2046.094,3.583627e-02
2046.095,3.612791e-02
2046.096,3.642269e-02
2046.097,3.672066e-02
2046.098,3.702184e-02
2046.099,3.732629e-02
2046.100,3.763404e-02
2046.101,3.794513e-02
2046.102,3.825960e-02
2046.103,3.857749e-02
2046.104,3.889884e-02
2046.105,3.922369e-02
2046.106,3.955208e-02
2046.107,3.988407e-02
2046.108,4.021967e-02
2046.109,4.055895e-02
2046.110,4.090194e-02
2046.111,4.124868e-02
2046.112,4.159922e-02
2046.113,4.195360e-02
2046.114,4.231186e-02
2046.115,4.267405e-02
2046.116,4.304021e-02
2046.117,4.341038e-02
2046.118,4.378461e-02
2046.119,4.416294e-02
2046.120,4.454541e-02
2046.121,4.493207e-02
2046.122,4.532297e-02
2046.123,4.571814e-02
2046.124,4.611763e-02
2046.125,4.652149e-02
2046.126,4.692976e-02
2046.127,4.734247e-02
2046.128,4.775969e-02
2046.129,4.818144e-02
2046.130,4.860777e-02
2046.131,4.903873e-02
2046.132,4.947436e-02
2046.133,4.991470e-02
2046.134,5.035979e-02
2046.135,5.080968e-02
2046.136,5.126440e-02
2046.137,5.172400e-02
2046.138,5.218852e-02
2046.139,5.265799e-02
2046.140,5.313246e-02
2046.141,5.361196e-02
2046.142,5.409654e-02
2046.143,5.458622e-02
2046.144,5.508105e-02
2046.145,5.558106e-02
2046.146,5.608628e-02
2046.147,5.659674e-02
2046.148,5.711249e-02
2046.149,5.763355e-02
2046.150,5.815994e-02
2046.151,5.869170e-02
2046.152,5.922885e-02
2046.153,5.977142e-02
2046.154,6.031943e-02
2046.155,6.087291e-02
2046.156,6.143186e-02
2046.157,6.199632e-02
2046.158,6.256629e-02
2046.159,6.314179e-02
2046.160,6.372284e-02
2046.161,6.430943e-02
2046.162,6.490158e-02
2046.163,6.549929e-02
2046.164,6.610256e-02
2046.165,6.671139e-02
2046.166,6.732578e-02
2046.167,6.794571e-02
2046.168,6.857118e-02
2046.169,6.920218e-02
2046.170,6.983867e-02
2046.171,7.048065e-02
2046.172,7.112809e-02
2046.173,7.178095e-02
2046.174,7.243921e-02
2046.175,7.310282e-02
2046.176,7.377174e-02
2046.177,7.444593e-02
2046.178,7.512533e-02
2046.179,7.580989e-02
2046.180,7.649954e-02
2046.181,7.719413e-02
2046.182,7.789376e-02
2046.183,7.859827e-02
2046.184,7.930756e-02
2046.185,8.002155e-02
2046.186,8.074014e-02
2046.187,8.146323e-02
2046.188,8.219070e-02
2046.189,8.292244e-02
2046.190,8.365833e-02
2046.191,8.439823e-02
2046.192,8.514201e-02
2046.193,8.588951e-02
2046.194,8.664059e-02
2046.195,8.739508e-02
2046.196,8.815281e-02
2046.197,8.891360e-02
2046.198,8.967727e-02
2046.199,9.044362e-02
2046.200,9.121245e-02
2046.201,9.198355e-02
2046.202,9.275669e-02
2046.203,9.353164e-02
2046.204,9.430816e-02
2046.205,9.508601e-02
2046.206,9.586492e-02
2046.207,9.664463e-02
2046.208,9.742486e-02
2046.209,9.820533e-02
2046.210,9.898573e-02
2046.211,9.976577e-02
2046.212,1.005451e-01
2046.213,1.013235e-01
2046.214,1.021005e-01
2046.215,1.028758e-01
2046.216,1.036491e-01
2046.217,1.044200e-01
2046.218,1.051881e-01
2046.219,1.059531e-01
2046.220,1.067145e-01
2046.221,1.074720e-01
2046.222,1.082252e-01
2046.223,1.089736e-01
2046.224,1.097169e-01
2046.225,1.104546e-01
2046.226,1.111862e-01
2046.227,1.119114e-01
2046.228,1.126297e-01
2046.229,1.133406e-01
2046.230,1.140437e-01
2046.231,1.147385e-01
2046.232,1.154246e-01
2046.233,1.161015e-01
2046.234,1.167687e-01
2046.235,1.174257e-01
2046.236,1.180721e-01
2046.237,1.187074e-01
2046.238,1.193312e-01
2046.239,1.199429e-01
2046.240,1.205420e-01
2046.241,1.211282e-01
2046.242,1.217009e-01
2046.243,1.222597e-01
2046.244,1.228041e-01
2046.245,1.233337e-01
2046.246,1.238480e-01
2046.247,1.243465e-01
2046.248,1.248290e-01
2046.249,1.252948e-01
2046.250,1.256416e-01
2046.251,1.260738e-01
2046.252,1.264882e-01
2046.253,1.268845e-01
2046.254,1.272622e-01
2046.255,1.276210e-01
2046.256,1.279606e-01
2046.257,1.282806e-01
2046.258,1.285808e-01
2046.259,1.288608e-01
2046.260,1.291204e-01
2046.261,1.293594e-01
2046.262,1.295774e-01
2046.263,1.297743e-01
2046.264,1.299499e-01
2046.265,1.301040e-01
2046.266,1.302364e-01
2046.267,1.303471e-01
2046.268,1.304359e-01
2046.269,1.305027e-01
2046.270,1.305474e-01
2046.271,1.305701e-01
2046.272,1.305706e-01
2046.273,1.305491e-01
2046.274,1.305054e-01
2046.275,1.304397e-01
2046.276,1.303520e-01
2046.277,1.302424e-01
2046.278,1.301111e-01
2046.279,1.299580e-01
2046.280,1.297835e-01
2046.281,1.295876e-01
2046.282,1.293707e-01
2046.283,1.291328e-01
2046.284,1.288742e-01
2046.285,1.285951e-01
2046.286,1.282960e-01
2046.287,1.279769e-01
2046.288,1.276383e-01
2046.289,1.272804e-01
2046.290,1.269036e-01
2046.291,1.265083e-01
2046.292,1.260947e-01
2046.293,1.256634e-01
2046.294,1.252146e-01
2046.295,1.247488e-01
2046.296,1.242664e-01
2046.297,1.237678e-01
2046.298,1.232534e-01
2046.299,1.227238e-01
2046.300,1.221792e-01
2046.301,1.216203e-01
2046.302,1.210474e-01
2046.303,1.204610e-01
2046.304,1.198616e-01
2046.305,1.192496e-01
2046.306,1.186255e-01
2046.307,1.179899e-01
2046.308,1.173431e-01
2046.309,1.166856e-01
2046.310,1.160180e-01
2046.311,1.153406e-01
2046.312,1.146540e-01
2046.313,1.139587e-01
2046.314,1.132550e-01
2046.315,1.125435e-01
2046.316,1.118245e-01
2046.317,1.110987e-01
2046.318,1.103663e-01
2046.319,1.096279e-01
2046.320,1.088839e-01
2046.321,1.081346e-01
2046.322,1.073806e-01
2046.323,1.066222e-01
2046.324,1.058599e-01
2046.325,1.050942e-01
2046.326,1.043251e-01
2046.327,1.035532e-01
2046.328,1.027789e-01
2046.329,1.020025e-01
2046.330,1.012245e-01
2046.331,1.004450e-01
2046.332,9.966452e-02
2046.333,9.888333e-02
2046.334,9.810174e-02
2046.335,9.732006e-02
2046.336,9.653859e-02
2046.337,9.575762e-02
2046.338,9.497741e-02
2046.339,9.419825e-02
2046.340,9.342039e-02
2046.341,9.264407e-02
2046.342,9.186954e-02
2046.343,9.109704e-02
2046.344,9.032677e-02
2046.345,8.955896e-02
2046.346,8.879381e-02
2046.347,8.803151e-02
2046.348,8.727225e-02
2046.349,8.651622e-02
2046.350,8.576357e-02
2046.351,8.501448e-02
2046.352,8.426909e-02
2046.353,8.352756e-02
2046.354,8.279002e-02
2046.355,8.205661e-02
2046.356,8.132745e-02
2046.357,8.060265e-02
2046.358,7.988233e-02
2046.359,7.916659e-02
2046.360,7.845554e-02
2046.361,7.774925e-02
2046.362,7.704782e-02
2046.363,7.635133e-02
2046.364,7.565984e-02
2046.365,7.497343e-02
2046.366,7.429216e-02
2046.367,7.361609e-02
2046.368,7.294527e-02
2046.369,7.227974e-02
2046.370,7.161956e-02
2046.371,7.096475e-02
2046.372,7.031535e-02
2046.373,6.967140e-02
2046.374,6.903292e-02
2046.375,6.839992e-02
2046.376,6.777243e-02
2046.377,6.715047e-02
2046.378,6.653404e-02
2046.379,6.592315e-02
2046.380,6.531781e-02
2046.381,6.471802e-02
2046.382,6.412378e-02
2046.383,6.353508e-02
2046.384,6.295193e-02
2046.385,6.237430e-02
2046.386,6.180219e-02
2046.387,6.123558e-02
2046.388,6.067447e-02
2046.389,6.011883e-02
2046.390,5.956864e-02
2046.391,5.902389e-02
2046.392,5.848454e-02
2046.393,5.795058e-02
2046.394,5.742198e-02
2046.395,5.689871e-02
2046.396,5.638074e-02
2046.397,5.586804e-02
2046.398,5.536059e-02
2046.399,5.485834e-02
2046.400,5.436126e-02
2046.401,5.386933e-02
2046.402,5.338250e-02
2046.403,5.290074e-02
2046.404,5.242401e-02
2046.405,5.195228e-02
2046.406,5.148550e-02
2046.407,5.102363e-02
2046.408,5.056665e-02
2046.409,5.011449e-02
2046.410,4.966714e-02
2046.411,4.922454e-02
2046.412,4.878665e-02
2046.413,4.835343e-02
2046.414,4.792484e-02
2046.415,4.750084e-02
2046.416,4.708138e-02
2046.417,4.666642e-02
2046.418,4.625593e-02
2046.419,4.584985e-02
2046.420,4.544804e-02
2046.421,4.505066e-02
2046.422,4.465757e-02
2046.423,4.426872e-02
2046.424,4.388407e-02
2046.425,4.350359e-02
2046.426,4.312721e-02
2046.427,4.275491e-02
2046.428,4.238664e-02
2046.429,4.202235e-02
2046.430,4.166200e-02
2046.431,4.130556e-02
2046.432,4.095298e-02
2046.433,4.060421e-02
2046.434,4.025923e-02
2046.435,3.991797e-02
2046.436,3.958041e-02
2046.437,3.924650e-02
2046.438,3.891620e-02
2046.439,3.858947e-02
2046.440,3.826627e-02
2046.441,3.794656e-02
2046.442,3.763031e-02
2046.443,3.731746e-02
2046.444,3.700799e-02
2046.445,3.670185e-02
2046.446,3.639901e-02
2046.447,3.609942e-02
2046.448,3.580305e-02
2046.449,3.550986e-02
2046.450,3.521982e-02
2046.451,3.493289e-02
2046.452,3.464903e-02
2046.453,3.436820e-02
2046.454,3.409037e-02
2046.455,3.381551e-02
2046.456,3.809661e-07
2046.457,3.830411e-07
2046.458,3.850986e-07
2046.459,3.871375e-07
2046.460,3.891571e-07
2046.461,3.911563e-07
2046.462,3.931341e-07
2046.463,3.950897e-07
2046.464,3.970221e-07
2046.465,3.989302e-07
2046.466,4.008132e-07
2046.467,4.026700e-07
2046.468,4.044997e-07
2046.469,4.063013e-07
2046.470,4.080738e-07
2046.471,4.098162e-07
2046.472,4.115277e-07
2046.473,4.132071e-07
2046.474,4.148537e-07
2046.475,4.164663e-07
2046.476,4.180442e-07
2046.477,4.195862e-07
2046.478,4.210916e-07
2046.479,4.225594e-07
2046.480,4.239888e-07
2046.481,4.253787e-07
2046.482,4.267284e-07
2046.483,4.280370e-07
2046.484,4.293037e-07
2046.485,4.305276e-07
2046.486,4.317080e-07
2046.487,4.328441e-07
2046.488,4.339351e-07
2046.489,4.349803e-07
2046.490,4.359791e-07
2046.491,4.369307e-07
2046.492,4.378345e-07
2046.493,4.386899e-07
2046.494,4.394963e-07
2046.495,4.402531e-07
2046.496,4.409598e-07
2046.497,4.416159e-07
2046.498,4.422210e-07
2046.499,4.427747e-07
2046.500,4.432764e-07
2046.501,4.437259e-07
2046.502,4.441229e-07
2046.503,4.444671e-07
2046.504,4.447582e-07
2046.505,4.449960e-07
2046.506,4.451804e-07
2046.507,4.453112e-07
2046.508,4.453883e-07
2046.509,4.454117e-07
2046.510,4.453813e-07
2046.511,4.452972e-07
2046.512,4.451594e-07
2046.513,4.449681e-07
2046.514,4.447233e-07
2046.515,4.444253e-07
2046.516,4.440743e-07
2046.517,4.436704e-07
2046.518,4.432141e-07
2046.519,4.427056e-07
2046.520,4.421452e-07
2046.521,4.415335e-07
2046.522,4.408707e-07
2046.523,4.401575e-07
2046.524,4.393942e-07
2046.525,4.385814e-07
2046.526,4.377197e-07
2046.527,4.368096e-07
2046.528,4.358518e-07
2046.529,4.348470e-07
2046.530,4.337957e-07
2046.531,4.326988e-07
2046.532,4.315569e-07
2046.533,4.303708e-07
2046.534,4.291413e-07
2046.535,4.278691e-07
2046.536,4.265551e-07
2046.537,4.252001e-07
2046.538,4.238050e-07
2046.539,4.223706e-07
2046.540,4.208979e-07
2046.541,4.193877e-07
2046.542,4.178409e-07
2046.543,4.162585e-07
2046.544,4.146414e-07
2046.545,4.129905e-07
2046.546,4.113068e-07
2046.547,4.095913e-07
2046.548,4.078448e-07
2046.549,4.060685e-07
2046.550,4.042632e-07
2046.551,4.024299e-07
2046.552,4.005697e-07
2046.553,3.986834e-07
2046.554,3.967720e-07
2046.555,3.948366e-07
2046.556,3.928781e-07
2046.557,3.908974e-07
2046.558,3.888955e-07
2046.559,3.868733e-07
2046.560,3.848319e-07
2046.561,3.827721e-07
2046.562,3.806949e-07
2046.563,3.786012e-07
2046.564,3.764919e-07
2046.565,3.743678e-07
2046.566,3.722300e-07
2046.567,3.700793e-07
2046.568,3.679164e-07
2046.569,3.657424e-07
2046.570,3.635580e-07
2046.571,3.613641e-07
2046.572,3.591614e-07
2046.573,3.569508e-07
2046.574,3.547330e-07
2046.575,3.525089e-07
2046.576,3.502791e-07
2046.577,3.480444e-07
2046.578,3.458056e-07
2046.579,3.435633e-07
2046.580,3.413182e-07
2046.581,3.390710e-07
2046.582,3.368224e-07
2046.583,3.345729e-07
2046.584,3.323233e-07
2046.585,3.300741e-07
2046.586,3.278260e-07
2046.587,3.255794e-07
2046.588,3.233350e-07
2046.589,3.210933e-07
2046.590,3.188548e-07
2046.591,3.166200e-07
2046.592,3.143895e-07
2046.593,3.121636e-07
2046.594,3.099430e-07
2046.595,3.077279e-07
2046.596,3.055189e-07
2046.597,3.033164e-07
2046.598,3.011207e-07
2046.599,2.989323e-07
2046.600,2.967515e-07
2046.601,2.945787e-07
2046.602,2.924143e-07
2046.603,2.902584e-07
2046.604,2.881116e-07
2046.605,2.859740e-07
2046.606,2.838460e-07
2046.607,2.817279e-07
2046.608,2.796198e-07
2046.609,2.775222e-07
2046.610,2.754351e-07
2046.611,2.733588e-07
2046.612,2.712936e-07
2046.613,2.692396e-07
2046.614,2.671971e-07
2046.615,2.651662e-07
2046.616,2.631471e-07
2046.617,2.611400e-07
2046.618,2.591450e-07
2046.619,2.571622e-07
2046.620,2.551918e-07
2046.621,2.532340e-07
2046.622,2.512888e-07
2046.623,2.493563e-07
2046.624,2.474366e-07
2046.625,2.455299e-07
2046.626,2.436362e-07
2046.627,2.417556e-07
2046.628,2.398881e-07
2046.629,2.380339e-07
2046.630,2.361929e-07
2046.631,2.343652e-07
2046.632,2.325509e-07
2046.633,2.307499e-07
2046.634,2.289624e-07
2046.635,2.271883e-07
2046.636,2.254277e-07
2046.637,2.236805e-07
2046.638,2.219468e-07
2046.639,2.202266e-07
2046.640,2.185199e-07
2046.641,2.168266e-07
2046.642,2.151467e-07
2046.643,2.134803e-07
2046.644,2.118273e-07
2046.645,2.101876e-07
2046.646,2.085613e-07
2046.647,2.069484e-07
2046.648,2.053487e-07
2046.649,2.037623e-07
2046.650,2.021890e-07
2046.651,2.006290e-07
2046.652,1.990820e-07
2046.653,1.975481e-07
2046.654,1.960272e-07
2046.655,1.945192e-07
2046.656,1.930241e-07
2046.657,1.915418e-07
2046.658,1.900723e-07
2046.659,1.886155e-07
2046.660,1.871714e-07
2046.661,1.857398e-07
2046.662,1.843206e-07
2046.663,1.829139e-07
2046.664,1.815196e-07
2046.665,1.801375e-07
2046.666,1.787676e-07
2046.667,1.774098e-07
2046.668,1.760641e-07
2046.669,1.747303e-07
2046.670,1.734083e-07
2046.671,1.720982e-07
2046.672,1.707998e-07
2046.673,1.695130e-07
2046.674,1.682378e-07
2046.675,1.669740e-07
2046.676,1.657216e-07
2046.677,1.644805e-07
2046.678,1.632506e-07
2046.679,1.620318e-07
2046.680,1.608240e-07
2046.681,1.596271e-07
2046.682,1.584412e-07
2046.683,1.572659e-07
2046.684,1.561014e-07
2046.685,1.549474e-07
2046.686,1.538040e-07
2046.687,1.526710e-07
2046.688,1.515482e-07
2046.689,1.504358e-07
2046.690,1.493334e-07
2046.691,1.482411e-07
2046.692,1.471588e-07
2046.693,1.460864e-07
2046.694,0.000000e+00
2046.695,0.000000e+00
2046.696,0.000000e+00
2046.697,0.000000e+00
2046.698,0.000000e+00
2046.699,0.000000e+00
2046.700,0.000000e+00
2046.701,0.000000e+00
2046.702,0.000000e+00
2046.703,0.000000e+00
2046.704,0.000000e+00
2046.705,0.000000e+00
2046.706,0.000000e+00
2046.707,0.000000e+00
2046.708,0.000000e+00
2046.709,0.000000e+00
2046.710,0.000000e+00
2046.711,0.000000e+00
2046.712,0.000000e+00
2046.713,0.000000e+00
2046.714,0.000000e+00
2046.715,0.000000e+00
2046.716,0.000000e+00
2046.717,0.000000e+00
2046.718,0.000000e+00
2046.719,0.000000e+00
2046.720,0.000000e+00
2046.721,0.000000e+00
2046.722,0.000000e+00
2046.723,0.000000e+00
2046.724,0.000000e+00
2046.725,0.000000e+00
2046.726,0.000000e+00
2046.727,0.000000e+00
2046.728,0.000000e+00
2046.729,0.000000e+00
2046.730,0.000000e+00
2046.731,0.000000e+00
2046.732,0.000000e+00
2046.733,0.000000e+00
2046.734,0.000000e+00
2046.735,0.000000e+00
2046.736,0.000000e+00
2046.737,0.000000e+00
2046.738,0.000000e+00
2046.739,0.000000e+00
2046.740,0.000000e+00
2046.741,0.000000e+00
2046.742,0.000000e+00
2046.743,0.000000e+00
2046.744,0.000000e+00
2046.745,0.000000e+00
2046.746,0.000000e+00
2046.747,0.000000e+00
2046.748,0.000000e+00
2046.749,0.000000e+00
2046.750,0.000000e+00
2046.751,0.000000e+00
2046.752,0.000000e+00
2046.753,0.000000e+00
2046.754,0.000000e+00
2046.755,0.000000e+00
2046.756,0.000000e+00
2046.757,0.000000e+00
2046.758,0.000000e+00
2046.759,0.000000e+00
2046.760,0.000000e+00
2046.761,0.000000e+00
2046.762,0.000000e+00
2046.763,0.000000e+00
2046.764,0.000000e+00
2046.765,0.000000e+00
2046.766,0.000000e+00
2046.767,0.000000e+00
2046.768,0.000000e+00
2046.769,0.000000e+00
2046.770,0.000000e+00
2046.771,3.476609e-04
2046.772,3.503826e-04
2046.773,3.531320e-04
2046.774,3.559095e-04
2046.775,3.587152e-04
2046.776,3.615497e-04
2046.777,3.644130e-04
2046.778,3.673056e-04
2046.779,3.702278e-04
2046.780,3.731799e-04
2046.781,3.761621e-04
2046.782,3.791748e-04
2046.783,3.822184e-04
2046.784,3.852930e-04
2046.785,3.883992e-04
2046.786,3.915371e-04
2046.787,3.947071e-04
2046.788,3.979095e-04
2046.789,4.011447e-04
2046.790,4.044129e-04
2046.791,4.077146e-04
2046.792,4.110500e-04
2046.793,4.144194e-04
2046.794,4.178232e-04
2046.795,4.212618e-04
2046.796,4.247353e-04
2046.797,4.282443e-04
2046.798,4.317889e-04
2046.799,4.353696e-04
2046.800,4.389867e-04
2046.801,4.426404e-04
2046.802,4.463311e-04
2046.803,4.500592e-04
2046.804,4.538249e-04
2046.805,4.576286e-04
2046.806,4.614706e-04
2046.807,4.653513e-04
2046.808,4.692708e-04
2046.809,4.732297e-04
2046.810,4.772280e-04
2046.811,4.812663e-04
2046.812,4.853447e-04
2046.813,4.894635e-04
2046.814,4.936232e-04
2046.815,4.978238e-04
2046.816,5.020658e-04
2046.817,5.063494e-04
2046.818,5.106749e-04
2046.819,5.150426e-04
2046.820,5.194527e-04
2046.821,5.239054e-04
2046.822,5.284010e-04
2046.823,5.329398e-04
2046.824,5.375219e-04
2046.825,5.421476e-04
2046.826,5.468172e-04
2046.827,5.515307e-04
2046.828,5.562884e-04
2046.829,5.610904e-04
2046.830,5.659370e-04
2046.831,5.708283e-04
2046.832,5.757643e-04
2046.833,5.807453e-04
2046.834,5.857713e-04
2046.835,5.908425e-04
2046.836,5.959588e-04
2046.837,6.011204e-04
2046.838,6.063273e-04
2046.839,6.115796e-04
2046.840,6.168771e-04
2046.841,6.222200e-04
2046.842,6.276081e-04
2046.843,6.330414e-04
2046.844,6.385198e-04
2046.845,6.440433e-04
2046.846,6.496116e-04
2046.847,6.552246e-04
2046.848,6.608821e-04
2046.849,6.665839e-04
2046.850,6.723298e-04
2046.851,6.781194e-04
2046.852,6.839525e-04
2046.853,6.898287e-04
2046.854,6.957476e-04
2046.855,7.017089e-04
2046.856,7.077121e-04
2046.857,7.137566e-04
2046.858,7.198421e-04
2046.859,7.259678e-04
2046.860,7.321333e-04
2046.861,7.383378e-04
2046.862,7.445807e-04
2046.863,7.508612e-04
2046.864,7.571786e-04
2046.865,7.635321e-04
2046.866,7.699207e-04
2046.867,7.763435e-04
2046.868,7.827995e-04
2046.869,7.892879e-04
2046.870,7.958073e-04
2046.871,8.023568e-04
2046.872,8.089351e-04
2046.873,8.155409e-04
2046.874,8.221731e-04
2046.875,8.288301e-04
2046.876,8.355107e-04
2046.877,8.422132e-04
2046.878,8.489362e-04
2046.879,8.556780e-04
2046.880,8.624370e-04
2046.881,8.692114e-04
2046.882,8.759994e-04
2046.883,8.827992e-04
2046.884,8.896089e-04
2046.885,8.964264e-04
2046.886,9.032496e-04
2046.887,9.100765e-04
2046.888,9.169047e-04
2046.889,9.237322e-04
2046.890,9.305564e-04
2046.891,9.373751e-04
2046.892,9.441857e-04
2046.893,9.509857e-04
2046.894,9.577725e-04
2046.895,9.645434e-04
2046.896,9.712956e-04
2046.897,9.780265e-04
2046.898,9.847331e-04
2046.899,9.914124e-04
2046.900,9.980616e-04
2046.901,1.004677e-03
2046.902,1.011257e-03
2046.903,1.017797e-03
2046.904,1.024294e-03
2046.905,1.030746e-03
2046.906,1.037148e-03
2046.907,1.043497e-03
2046.908,1.049790e-03
2046.909,1.056024e-03
2046.910,1.062195e-03
2046.911,1.068300e-03
2046.912,1.074334e-03
2046.913,1.080295e-03
2046.914,1.086179e-03
2046.915,1.091982e-03
2046.916,1.097700e-03
2046.917,1.103331e-03
2046.918,1.108870e-03
2046.919,1.114314e-03
2046.920,1.119658e-03
2046.921,1.124901e-03
2046.922,1.130037e-03
2046.923,1.135064e-03
2046.924,1.139977e-03
2046.925,1.144774e-03
2046.926,1.149450e-03
2046.927,1.154003e-03
2046.928,1.158429e-03
2046.929,1.162725e-03
2046.930,1.166887e-03
2046.931,1.170912e-03
2046.932,1.174797e-03
2046.933,1.178539e-03
2046.934,1.182135e-03
2046.935,1.185582e-03
2046.936,1.188878e-03
2046.937,1.192019e-03
2046.938,1.195003e-03
2046.939,1.197828e-03
2046.940,1.200491e-03
2046.941,1.202990e-03
2046.942,1.205323e-03
2046.943,1.207488e-03
2046.944,1.209483e-03
2046.945,1.211306e-03
2046.946,1.212956e-03
2046.947,1.214431e-03
2046.948,1.215730e-03
2046.949,1.216852e-03
2046.950,1.217796e-03
2046.951,1.218561e-03
2046.952,1.219146e-03
2046.953,1.219552e-03
2046.954,1.219776e-03
2046.955,1.219821e-03
2046.956,1.219684e-03
2046.957,1.219367e-03
2046.958,1.218869e-03
2046.959,1.218192e-03
2046.960,1.217335e-03
2046.961,1.216300e-03
2046.962,1.215087e-03
2046.963,1.213698e-03
2046.964,1.212133e-03
2046.965,1.210394e-03
2046.966,1.208483e-03
2046.967,1.206401e-03
2046.968,1.204299e-03
2046.969,1.201882e-03
2046.970,1.199299e-03
2046.971,1.196554e-03
2046.972,1.193648e-03
2046.973,1.190584e-03
2046.974,1.187365e-03
2046.975,1.183992e-03
2046.976,1.180470e-03
2046.977,1.176799e-03
2046.978,1.172985e-03
2046.979,1.169029e-03
2046.980,1.164934e-03
2046.981,1.160704e-03
2046.982,1.156343e-03
2046.983,1.151853e-03
2046.984,1.147237e-03
2046.985,1.142500e-03
2046.986,1.137644e-03
2046.987,1.132673e-03
2046.988,1.127591e-03
2046.989,1.122401e-03
2046.990,1.117107e-03
2046.991,1.111712e-03
2046.992,1.106220e-03
2046.993,1.100635e-03
2046.994,1.094960e-03
2046.995,1.089199e-03
2046.996,1.083355e-03
2046.997,1.077432e-03
2046.998,1.071435e-03
2046.999,1.065365e-03
2047.000,1.059227e-03
2047.001,1.053025e-03
2047.002,1.046761e-03
2047.003,1.040440e-03
2047.004,1.034064e-03
2047.005,1.027638e-03
2047.006,1.021164e-03
2047.007,1.014645e-03
2047.008,1.008086e-03
2047.009,1.001489e-03
2047.010,9.948564e-04
2047.011,9.881927e-04
2047.012,9.815002e-04
2047.013,9.747821e-04
2047.014,9.680412e-04
2047.015,9.612803e-04
2047.016,9.545021e-04
2047.017,9.477095e-04
2047.018,9.409050e-04
2047.019,9.340913e-04
2047.020,9.272707e-04
2047.021,9.204458e-04
2047.022,9.136189e-04
2047.023,9.067924e-04
2047.024,8.999684e-04
2047.025,8.931491e-04
2047.026,8.863367e-04
2047.027,8.795332e-04
2047.028,8.727404e-04
2047.029,8.659605e-04
2047.030,8.591950e-04
2047.031,8.524460e-04
2047.032,8.457149e-04
2047.033,8.390035e-04
2047.034,8.323134e-04
2047.035,8.256461e-04
2047.036,8.190030e-04
2047.037,8.123855e-04
2047.038,8.057949e-04
2047.039,7.992326e-04
2047.040,7.926997e-04
2047.041,7.861974e-04
2047.042,7.797269e-04
2047.043,7.732891e-04
2047.044,7.668850e-04
2047.045,7.605157e-04
2047.046,7.541820e-04
2047.047,7.478848e-04
2047.048,7.416248e-04
2047.049,7.354029e-04
2047.050,7.292197e-04
2047.051,7.230758e-04
2047.052,7.169721e-04
2047.053,7.109089e-04
2047.054,7.048868e-04
2047.055,6.989065e-04
2047.056,6.929682e-04
2047.057,6.870725e-04
2047.058,6.812197e-04
2047.059,6.754103e-04
2047.060,6.696444e-04
2047.061,6.639225e-04
2047.062,6.582447e-04
2047.063,6.526114e-04
2047.064,6.470226e-04
2047.065,6.414787e-04
2047.066,6.359797e-04
2047.067,6.305257e-04
2047.068,6.251169e-04
2047.069,6.197534e-04
2047.070,6.144351e-04
2047.071,6.091621e-04
2047.072,6.039345e-04
2047.073,5.987521e-04
2047.074,5.936151e-04
2047.075,5.885233e-04
2047.076,5.834766e-04
2047.077,5.784750e-04
2047.078,5.735184e-04
2047.079,5.686067e-04
2047.080,5.637396e-04
2047.081,5.589172e-04
2047.082,5.541392e-04
2047.083,5.494055e-04
2047.084,5.447158e-04
2047.085,5.400701e-04
2047.086,5.354680e-04
2047.087,5.309094e-04
2047.088,5.263940e-04
2047.089,5.219217e-04
2047.090,5.174921e-04
2047.091,5.131050e-04
2047.092,5.087602e-04
2047.093,5.044574e-04
2047.094,5.001964e-04
2047.095,4.959768e-04
2047.096,4.917984e-04
2047.097,4.876608e-04
2047.098,4.835639e-04
2047.099,4.795072e-04
2047.100,4.754906e-04
2047.101,4.715137e-04
2047.102,4.675761e-04
2047.103,4.636776e-04
2047.104,4.598179e-04
2047.105,4.559966e-04
2047.106,4.522134e-04
2047.107,4.484680e-04
2047.108,4.447601e-04
2047.109,4.410894e-04
2047.110,4.374555e-04
2047.111,4.338581e-04
2047.112,4.302968e-04
2047.113,4.267714e-04
2047.114,4.232816e-04
2047.115,4.198269e-04
2047.116,4.164070e-04
2047.117,4.130217e-04
2047.118,4.096706e-04
2047.119,4.063533e-04
2047.120,4.030696e-04
2047.121,3.998191e-04
2047.122,3.966015e-04
2047.123,3.934164e-04
2047.124,3.902636e-04
2047.125,3.871427e-04
2047.126,3.840534e-04
2047.127,3.809953e-04
2047.128,3.779682e-04
2047.129,3.749717e-04
2047.130,3.720055e-04
2047.131,3.690694e-04
2047.132,3.661629e-04
2047.133,3.632858e-04
2047.134,3.604377e-04
2047.135,3.576184e-04
2047.136,3.548305e-04
2047.137,3.520679e-04
2047.138,3.493331e-04
2047.139,3.473272e-07
2047.140,3.476613e-07
2047.141,3.479691e-07
2047.142,3.482505e-07
2047.143,3.485054e-07
2047.144,3.487336e-07
2047.145,3.489350e-07
2047.146,3.491096e-07
2047.147,3.492574e-07
2047.148,3.493781e-07
2047.149,3.494718e-07
2047.150,3.495385e-07
2047.151,3.495781e-07
2047.152,3.495906e-07
2047.153,3.495760e-07
2047.154,3.495344e-07
2047.155,3.494657e-07
2047.156,3.493701e-07
2047.157,3.492475e-07
2047.158,3.490981e-07
2047.159,3.489218e-07
2047.160,3.487189e-07
2047.161,3.484894e-07
2047.162,3.482334e-07
2047.163,3.479511e-07
2047.164,3.476425e-07
2047.165,3.473080e-07
2047.166,3.469475e-07
2047.167,3.465613e-07
2047.168,3.461496e-07
2047.169,3.457126e-07
2047.170,3.452504e-07
2047.171,3.447633e-07
2047.172,3.442516e-07
2047.173,3.437155e-07
2047.174,3.431551e-07
2047.175,3.425709e-07
2047.176,3.419629e-07
2047.177,3.413316e-07
2047.178,3.406772e-07
2047.179,3.400000e-07
2047.180,3.393003e-07
2047.181,3.385785e-07
2047.182,3.378347e-07
2047.183,3.370694e-07
2047.184,3.362829e-07
2047.185,3.354755e-07
2047.186,3.346475e-07
2047.187,3.337994e-07
2047.188,3.329314e-07
2047.189,3.320439e-07
2047.190,3.311373e-07
2047.191,3.302120e-07
2047.192,4.655166e-03
2047.193,4.691844e-03
2047.194,4.728900e-03
2047.195,4.766337e-03
2047.196,4.804161e-03
2047.197,4.842374e-03
2047.198,4.880981e-03
2047.199,4.919986e-03
2047.200,4.959394e-03
2047.201,4.999210e-03
2047.202,5.039436e-03
2047.203,5.080079e-03
2047.204,5.121141e-03
2047.205,5.162629e-03
2047.206,5.204545e-03
2047.207,5.246895e-03
2047.208,5.289683e-03
2047.209,5.332913e-03
2047.210,5.376591e-03
2047.211,5.420720e-03
2047.212,5.465305e-03
2047.213,5.510352e-03
2047.214,5.555863e-03
2047.215,5.601845e-03
2047.216,5.648301e-03
2047.217,5.695237e-03
2047.218,5.742656e-03
2047.219,5.790564e-03
2047.220,5.838965e-03
2047.221,5.887864e-03
2047.222,5.937265e-03
2047.223,5.987173e-03
2047.224,6.037593e-03
2047.225,6.088528e-03
2047.226,6.139984e-03
2047.227,6.191966e-03
2047.228,6.244477e-03
2047.229,6.297523e-03
2047.230,6.351107e-03
2047.231,6.405234e-03
2047.232,6.459908e-03
2047.233,6.515134e-03
2047.234,6.570916e-03
2047.235,6.627259e-03
2047.236,6.684166e-03
2047.237,6.741641e-03
2047.238,6.799689e-03
2047.239,6.858313e-03
2047.240,6.917517e-03
2047.241,6.977306e-03
2047.242,7.037682e-03
2047.243,7.098650e-03
2047.244,7.160213e-03
2047.245,7.222373e-03
2047.246,7.285135e-03
2047.247,7.348502e-03
2047.248,7.412476e-03
2047.249,7.477061e-03
2047.250,7.542258e-03
2047.251,7.608071e-03
2047.252,7.674502e-03
2047.253,7.741552e-03
2047.254,7.809225e-03
2047.255,7.877522e-03
2047.256,7.946443e-03
2047.257,8.015991e-03
2047.258,8.086167e-03
2047.259,8.156972e-03
2047.260,8.228406e-03
2047.261,8.300469e-03
2047.262,8.373161e-03
2047.263,8.446484e-03
2047.264,8.520434e-03
2047.265,8.595013e-03
2047.266,8.670219e-03
2047.267,8.746050e-03
2047.268,8.822504e-03
2047.269,8.899579e-03
2047.270,8.977273e-03
2047.271,9.055582e-03
2047.272,9.134503e-03
2047.273,9.214032e-03
2047.274,9.294165e-03
2047.275,9.374897e-03
2047.276,9.456223e-03
2047.277,9.538136e-03
2047.278,9.620631e-03
2047.279,9.703701e-03
2047.280,9.787338e-03
2047.281,9.871534e-03
2047.282,9.956282e-03
2047.283,1.004157e-02
2047.284,1.012739e-02
2047.285,1.021374e-02
2047.286,1.030059e-02
2047.287,1.038794e-02
2047.288,1.047578e-02
2047.289,1.056409e-02
2047.290,1.065287e-02
2047.291,1.074208e-02
2047.292,1.083173e-02
2047.293,1.092179e-02
2047.294,1.101225e-02
2047.295,1.110309e-02
2047.296,1.119429e-02
2047.297,1.128583e-02
2047.298,1.137769e-02
2047.299,1.146985e-02
2047.300,1.156229e-02
2047.301,1.165498e-02
2047.302,1.174790e-02
2047.303,1.184104e-02
2047.304,1.193435e-02
2047.305,1.202782e-02
2047.306,1.212141e-02
2047.307,1.221511e-02
2047.308,1.230887e-02
2047.309,1.240267e-02
2047.310,1.249648e-02
2047.311,1.259027e-02
2047.312,1.268400e-02
2047.313,1.277764e-02
2047.314,1.287115e-02
2047.315,1.296449e-02
2047.316,1.305764e-02
2047.317,1.315055e-02
2047.318,1.324318e-02
2047.319,1.333550e-02
2047.320,1.342746e-02
2047.321,1.351902e-02
2047.322,1.361013e-02
2047.323,1.370077e-02
2047.324,1.379087e-02
2047.325,1.388041e-02
2047.326,1.396932e-02
2047.327,1.405757e-02
2047.328,1.414511e-02
2047.329,1.423189e-02
2047.330,1.431786e-02
2047.331,1.440298e-02
2047.332,1.448719e-02
2047.333,1.457045e-02
2047.334,1.465270e-02
2047.335,1.473390e-02
2047.336,1.481384e-02
2047.337,1.489278e-02
2047.338,1.497051e-02
2047.339,1.504699e-02
2047.340,1.512216e-02
2047.341,1.519596e-02
2047.342,1.526836e-02
2047.343,1.533930e-02
2047.344,1.540872e-02
2047.345,1.547659e-02
2047.346,1.554284e-02
2047.347,1.560744e-02
2047.348,1.567032e-02
2047.349,1.573146e-02
2047.350,1.579079e-02
2047.351,1.584827e-02
2047.352,1.590386e-02
2047.353,1.595751e-02
2047.354,1.600918e-02
2047.355,1.605882e-02
2047.356,1.610641e-02
2047.357,1.615189e-02
2047.358,1.619523e-02
2047.359,1.623639e-02
2047.360,1.627534e-02
2047.361,1.631205e-02
2047.362,1.634648e-02
2047.363,1.637861e-02
2047.364,1.640839e-02
2047.365,1.643582e-02
2047.366,1.646087e-02
2047.367,1.648351e-02
2047.368,1.650372e-02
2047.369,1.652148e-02
2047.370,1.653679e-02
2047.371,1.654962e-02
2047.372,1.655997e-02
2047.373,1.656782e-02
2047.374,1.657317e-02
2047.375,1.657601e-02
2047.376,1.657634e-02
2047.377,1.657416e-02
2047.378,1.656947e-02
2047.379,1.656228e-02
2047.380,1.655259e-02
2047.381,1.654042e-02
2047.382,1.652576e-02
2047.383,1.650864e-02
2047.384,1.648907e-02
2047.385,1.646707e-02
2047.386,1.644266e-02
2047.387,1.641586e-02
2047.388,1.638669e-02
2047.389,1.635518e-02
2047.390,1.632135e-02
2047.391,1.628524e-02
2047.392,1.624688e-02
2047.393,1.620630e-02
2047.394,1.616353e-02
2047.395,1.611861e-02
2047.396,1.607157e-02
2047.397,1.602247e-02
2047.398,1.597133e-02
2047.399,1.591820e-02
2047.400,1.586311e-02
2047.401,1.580613e-02
2047.402,1.574728e-02
2047.403,1.568662e-02
2047.404,1.562419e-02
2047.405,1.556004e-02
2047.406,1.549422e-02
2047.407,1.542677e-02
2047.408,1.535775e-02
2047.409,1.528721e-02
2047.410,1.521520e-02
2047.411,1.514175e-02
2047.412,1.506694e-02
2047.413,1.499081e-02
2047.414,1.491340e-02
2047.415,1.483478e-02
2047.416,1.475498e-02
2047.417,1.467407e-02
2047.418,1.459209e-02
2047.419,1.450909e-02
2047.420,1.442512e-02
2047.421,1.434024e-02
2047.422,1.425449e-02
2047.423,1.416792e-02
2047.424,1.408057e-02
2047.425,1.399250e-02
2047.426,1.390376e-02
2047.427,1.381438e-02
2047.428,1.372442e-02
2047.429,1.363392e-02
2047.430,1.354293e-02
2047.431,1.345148e-02
2047.432,1.335962e-02
2047.433,1.326739e-02
2047.434,1.317484e-02
2047.435,1.308200e-02
2047.436,1.298891e-02
2047.437,1.289561e-02
2047.438,1.280214e-02
2047.439,1.270853e-02
2047.440,1.261482e-02
2047.441,1.252105e-02
2047.442,1.242724e-02
2047.443,1.233343e-02
2047.444,1.223965e-02
2047.445,1.214594e-02
2047.446,1.205231e-02
2047.447,1.195881e-02
2047.448,1.186545e-02
2047.449,1.177226e-02
2047.450,1.167928e-02
2047.451,1.158652e-02
2047.452,1.149401e-02
2047.453,1.140178e-02
2047.454,1.130983e-02
2047.455,1.121821e-02
2047.456,1.112691e-02
2047.457,1.103598e-02
2047.458,1.094542e-02
2047.459,1.085525e-02
2047.460,1.076549e-02
2047.461,1.067616e-02
2047.462,1.058726e-02
2047.463,1.049883e-02
2047.464,1.041086e-02
2047.465,1.032338e-02
2047.466,1.023639e-02
2047.467,1.014991e-02
2047.468,1.006395e-02
2047.469,9.978515e-03
2047.470,9.893623e-03
2047.471,9.809279e-03
2047.472,9.725492e-03
2047.473,9.642270e-03
2047.474,9.559622e-03
2047.475,9.477553e-03
2047.476,9.396071e-03
2047.477,9.315180e-03
2047.478,9.234888e-03
2047.479,9.155197e-03
2047.480,9.076114e-03
2047.481,8.997642e-03
2047.482,8.919784e-03
2047.483,8.842544e-03
2047.484,8.765925e-03
2047.485,8.689928e-03
2047.486,8.614556e-03
2047.487,8.539810e-03
2047.488,8.465692e-03
2047.489,8.392203e-03
2047.490,8.319343e-03
2047.491,8.247112e-03
2047.492,8.175511e-03
2047.493,8.104539e-03
2047.494,8.034196e-03
2047.495,7.964481e-03
2047.496,7.895393e-03
2047.497,7.826931e-03
2047.498,7.759092e-03
2047.499,7.691876e-03
2047.500,7.625281e-03
2047.501,7.559304e-03
2047.502,7.493943e-03
2047.503,7.429195e-03
2047.504,7.365056e-03
2047.505,7.301528e-03
2047.506,7.238606e-03
2047.507,7.176285e-03
2047.508,7.114564e-03
2047.509,7.053438e-03
2047.510,6.992905e-03
2047.511,6.932960e-03
2047.512,6.873601e-03
2047.513,6.814822e-03
2047.514,6.756622e-03
2047.515,6.698994e-03
2047.516,6.641937e-03
2047.517,6.585444e-03
2047.518,6.529514e-03
2047.519,6.474140e-03
2047.520,6.419319e-03
2047.521,6.365046e-03
2047.522,6.311318e-03
2047.523,6.258130e-03
2047.524,6.205477e-03
2047.525,6.153355e-03
2047.526,6.101759e-03
2047.527,6.050685e-03
2047.528,6.000129e-03
2047.529,5.950085e-03
2047.530,5.900549e-03
2047.531,5.851517e-03
2047.532,5.802984e-03
2047.533,5.754945e-03
2047.534,5.707396e-03
2047.535,5.660332e-03
2047.536,5.613749e-03
2047.537,5.567641e-03
2047.538,5.522004e-03
2047.539,5.476835e-03
2047.540,5.432127e-03
2047.541,5.387876e-03
2047.542,5.344079e-03
2047.543,5.300730e-03
2047.544,5.257824e-03
2047.545,5.215358e-03
2047.546,5.173327e-03
2047.547,5.131726e-03
2047.548,5.090551e-03
2047.549,5.049797e-03
2047.550,5.009460e-03
2047.551,4.969535e-03
2047.552,4.930019e-03
2047.553,4.890907e-03
2047.554,4.852194e-03
2047.555,4.813876e-03
2047.556,4.775950e-03
2047.557,4.738410e-03
2047.558,4.701253e-03
2047.559,4.664474e-03
2047.560,0.000000e+00
2047.561,0.000000e+00
2047.562,0.000000e+00
2047.563,0.000000e+00
2047.564,0.000000e+00
2047.565,0.000000e+00
2047.566,0.000000e+00
2047.567,0.000000e+00
2047.568,0.000000e+00
2047.569,0.000000e+00
2047.570,0.000000e+00
2047.571,0.000000e+00
2047.572,0.000000e+00
2047.573,0.000000e+00
2047.574,0.000000e+00
2047.575,0.000000e+00
2047.576,0.000000e+00
2047.577,0.000000e+00
2047.578,0.000000e+00
2047.579,0.000000e+00
2047.580,0.000000e+00
2047.581,0.000000e+00
2047.582,0.000000e+00
2047.583,0.000000e+00
2047.584,0.000000e+00
2047.585,0.000000e+00
2047.586,0.000000e+00
2047.587,0.000000e+00
2047.588,0.000000e+00
2047.589,0.000000e+00
2047.590,0.000000e+00
2047.591,0.000000e+00
2047.592,0.000000e+00
2047.593,0.000000e+00
2047.594,0.000000e+00
2047.595,0.000000e+00
2047.596,0.000000e+00
2047.597,0.000000e+00
2047.598,0.000000e+00
2047.599,0.000000e+00
2047.600,0.000000e+00
2047.601,0.000000e+00
2047.602,0.000000e+00
2047.603,0.000000e+00
2047.604,0.000000e+00
2047.605,0.000000e+00
2047.606,0.000000e+00
2047.607,0.000000e+00
2047.608,0.000000e+00
2047.609,0.000000e+00
2047.610,0.000000e+00
2047.611,0.000000e+00
2047.612,0.000000e+00
2047.613,0.000000e+00
2047.614,0.000000e+00
2047.615,0.000000e+00
2047.616,0.000000e+00
2047.617,0.000000e+00
2047.618,1.831719e-06
2047.619,1.846057e-06
2047.620,1.860541e-06
2047.621,1.875172e-06
2047.622,1.889953e-06
2047.623,1.904884e-06
2047.624,1.919968e-06
2047.625,1.935206e-06
2047.626,1.950600e-06
2047.627,1.966151e-06
2047.628,1.981861e-06
2047.629,1.997732e-06
2047.630,2.013765e-06
2047.631,2.029962e-06
2047.632,2.046325e-06
2047.633,2.062855e-06
2047.634,2.079554e-06
2047.635,2.096424e-06
2047.636,2.113467e-06
2047.637,2.130683e-06
2047.638,2.148076e-06
2047.639,2.165647e-06
2047.640,2.183396e-06
2047.641,2.201327e-06
2047.642,2.219441e-06
2047.643,2.237740e-06
2047.644,2.256225e-06
2047.645,2.274897e-06
2047.646,2.293760e-06
2047.647,2.312814e-06
2047.648,2.332062e-06
2047.649,2.351505e-06
2047.650,2.371144e-06
2047.651,2.390981e-06
2047.652,2.411019e-06
2047.653,2.431259e-06
2047.654,2.451702e-06
2047.655,2.472350e-06
2047.656,2.493205e-06
2047.657,2.514268e-06
2047.658,2.535541e-06
2047.659,2.557026e-06
2047.660,2.578724e-06
2047.661,2.600637e-06
2047.662,2.622767e-06
2047.663,2.645114e-06
2047.664,2.667680e-06
2047.665,2.690467e-06
2047.666,2.713476e-06
2047.667,2.736708e-06
2047.668,2.760166e-06
2047.669,2.783849e-06
2047.670,2.807760e-06
2047.671,2.831899e-06
2047.672,2.856268e-06
2047.673,2.880868e-06
2047.674,2.905699e-06
2047.675,2.930764e-06
2047.676,2.956062e-06
2047.677,2.981595e-06
2047.678,3.007363e-06
2047.679,3.033367e-06
2047.680,3.059608e-06
2047.681,3.086087e-06
2047.682,3.112803e-06
2047.683,3.139758e-06
2047.684,3.166951e-06
2047.685,3.194383e-06
2047.686,3.222054e-06
2047.687,3.249964e-06
2047.688,3.278113e-06
2047.689,3.306500e-06
2047.690,3.335125e-06
2047.691,3.363989e-06
2047.692,3.393089e-06
2047.693,3.422427e-06
2047.694,3.451999e-06
2047.695,3.481807e-06
2047.696,3.511848e-06
2047.697,3.542122e-06
2047.698,3.572626e-06
2047.699,3.603359e-06
2047.700,3.634320e-06
2047.701,3.665507e-06
2047.702,3.696916e-06
2047.703,3.728547e-06
2047.704,3.760396e-06
2047.705,3.792460e-06
2047.706,3.824737e-06
2047.707,3.857224e-06
2047.708,3.889917e-06
2047.709,3.922813e-06
2047.710,3.955907e-06
2047.711,3.989195e-06
2047.712,4.022674e-06
2047.713,4.056339e-06
2047.714,4.090184e-06
2047.715,4.124205e-06
2047.716,4.158396e-06
2047.717,4.192752e-06
2047.718,4.227267e-06
2047.719,4.261933e-06
2047.720,4.296746e-06
2047.721,4.331697e-06
2047.722,4.366780e-06
2047.723,4.401988e-06
2047.724,4.437312e-06
2047.725,4.472744e-06
2047.726,4.508276e-06
2047.727,4.543899e-06
2047.728,4.579605e-06
2047.729,4.615382e-06
2047.730,4.651222e-06
2047.731,4.687115e-06
2047.732,4.723050e-06
2047.733,4.759016e-06
2047.734,4.795001e-06
2047.735,4.830995e-06
2047.736,4.866985e-06
2047.737,4.902960e-06
2047.738,4.938905e-06
2047.739,4.974809e-06
2047.740,5.010658e-06
2047.741,5.046438e-06
2047.742,5.082135e-06
2047.743,5.117735e-06
2047.744,5.153223e-06
2047.745,5.188584e-06
2047.746,5.223803e-06
2047.747,5.258863e-06
2047.748,5.293749e-06
2047.749,5.328445e-06
2047.750,5.362933e-06
2047.751,5.397198e-06
2047.752,5.431221e-06
2047.753,5.464985e-06
2047.754,5.498473e-06
2047.755,5.531667e-06
2047.756,5.564548e-06
2047.757,5.597098e-06
2047.758,5.629300e-06
2047.759,5.661133e-06
2047.760,5.692580e-06
2047.761,5.723621e-06
2047.762,5.754238e-06
2047.763,5.784412e-06
2047.764,5.814123e-06
2047.765,5.843352e-06
2047.766,5.872080e-06
2047.767,5.900288e-06
2047.768,5.927958e-06
2047.769,5.955069e-06
2047.770,5.981603e-06
2047.771,6.007542e-06
2047.772,6.032867e-06
2047.773,6.057560e-06
2047.774,6.081601e-06
2047.775,6.104975e-06
2047.776,6.127662e-06
2047.777,6.149646e-06
2047.778,6.170910e-06
2047.779,6.191437e-06
2047.780,6.211212e-06
2047.781,6.230217e-06
2047.782,6.248439e-06
2047.783,6.265863e-06
2047.784,6.282473e-06
2047.785,6.298258e-06
2047.786,6.313202e-06
2047.787,6.327295e-06
2047.788,6.340524e-06
2047.789,6.352878e-06
2047.790,6.364346e-06
2047.791,6.374919e-06
2047.792,6.384587e-06
2047.793,6.393343e-06
2047.794,6.401178e-06
2047.795,6.408086e-06
2047.796,6.414061e-06
2047.797,6.419097e-06
2047.798,6.423190e-06
2047.799,6.426337e-06
2047.800,6.428534e-06
2047.801,6.429780e-06
2047.802,6.430074e-06
2047.803,6.429414e-06
2047.804,6.427803e-06
2047.805,6.425241e-06
2047.806,6.421731e-06
2047.807,6.417276e-06
2047.808,6.411879e-06
2047.809,6.405545e-06
2047.810,6.398280e-06
2047.811,6.390091e-06
2047.812,6.380984e-06
2047.813,6.370967e-06
2047.814,6.360050e-06
2047.815,6.348240e-06
2047.816,6.335549e-06
2047.817,6.321987e-06
2047.818,6.307566e-06
2047.819,6.292298e-06
2047.820,6.276195e-06
2047.821,6.259271e-06
2047.822,6.241539e-06
2047.823,6.223014e-06
2047.824,6.203712e-06
2047.825,6.183647e-06
2047.826,6.162835e-06
2047.827,6.141293e-06
2047.828,6.119036e-06
2047.829,6.096084e-06
2047.830,6.072452e-06
2047.831,6.048158e-06
2047.832,6.023221e-06
2047.833,5.997658e-06
2047.834,5.971488e-06
2047.835,5.944730e-06
2047.836,5.917403e-06
2047.837,5.889524e-06
2047.838,5.861114e-06
2047.839,5.832191e-06
2047.840,5.802775e-06
2047.841,5.772884e-06
2047.842,5.742538e-06
2047.843,5.711756e-06
2047.844,5.680557e-06
2047.845,5.648959e-06
2047.846,5.616982e-06
2047.847,5.584645e-06
2047.848,5.551965e-06
2047.849,5.518962e-06
2047.850,5.485653e-06
2047.851,5.452057e-06
2047.852,5.418192e-06
2047.853,5.384074e-06
2047.854,5.349722e-06
2047.855,5.315152e-06
2047.856,5.280381e-06
2047.857,5.245426e-06
2047.858,5.210303e-06
2047.859,5.175028e-06
2047.860,5.139616e-06
2047.861,5.104084e-06
2047.862,5.068445e-06
2047.863,5.032714e-06
2047.864,4.996906e-06
2047.865,4.961034e-06
2047.866,4.925113e-06
2047.867,4.889155e-06
2047.868,4.853173e-06
2047.869,4.817180e-06
2047.870,4.781188e-06
2047.871,4.745208e-06
2047.872,4.709253e-06
2047.873,4.673333e-06
2047.874,4.637459e-06
2047.875,4.601642e-06
2047.876,4.565891e-06
2047.877,4.530216e-06
2047.878,4.494627e-06
2047.879,4.459132e-06
2047.880,4.423740e-06
2047.881,4.388460e-06
2047.882,4.353300e-06
2047.883,4.318266e-06
2047.884,4.283367e-06
2047.885,4.248610e-06
2047.886,4.214001e-06
2047.887,4.179547e-06
2047.888,4.145253e-06
2047.889,4.111127e-06
2047.890,4.077173e-06
2047.891,4.043396e-06
2047.892,4.009802e-06
2047.893,3.976396e-06
2047.894,3.943181e-06
2047.895,3.910163e-06
2047.896,3.877345e-06
2047.897,3.844730e-06
2047.898,3.812324e-06
2047.899,3.780128e-06
2047.900,3.748146e-06
2047.901,3.716380e-06
2047.902,3.684834e-06
2047.903,3.653510e-06
2047.904,3.622410e-06
2047.905,3.591536e-06
2047.906,3.560890e-06
2047.907,3.530475e-06
2047.908,3.500290e-06
2047.909,3.470339e-06
2047.910,3.440621e-06
2047.911,3.411138e-06
2047.912,3.381892e-06
2047.913,3.352882e-06
2047.914,3.324110e-06
2047.915,3.295576e-06
2047.916,3.267280e-06
2047.917,3.239223e-06
2047.918,3.211405e-06
2047.919,3.183826e-06
2047.920,3.156486e-06
2047.921,3.129384e-06
2047.922,3.102521e-06
2047.923,3.075896e-06
2047.924,3.049508e-06
2047.925,2.148772e-05
2047.926,2.160717e-05
2047.927,2.172834e-05
2047.928,2.185127e-05
2047.929,2.197596e-05
2047.930,2.210242e-05
2047.931,2.223068e-05
2047.932,2.236075e-05
2047.933,2.249264e-05
2047.934,2.262638e-05
2047.935,2.276197e-05
2047.936,2.289944e-05
2047.937,2.303880e-05
2047.938,2.318007e-05
2047.939,2.332326e-05
2047.940,2.346839e-05
2047.941,2.361548e-05
2047.942,2.376454e-05
2047.943,2.391558e-05
2047.944,2.406864e-05
2047.945,2.422371e-05
2047.946,2.438083e-05
2047.947,2.454000e-05
2047.948,2.470124e-05
2047.949,2.486457e-05
2047.950,2.503001e-05
2047.951,2.519757e-05
2047.952,2.536727e-05
2047.953,2.553913e-05
2047.954,2.571316e-05
2047.955,2.588938e-05
2047.956,2.606780e-05
2047.957,2.624845e-05
2047.958,2.643133e-05
2047.959,2.661647e-05
2047.960,2.680388e-05
2047.961,2.699359e-05
2047.962,2.718559e-05
2047.963,2.737992e-05
2047.964,2.757658e-05
2047.965,2.777559e-05
2047.966,2.797697e-05
2047.967,2.818073e-05
2047.968,2.838689e-05
2047.969,2.859547e-05
2047.970,2.880647e-05
2047.971,2.901991e-05
2047.972,2.923581e-05
2047.973,2.945418e-05
2047.974,2.967503e-05
2047.975,2.989838e-05
2047.976,3.012423e-05
2047.977,3.035261e-05
2047.978,3.058352e-05
2047.979,3.081698e-05
2047.980,3.105299e-05
2047.981,3.129157e-05
2047.982,3.153273e-05
2047.983,3.177646e-05
2047.984,3.202280e-05
2047.985,3.227173e-05
2047.986,3.252328e-05
2047.987,3.096532e-05
2047.988,3.123609e-05
2047.989,3.150936e-05
2047.990,3.178511e-05
2047.991,3.206336e-05
2047.992,3.234411e-05
2047.993,3.262736e-05
2047.994,3.291312e-05
2047.995,3.320138e-05
2047.996,3.349214e-05
2047.997,3.378541e-05
2047.998,3.408118e-05
2047.999,3.437944e-05
2048.000,3.468020e-05
2048.001,3.498343e-05
2048.002,3.528915e-05
2048.003,3.559733e-05
2048.004,3.590796e-05
2048.005,3.622103e-05
2048.006,3.653653e-05
2048.007,3.685443e-05
2048.008,3.717473e-05
2048.009,3.749740e-05
2048.010,3.782242e-05
2048.011,3.814976e-05
2048.012,3.847940e-05
2048.013,3.881131e-05
2048.014,3.914545e-05
2048.015,3.948181e-05
2048.016,3.982033e-05
2048.017,4.016098e-05
2048.018,4.050373e-05
2048.019,4.084853e-05
2048.020,4.119533e-05
2048.021,4.154409e-05
2048.022,4.189475e-05
2048.023,4.224726e-05
2048.024,4.260157e-05
2048.025,4.295761e-05
2048.026,4.331533e-05
2048.027,4.367465e-05
2048.028,4.403550e-05
2048.029,4.439782e-05
2048.030,4.476153e-05
2048.031,4.512655e-05
2048.032,4.549279e-05
2048.033,4.586018e-05
2048.034,4.622862e-05
2048.035,4.659802e-05
2048.036,4.696828e-05
2048.037,4.733930e-05
2048.038,4.771098e-05
2048.039,4.808320e-05
2048.040,4.845587e-05
2048.041,4.882886e-05
2048.042,4.920205e-05
2048.043,4.957533e-05
2048.044,4.994855e-05
2048.045,5.032160e-05
2048.046,5.069434e-05
2048.047,5.106663e-05
2048.048,5.143833e-05
2048.049,5.180929e-05
2048.050,5.217936e-05
2048.051,5.254839e-05
2048.052,5.291623e-05
2048.053,5.328271e-05
2048.054,5.364767e-05
2048.055,5.401093e-05
2048.056,5.437234e-05
2048.057,5.473172e-05
2048.058,5.508889e-05
2048.059,5.544366e-05
2048.060,5.579587e-05
2048.061,5.614532e-05
2048.062,5.649182e-05
2048.063,5.683518e-05
2048.064,5.717522e-05
2048.065,5.751173e-05
2048.066,5.784453e-05
2048.067,5.817340e-05
2048.068,5.849816e-05
2048.069,5.881860e-05
2048.070,5.913453e-05
2048.071,5.944573e-05
2048.072,5.975201e-05
2048.073,6.005316e-05
2048.074,6.034898e-05
2048.075,6.063928e-05
2048.076,6.092383e-05
2048.077,6.120246e-05
2048.078,6.147495e-05
2048.079,6.174112e-05
2048.080,6.200075e-05
2048.081,6.225367e-05
2048.082,6.249968e-05
2048.083,6.273859e-05
2048.084,6.297021e-05
2048.085,6.319438e-05
2048.086,6.341090e-05
2048.087,6.361961e-05
2048.088,6.382033e-05
2048.089,6.401291e-05
2048.090,6.419718e-05
2048.091,6.437299e-05
2048.092,6.454020e-05
2048.093,6.469866e-05
2048.094,6.484824e-05
2048.095,6.498881e-05
2048.096,6.512025e-05
2048.097,6.524244e-05
2048.098,6.535529e-05
2048.099,6.545868e-05
2048.100,6.555253e-05
2048.101,6.563675e-05
2048.102,6.571127e-05
2048.103,6.577603e-05
2048.104,6.583096e-05
2048.105,6.587601e-05
2048.106,6.591115e-05
2048.107,6.593635e-05
2048.108,6.595158e-05
2048.109,6.595682e-05
2048.110,6.595207e-05
2048.111,6.593734e-05
2048.112,6.591264e-05
2048.113,6.587800e-05
2048.114,6.583343e-05
2048.115,6.577899e-05
2048.116,6.571472e-05
2048.117,6.564069e-05
2048.118,6.555694e-05
2048.119,6.546357e-05
2048.120,6.536065e-05
2048.121,6.524828e-05
2048.122,6.512655e-05
2048.123,6.499557e-05
2048.124,6.485545e-05
2048.125,6.470632e-05
2048.126,6.454829e-05
2048.127,6.438152e-05
2048.128,6.420613e-05
2048.129,6.402227e-05
2048.130,6.383010e-05
2048.131,6.362978e-05
2048.132,6.342147e-05
2048.133,6.320533e-05
2048.134,6.298154e-05
2048.135,6.275028e-05
2048.136,6.251173e-05
2048.137,6.226607e-05
2048.138,6.201350e-05
2048.139,6.175419e-05
2048.140,6.148835e-05
2048.141,6.121616e-05
2048.142,6.093784e-05
2048.143,6.065357e-05
2048.144,6.036356e-05
2048.145,6.006801e-05
2048.146,5.976711e-05
2048.147,5.946109e-05
2048.148,5.915012e-05
2048.149,5.883443e-05
2048.150,5.851421e-05
2048.151,5.818966e-05
2048.152,5.786098e-05
2048.153,5.752838e-05
2048.154,5.719205e-05
2048.155,5.685218e-05
2048.156,5.650898e-05
2048.157,5.616263e-05
2048.158,5.581332e-05
2048.159,5.546125e-05
2048.160,5.510660e-05
2048.161,5.474954e-05
2048.162,5.439027e-05
2048.163,5.402896e-05
2048.164,5.366578e-05
2048.165,5.330090e-05
2048.166,5.293450e-05
2048.167,5.256672e-05
2048.168,5.219775e-05
2048.169,5.182772e-05
2048.170,5.145680e-05
2048.171,5.108514e-05
2048.172,5.071288e-05
2048.173,5.034016e-05
2048.174,4.996712e-05
2048.175,4.959390e-05
2048.176,4.922062e-05
2048.177,4.884742e-05
2048.178,4.847442e-05
2048.179,4.810174e-05
2048.180,4.772948e-05
2048.181,4.735777e-05
2048.182,4.698672e-05
2048.183,4.661642e-05
2048.184,4.624698e-05
2048.185,4.587849e-05
2048.186,4.551105e-05
2048.187,4.514474e-05
2048.188,4.477966e-05
2048.189,4.441588e-05
2048.190,4.405349e-05
2048.191,4.369256e-05
2048.192,4.333316e-05
2048.193,4.297537e-05
2048.194,4.261924e-05
2048.195,4.226485e-05
2048.196,4.191225e-05
2048.197,4.156149e-05
2048.198,4.121264e-05
2048.199,4.086574e-05
2048.200,4.052084e-05
2048.201,4.017799e-05
2048.202,3.983723e-05
2048.203,3.949860e-05
2048.204,3.916214e-05
2048.205,3.882788e-05
2048.206,3.849586e-05
2048.207,3.816611e-05
2048.208,3.783865e-05
2048.209,3.751352e-05
2048.210,3.719073e-05
2048.211,3.687031e-05
2048.212,3.655229e-05
2048.213,3.623667e-05
2048.214,3.592348e-05
2048.215,3.561272e-05
2048.216,3.530442e-05
2048.217,3.499859e-05
2048.218,3.469522e-05
2048.219,3.439435e-05
2048.220,7.415234e-05
2048.221,7.415084e-05
2048.222,7.415457e-05
2048.223,7.416353e-05
2048.224,7.417775e-05
2048.225,7.419727e-05
2048.226,7.422210e-05
2048.227,7.425226e-05
2048.228,7.428778e-05
2048.229,7.432868e-05
2048.230,7.437498e-05
2048.231,7.442669e-05
2048.232,7.448383e-05
2048.233,7.454643e-05
2048.234,7.461448e-05
2048.235,7.468802e-05
2048.236,7.476705e-05
2048.237,7.485159e-05
2048.238,7.494165e-05
2048.239,7.503724e-05
2048.240,7.513838e-05
2048.241,7.524506e-05
2048.242,7.535732e-05
2048.243,7.547514e-05
2048.244,7.559855e-05
2048.245,7.572754e-05
2048.246,8.204018e-05
2048.247,8.222482e-05
2048.248,8.241547e-05
2048.249,8.261213e-05
2048.250,8.281481e-05
2048.251,8.302352e-05
2048.252,8.323827e-05
2048.253,8.345905e-05
2048.254,8.368588e-05
2048.255,8.391877e-05
2048.256,8.415770e-05
2048.257,8.440270e-05
2048.258,8.465375e-05
2048.259,8.491087e-05
2048.260,8.517404e-05
2048.261,8.544328e-05
2048.262,8.571858e-05
2048.263,8.599994e-05
2048.264,8.628736e-05
2048.265,8.658084e-05
2048.266,8.688036e-05
2048.267,8.718593e-05
2048.268,8.749753e-05
2048.269,8.781517e-05
2048.270,8.813884e-05
2048.271,8.846851e-05
2048.272,8.880419e-05
2048.273,8.914587e-05
2048.274,8.949352e-05
2048.275,8.984714e-05
2048.276,9.020671e-05
2048.277,9.057221e-05
2048.278,9.094363e-05
2048.279,9.132095e-05
2048.280,9.170414e-05
2048.281,9.209318e-05
2048.282,9.248806e-05
2048.283,9.288873e-05
2048.284,9.329518e-05
2048.285,9.370738e-05
2048.286,9.412529e-05
2048.287,9.454888e-05
2048.288,9.497812e-05
2048.289,9.541296e-05
2048.290,9.585338e-05
2048.291,9.629932e-05
2048.292,9.675075e-05
2048.293,9.720761e-05
2048.294,7.934226e-05
2048.295,7.995234e-05
2048.296,8.056626e-05
2048.297,8.118398e-05
2048.298,8.180545e-05
2048.299,8.243063e-05
2048.300,8.305946e-05
2048.301,8.369190e-05
2048.302,8.432790e-05
2048.303,8.496738e-05
2048.304,8.561030e-05
2048.305,8.625658e-05
2048.306,8.690615e-05
2048.307,8.755895e-05
2048.308,8.821489e-05
2048.309,8.887390e-05
2048.310,8.953590e-05
2048.311,9.020079e-05
2048.312,9.086848e-05
2048.313,9.153888e-05
2048.314,9.221189e-05
2048.315,9.288741e-05
2048.316,9.356532e-05
2048.317,9.424552e-05
2048.318,9.492788e-05
2048.319,9.561229e-05
2048.320,9.629862e-05
2048.321,9.698674e-05
2048.322,9.767651e-05
2048.323,9.836780e-05
2048.324,9.906045e-05
2048.325,9.975433e-05
2048.326,1.004493e-04
2048.327,1.011451e-04
2048.328,1.018417e-04
2048.329,1.025389e-04
2048.330,1.032365e-04
2048.331,1.039343e-04
2048.332,1.046321e-04
2048.333,1.053298e-04
2048.334,1.060271e-04
2048.335,1.067239e-04
2048.336,1.074200e-04
2048.337,1.081151e-04
2048.338,1.088090e-04
2048.339,1.095016e-04
2048.340,1.101925e-04
2048.341,1.108816e-04
2048.342,1.115687e-04
2048.343,1.122535e-04
2048.344,1.129357e-04
2048.345,1.136151e-04
2048.346,1.142915e-04
2048.347,1.149646e-04
2048.348,1.156342e-04
2048.349,1.163000e-04
2048.350,1.169617e-04
2048.351,1.176190e-04
2048.352,1.182718e-04
2048.353,1.189196e-04
2048.354,1.195623e-04
2048.355,1.201996e-04
2048.356,1.208312e-04
2048.357,1.214567e-04
2048.358,1.220760e-04
2048.359,1.226886e-04
2048.360,1.232944e-04
2048.361,1.238930e-04
2048.362,1.244842e-04
2048.363,1.250676e-04
2048.364,1.256430e-04
2048.365,1.262100e-04
2048.366,1.267685e-04
2048.367,1.273179e-04
2048.368,1.278582e-04
2048.369,1.283890e-04
2048.370,1.289099e-04
2048.371,1.294208e-04
2048.372,1.299213e-04
2048.373,1.304112e-04
2048.374,1.308901e-04
2048.375,1.313578e-04
2048.376,1.318140e-04
2048.377,1.322585e-04
2048.378,1.326910e-04
2048.379,1.331111e-04
2048.380,1.335188e-04
2048.381,1.339137e-04
2048.382,1.342955e-04
2048.383,1.346641e-04
2048.384,1.350192e-04
2048.385,1.353606e-04
2048.386,1.356881e-04
2048.387,1.360014e-04
2048.388,1.363004e-04
2048.389,1.365849e-04
2048.390,1.368546e-04
2048.391,1.371095e-04
2048.392,1.373493e-04
2048.393,1.375739e-04
2048.394,1.377831e-04
2048.395,1.379768e-04
2048.396,1.381549e-04
2048.397,1.383173e-04
2048.398,1.384638e-04
2048.399,1.385943e-04
2048.400,1.387089e-04
2048.401,1.388073e-04
2048.402,1.388896e-04
2048.403,1.389556e-04
2048.404,1.390054e-04
2048.405,1.390388e-04
2048.406,1.390560e-04
2048.407,1.390568e-04
2048.408,1.390414e-04
2048.409,1.390096e-04
2048.410,1.389616e-04
2048.411,1.388973e-04
2048.412,1.388168e-04
2048.413,1.387202e-04
2048.414,1.386076e-04
2048.415,1.384790e-04
2048.416,1.383345e-04
2048.417,1.381742e-04
2048.418,1.379983e-04
2048.419,1.378068e-04
2048.420,1.375999e-04
2048.421,1.373777e-04
2048.422,1.371405e-04
2048.423,1.368883e-04
2048.424,1.366213e-04
2048.425,1.363397e-04
2048.426,1.360437e-04
2048.427,1.357334e-04
2048.428,1.354092e-04
2048.429,1.350711e-04
2048.430,1.347195e-04
2048.431,1.343545e-04
2048.432,1.339764e-04
2048.433,1.335854e-04
2048.434,1.331817e-04
2048.435,1.327656e-04
2048.436,1.323374e-04
2048.437,1.318973e-04
2048.438,1.314456e-04
2048.439,1.309825e-04
2048.440,1.305083e-04
2048.441,1.300233e-04
2048.442,1.295278e-04
2048.443,1.290219e-04
2048.444,1.285062e-04
2048.445,1.279807e-04
2048.446,1.274458e-04
2048.447,1.269018e-04
2048.448,1.263489e-04
2048.449,1.257875e-04
2048.450,1.252178e-04
2048.451,1.246402e-04
2048.452,1.240548e-04
2048.453,1.234621e-04
2048.454,1.228622e-04
2048.455,1.222555e-04
2048.456,1.216423e-04
2048.457,1.210228e-04
2048.458,1.203973e-04
2048.459,1.197661e-04
2048.460,1.191295e-04
2048.461,1.184877e-04
2048.462,1.178410e-04
2048.463,1.171898e-04
2048.464,1.165341e-04
2048.465,1.158744e-04
2048.466,1.152108e-04
2048.467,1.145437e-04
2048.468,1.138732e-04
2048.469,1.131997e-04
2048.470,1.125233e-04
2048.471,1.118444e-04
2048.472,1.111630e-04
2048.473,1.104796e-04
2048.474,1.097942e-04
2048.475,1.091072e-04
2048.476,1.084187e-04
2048.477,1.077289e-04
2048.478,1.070381e-04
2048.479,1.063465e-04
2048.480,1.056542e-04
2048.481,1.049615e-04
2048.482,1.042685e-04
2048.483,1.035755e-04
2048.484,1.028825e-04
2048.485,1.021899e-04
2048.486,1.014977e-04
2048.487,1.008062e-04
2048.488,1.001154e-04
2048.489,9.942561e-05
2048.490,9.873690e-05
2048.491,9.804944e-05
2048.492,9.736336e-05
2048.493,9.667882e-05
2048.494,9.599594e-05
2048.495,9.531485e-05
2048.496,9.463569e-05
2048.497,9.395856e-05
2048.498,9.328359e-05
2048.499,9.261089e-05
2048.500,9.194057e-05
2048.501,9.127273e-05
2048.502,9.060748e-05
2048.503,8.994490e-05
2048.504,8.928510e-05
2048.505,8.862815e-05
2048.506,8.797415e-05
2048.507,8.732318e-05
2048.508,8.667531e-05
2048.509,8.603062e-05
2048.510,8.538917e-05
2048.511,8.475104e-05
2048.512,8.411628e-05
2048.513,8.348497e-05
2048.514,8.285715e-05
2048.515,8.223287e-05
2048.516,8.161220e-05
2048.517,8.099518e-05
2048.518,8.038185e-05
2048.519,7.977225e-05
2048.520,7.916643e-05
2048.521,7.856442e-05
2048.522,7.796626e-05
2048.523,7.737198e-05
2048.524,7.678160e-05
2048.525,7.619516e-05
2048.526,7.561268e-05
2048.527,7.503417e-05
2048.528,7.445967e-05
2048.529,7.388919e-05
2048.530,7.332275e-05
2048.531,7.276035e-05
2048.532,7.220202e-05
2048.533,7.164776e-05
2048.534,7.109758e-05
2048.535,7.055148e-05
2048.536,7.000948e-05
2048.537,6.947158e-05
2048.538,6.893778e-05
2048.539,6.840807e-05
2048.540,6.788246e-05
2048.541,6.736095e-05
2048.542,6.684354e-05
2048.543,6.633021e-05
2048.544,6.582096e-05
2048.545,6.531578e-05
2048.546,6.481467e-05
2048.547,6.431762e-05
2048.548,6.382461e-05
2048.549,6.333564e-05
2048.550,6.285069e-05
2048.551,6.236975e-05
2048.552,6.189280e-05
2048.553,6.141983e-05
2048.554,6.095082e-05
2048.555,6.048576e-05
2048.556,6.002463e-05
2048.557,5.956742e-05
2048.558,5.911409e-05
2048.559,5.866464e-05
2048.560,5.821904e-05
2048.561,5.777727e-05
2048.562,5.733932e-05
2048.563,5.690515e-05
2048.564,5.647476e-05
2048.565,5.604811e-05
2048.566,5.562518e-05
2048.567,5.520596e-05
2048.568,5.479041e-05
2048.569,5.437852e-05
2048.570,5.397025e-05
2048.571,5.356559e-05
2048.572,5.316451e-05
2048.573,5.276699e-05
2048.574,5.237299e-05
2048.575,5.198250e-05
2048.576,5.159549e-05
2048.577,5.121193e-05
2048.578,5.083180e-05
2048.579,5.045507e-05
2048.580,5.008172e-05
2048.581,4.971172e-05
2048.582,4.934503e-05
2048.583,4.898165e-05
2048.584,4.862153e-05
2048.585,4.826466e-05
2048.586,4.791101e-05
2048.587,4.756054e-05
2048.588,7.488653e-06
2048.589,7.433172e-06
2048.590,7.378164e-06
2048.591,7.323625e-06
2048.592,7.269554e-06
2048.593,7.215948e-06
2048.594,7.162803e-06
2048.595,7.110116e-06
2048.596,7.057885e-06
2048.597,7.006106e-06
2048.598,6.954777e-06
2048.599,6.903894e-06
2048.600,6.853454e-06
2048.601,6.803454e-06
2048.602,6.753890e-06
2048.603,6.704761e-06
2048.604,6.656061e-06
2048.605,6.607789e-06
2048.606,6.559941e-06
2048.607,6.512513e-06
2048.608,6.465503e-06
2048.609,6.418907e-06
2048.610,6.372722e-06
2048.611,6.326945e-06
2048.612,6.281571e-06
2048.613,6.236599e-06
2048.614,6.192025e-06
2048.615,0.000000e+00
2048.616,0.000000e+00
2048.617,0.000000e+00
2048.618,0.000000e+00
2048.619,0.000000e+00
2048.620,0.000000e+00
2048.621,0.000000e+00
2048.622,0.000000e+00
2048.623,0.000000e+00
2048.624,0.000000e+00
2048.625,0.000000e+00
2048.626,0.000000e+00
2048.627,0.000000e+00
2048.628,0.000000e+00
2048.629,0.000000e+00
2048.630,0.000000e+00
2048.631,0.000000e+00
2048.632,0.000000e+00
2048.633,0.000000e+00
2048.634,0.000000e+00
2048.635,0.000000e+00
2048.636,0.000000e+00
2048.637,0.000000e+00
2048.638,0.000000e+00
2048.639,0.000000e+00
2048.640,0.000000e+00
2048.641,0.000000e+00
2048.642,0.000000e+00
2048.643,0.000000e+00
2048.644,0.000000e+00
2048.645,0.000000e+00
2048.646,0.000000e+00
2048.647,0.000000e+00
2048.648,0.000000e+00
2048.649,0.000000e+00
2048.650,0.000000e+00
2048.651,0.000000e+00
2048.652,0.000000e+00
2048.653,0.000000e+00
2048.654,0.000000e+00
2048.655,2.112286e-07
2048.656,2.125985e-07
2048.657,2.139786e-07
2048.658,2.153691e-07
2048.659,2.167699e-07
2048.660,2.181812e-07
2048.661,2.196029e-07
2048.662,2.210351e-07
2048.663,2.224779e-07
2048.664,2.239313e-07
2048.665,2.253953e-07
2048.666,2.268701e-07
2048.667,2.283556e-07
2048.668,2.298519e-07
2048.669,2.313590e-07
2048.670,2.328769e-07
2048.671,2.344058e-07
2048.672,2.359456e-07
2048.673,2.374964e-07
2048.674,2.390581e-07
2048.675,2.406310e-07
2048.676,2.422148e-07
2048.677,2.438098e-07
2048.678,2.454159e-07
2048.679,2.470331e-07
2048.680,2.486615e-07
2048.681,2.503010e-07
2048.682,2.519518e-07
2048.683,2.536137e-07
2048.684,2.552869e-07
2048.685,2.569713e-07
2048.686,2.586669e-07
2048.687,2.603738e-07
2048.688,2.620919e-07
2048.689,2.638212e-07
2048.690,2.655618e-07
2048.691,2.673136e-07
2048.692,2.690766e-07
2048.693,2.708508e-07
2048.694,2.726362e-07
2048.695,2.744327e-07
2048.696,2.762403e-07
2048.697,2.780591e-07
2048.698,2.798889e-07
2048.699,2.817297e-07
2048.700,2.835815e-07
2048.701,2.854442e-07
2048.702,2.873179e-07
2048.703,2.892023e-07
2048.704,2.910976e-07
2048.705,2.930035e-07
2048.706,2.949201e-07
2048.707,2.968472e-07
2048.708,2.987849e-07
2048.709,3.007329e-07
2048.710,3.026913e-07
2048.711,3.046598e-07
2048.712,3.066385e-07
2048.713,3.086272e-07
2048.714,3.106258e-07
2048.715,3.126341e-07
2048.716,3.146521e-07
2048.717,3.166797e-07
2048.718,3.187166e-07
2048.719,3.207628e-07
2048.720,3.228180e-07
2048.721,3.248822e-07
2048.722,3.269552e-07
2048.723,3.290367e-07
2048.724,3.311267e-07
2048.725,3.332249e-07
2048.726,3.353312e-07
2048.727,3.374452e-07
2048.728,3.395669e-07
2048.729,3.416961e-07
2048.730,3.438324e-07
2048.731,3.459756e-07
2048.732,3.481256e-07
2048.733,3.502820e-07
2048.734,3.524446e-07
2048.735,3.546132e-07
2048.736,3.567874e-07
2048.737,3.589670e-07
2048.738,3.611517e-07
2048.739,3.633411e-07
2048.740,3.655350e-07
2048.741,3.677331e-07
2048.742,3.699350e-07
2048.743,3.721403e-07
2048.744,3.743488e-07
2048.745,3.765600e-07
2048.746,3.787737e-07
2048.747,3.809893e-07
2048.748,3.832066e-07
2048.749,3.854252e-07
2048.750,3.876445e-07
2048.751,3.898643e-07
2048.752,3.920840e-07
2048.753,3.943033e-07
2048.754,3.965217e-07
2048.755,3.987388e-07
2048.756,4.009540e-07
2048.757,4.031669e-07
2048.758,4.053770e-07
2048.759,4.075839e-07
2048.760,4.097870e-07
2048.761,4.119857e-07
2048.762,4.141797e-07
2048.763,4.163683e-07
2048.764,4.185510e-07
2048.765,4.207273e-07
2048.766,4.228965e-07
2048.767,4.250582e-07
2048.768,4.272118e-07
2048.769,4.293566e-07
2048.770,4.314920e-07
2048.771,4.336176e-07
2048.772,4.357326e-07
2048.773,4.378365e-07
2048.774,4.399286e-07
2048.775,4.420082e-07
2048.776,4.440749e-07
2048.777,4.461278e-07
2048.778,4.481665e-07
2048.779,4.501901e-07
2048.780,4.521981e-07
2048.781,4.541898e-07
2048.782,4.561645e-07
2048.783,4.581215e-07
2048.784,4.600602e-07
2048.785,4.619800e-07
2048.786,4.638800e-07
2048.787,4.657597e-07
2048.788,4.676183e-07
2048.789,4.694551e-07
2048.790,4.712695e-07
2048.791,4.730608e-07
2048.792,4.748283e-07
2048.793,4.765713e-07
2048.794,4.782892e-07
2048.795,4.799811e-07
2048.796,4.816466e-07
2048.797,4.832848e-07
2048.798,4.848951e-07
2048.799,4.864768e-07
2048.800,4.880294e-07
2048.801,4.895520e-07
2048.802,4.910441e-07
2048.803,4.925051e-07
2048.804,4.939342e-07
2048.805,4.953308e-07
2048.806,4.966945e-07
2048.807,4.980244e-07
2048.808,4.993200e-07
2048.809,5.005808e-07
2048.810,5.018061e-07
2048.811,5.029955e-07
2048.812,5.041482e-07
2048.813,5.052639e-07
2048.814,5.063419e-07
2048.815,5.073817e-07
2048.816,5.083829e-07
2048.817,5.093450e-07
2048.818,5.102675e-07
2048.819,5.111500e-07
2048.820,5.119919e-07
2048.821,5.127930e-07
2048.822,5.135528e-07
2048.823,5.142709e-07
2048.824,5.149471e-07
2048.825,5.155808e-07
2048.826,5.161719e-07
2048.827,5.167200e-07
2048.828,5.172248e-07
2048.829,5.176861e-07
2048.830,5.181037e-07
2048.831,5.184773e-07
2048.832,5.188067e-07
2048.833,5.190919e-07
2048.834,5.193325e-07
2048.835,5.195286e-07
2048.836,5.196800e-07
2048.837,5.197866e-07
2048.838,5.198484e-07
2048.839,5.198653e-07
2048.840,5.198374e-07
2048.841,5.197646e-07
2048.842,5.196470e-07
2048.843,5.194847e-07
2048.844,5.192776e-07
2048.845,5.190260e-07
2048.846,5.187300e-07
2048.847,5.183897e-07
2048.848,5.180053e-07
2048.849,5.175770e-07
2048.850,5.171050e-07
2048.851,5.165895e-07
2048.852,5.160309e-07
2048.853,5.154293e-07
2048.854,5.147851e-07
2048.855,5.140987e-07
2048.856,5.133703e-07
2048.857,5.126003e-07
2048.858,5.117892e-07
2048.859,5.109373e-07
2048.860,5.100449e-07
2048.861,5.091127e-07
2048.862,5.081410e-07
2048.863,5.071302e-07
2048.864,5.060810e-07
2048.865,5.049937e-07
2048.866,5.038689e-07
2048.867,5.027071e-07
2048.868,5.015089e-07
2048.869,5.002748e-07
2048.870,4.990054e-07
2048.871,4.977013e-07
2048.872,4.963631e-07
2048.873,4.949913e-07
2048.874,4.935866e-07
2048.875,4.921496e-07
2048.876,4.906810e-07
2048.877,4.891813e-07
2048.878,4.876513e-07
2048.879,4.860915e-07
2048.880,4.845027e-07
2048.881,4.828855e-07
2048.882,4.812406e-07
2048.883,4.795686e-07
2048.884,4.778702e-07
2048.885,4.761461e-07
2048.886,4.743970e-07
2048.887,4.726236e-07
2048.888,4.708266e-07
2048.889,4.690066e-07
2048.890,1.064083e-06
2048.891,1.065941e-06
2048.892,1.067803e-06
2048.893,1.069672e-06
2048.894,1.071547e-06
2048.895,1.073430e-06
2048.896,1.075321e-06
2048.897,1.077221e-06
2048.898,1.079130e-06
2048.899,1.081050e-06
2048.900,1.082982e-06
2048.901,1.084925e-06
2048.902,1.086881e-06
2048.903,1.088850e-06
2048.904,1.090834e-06
2048.905,1.092832e-06
2048.906,1.094845e-06
2048.907,1.096875e-06
2048.908,1.098922e-06
2048.909,1.100986e-06
2048.910,1.103068e-06
2048.911,1.105169e-06
2048.912,1.107289e-06
2048.913,1.109429e-06
2048.914,1.111589e-06
2048.915,1.113770e-06
2048.916,1.115973e-06
2048.917,1.118199e-06
2048.918,1.120446e-06
2048.919,1.122717e-06
2048.920,1.125012e-06
2048.921,1.127330e-06
2048.922,1.129673e-06
2048.923,1.132041e-06
2048.924,1.134434e-06
2048.925,1.136853e-06
2048.926,1.139298e-06
2048.927,1.141770e-06
2048.928,1.144268e-06
2048.929,1.146794e-06
2048.930,1.149347e-06
2048.931,1.151928e-06
2048.932,1.154536e-06
2048.933,1.157173e-06
2048.934,1.159839e-06
2048.935,1.162533e-06
2048.936,1.165255e-06
2048.937,1.168007e-06
2048.938,1.170788e-06
2048.939,1.173598e-06
2048.940,1.176437e-06
2048.941,1.179306e-06
2048.942,1.182204e-06
2048.943,1.185132e-06
2048.944,1.188089e-06
2048.945,1.191075e-06
2048.946,1.194091e-06
2048.947,1.197136e-06
2048.948,1.200211e-06
2048.949,1.203314e-06
2048.950,1.206447e-06
2048.951,1.209609e-06
2048.952,1.212799e-06
2048.953,1.216017e-06
2048.954,1.219264e-06
2048.955,1.222539e-06
2048.956,1.225842e-06
2048.957,1.229172e-06
2048.958,1.232529e-06
2048.959,1.235913e-06
2048.960,1.239323e-06
2048.961,1.242759e-06
2048.962,1.246220e-06
2048.963,1.249707e-06
2048.964,1.253218e-06
2048.965,1.256754e-06
2048.966,1.260313e-06
2048.967,1.263895e-06
2048.968,1.267499e-06
2048.969,1.271126e-06
2048.970,1.274773e-06
2048.971,1.278441e-06
2048.972,1.282129e-06
2048.973,1.285836e-06
2048.974,1.289562e-06
2048.975,1.293305e-06
2048.976,1.297065e-06
2048.977,1.300841e-06
2048.978,1.304633e-06
2048.979,1.308439e-06
2048.980,1.312258e-06
2048.981,1.316090e-06
2048.982,1.319933e-06
2048.983,1.323787e-06
2048.984,1.327651e-06
2048.985,1.331524e-06
2048.986,1.335404e-06
2048.987,1.339290e-06
2048.988,1.343182e-06
2048.989,1.347078e-06
2048.990,1.350978e-06
2048.991,1.354879e-06
2048.992,1.358782e-06
2048.993,1.362684e-06
2048.994,1.366584e-06
2048.995,1.370481e-06
2048.996,1.374375e-06
2048.997,1.378262e-06
2048.998,1.382143e-06
2048.999,1.386016e-06
2049.000,1.389879e-06
2049.001,1.393732e-06
2049.002,1.397572e-06
2049.003,1.401398e-06
2049.004,1.405209e-06
2049.005,1.409003e-06
2049.006,1.412779e-06
2049.007,1.416536e-06
2049.008,1.420271e-06
2049.009,1.423984e-06
2049.010,1.427672e-06
2049.011,1.431335e-06
2049.012,1.434970e-06
2049.013,1.438577e-06
2049.014,1.442152e-06
2049.015,1.445696e-06
2049.016,1.449206e-06
2049.017,1.452680e-06
2049.018,1.456118e-06
2049.019,1.459516e-06
2049.020,1.462875e-06
2049.021,1.466191e-06
2049.022,1.469464e-06
2049.023,1.472692e-06
2049.024,1.266336e-06
2049.025,1.270815e-06
2049.026,1.275234e-06
2049.027,1.279591e-06
2049.028,1.283885e-06
2049.029,1.288113e-06
2049.030,1.292275e-06
2049.031,1.296369e-06
2049.032,1.300393e-06
2049.033,1.304346e-06
2049.034,1.308227e-06
2049.035,1.312033e-06
2049.036,1.315763e-06
2049.037,1.319416e-06
2049.038,1.322990e-06
2049.039,1.326484e-06
2049.040,1.329896e-06
2049.041,1.333225e-06
2049.042,1.336470e-06
2049.043,1.339630e-06
2049.044,1.342702e-06
2049.045,1.345686e-06
2049.046,1.348580e-06
2049.047,1.351384e-06
2049.048,1.354095e-06
2049.049,1.356713e-06
2049.050,1.359237e-06
2049.051,1.361665e-06
2049.052,1.363997e-06
2049.053,1.366231e-06
2049.054,1.368366e-06
2049.055,1.370402e-06
2049.056,1.372338e-06
2049.057,1.374172e-06
2049.058,1.375904e-06
2049.059,1.377533e-06
2049.060,1.379058e-06
2049.061,1.380479e-06
2049.062,1.381794e-06
2049.063,1.383004e-06
2049.064,1.384108e-06
2049.065,1.385105e-06
2049.066,1.385995e-06
2049.067,1.386777e-06
2049.068,1.387451e-06
2049.069,1.388017e-06
2049.070,1.388474e-06
2049.071,1.388822e-06
2049.072,1.389062e-06
2049.073,1.389192e-06
2049.074,1.389214e-06
2049.075,1.389126e-06
2049.076,1.388929e-06
2049.077,1.388623e-06
2049.078,1.388208e-06
2049.079,1.387684e-06
2049.080,1.387052e-06
2049.081,1.386312e-06
2049.082,1.385464e-06
2049.083,1.384509e-06
2049.084,1.383447e-06
2049.085,1.382278e-06
2049.086,1.381003e-06
2049.087,1.379623e-06
2049.088,1.378139e-06
2049.089,1.376550e-06
2049.090,1.374858e-06
2049.091,1.373064e-06
2049.092,1.371168e-06
2049.093,1.369171e-06
2049.094,1.367074e-06
2049.095,1.364878e-06
2049.096,1.362585e-06
2049.097,1.360194e-06
2049.098,1.357707e-06
2049.099,1.355126e-06
2049.100,1.352450e-06
2049.101,1.349683e-06
2049.102,1.346824e-06
2049.103,1.343874e-06
2049.104,1.340836e-06
2049.105,1.337711e-06
2049.106,1.334499e-06
2049.107,1.331202e-06
2049.108,1.327822e-06
2049.109,1.324360e-06
2049.110,1.320817e-06
2049.111,1.317194e-06
2049.112,1.313494e-06
2049.113,1.309717e-06
2049.114,1.305866e-06
2049.115,1.301941e-06
2049.116,1.297944e-06
2049.117,1.293878e-06
2049.118,1.289742e-06
2049.119,1.285539e-06
2049.120,1.281270e-06
2049.121,1.276938e-06
2049.122,1.272543e-06
2049.123,1.268087e-06
2049.124,1.263571e-06
2049.125,1.258998e-06
2049.126,1.254369e-06
2049.127,1.249686e-06
2049.128,1.244949e-06
2049.129,1.240161e-06
2049.130,1.235324e-06
2049.131,1.230438e-06
2049.132,1.225506e-06
2049.133,1.220528e-06
2049.134,1.215508e-06
2049.135,1.210445e-06
2049.136,1.205342e-06
2049.137,1.200201e-06
2049.138,1.195022e-06
2049.139,1.189807e-06
2049.140,1.184559e-06
2049.141,1.179277e-06
2049.142,1.173965e-06
2049.143,1.168623e-06
2049.144,1.163252e-06
2049.145,1.157855e-06
2049.146,1.152432e-06
2049.147,1.146985e-06
2049.148,1.141516e-06
2049.149,1.136025e-06
2049.150,1.130515e-06
2049.151,1.124986e-06
2049.152,1.119440e-06
2049.153,1.113878e-06
2049.154,1.108302e-06
2049.155,1.102712e-06
2049.156,1.097110e-06
2049.157,1.091497e-06
2049.158,1.085874e-06
2049.159,1.080243e-06
2049.160,1.074604e-06
2049.161,1.068960e-06
2049.162,1.063310e-06
2049.163,1.057656e-06
2049.164,1.051999e-06
2049.165,1.046341e-06
2049.166,1.040681e-06
2049.167,1.035022e-06
2049.168,1.029364e-06
2049.169,1.023708e-06
2049.170,1.018055e-06
2049.171,1.012406e-06
2049.172,1.006762e-06
2049.173,1.001124e-06
2049.174,9.954922e-07
2049.175,9.898680e-07
2049.176,9.842520e-07
2049.177,9.786451e-07
2049.178,9.730481e-07
2049.179,9.674616e-07
2049.180,9.618865e-07
2049.181,9.563233e-07
2049.182,9.507730e-07
2049.183,9.452360e-07
2049.184,9.397130e-07
2049.185,9.342048e-07
2049.186,9.287118e-07
2049.187,9.232347e-07
2049.188,9.177741e-07
2049.189,9.123305e-07
2049.190,9.069044e-07
2049.191,9.014964e-07
2049.192,8.961070e-07
2049.193,8.907367e-07
2049.194,8.853859e-07
2049.195,8.800551e-07
2049.196,8.747447e-07
2049.197,8.694551e-07
2049.198,8.641868e-07
2049.199,8.589401e-07
2049.200,8.537154e-07
2049.201,8.485130e-07
2049.202,8.433333e-07
2049.203,8.381766e-07
2049.204,8.330433e-07
2049.205,8.279336e-07
2049.206,8.228477e-07
2049.207,8.177861e-07
2049.208,8.127489e-07
2049.209,8.077363e-07
2049.210,8.027487e-07
2049.211,7.977861e-07
2049.212,7.928489e-07
2049.213,7.879373e-07
2049.214,7.830513e-07
2049.215,7.781912e-07
2049.216,7.733571e-07
2049.217,7.685493e-07
2049.218,7.637677e-07
2049.219,7.590127e-07
2049.220,7.542841e-07
2049.221,7.495823e-07
2049.222,7.449073e-07
2049.223,7.402591e-07
2049.224,7.356379e-07
2049.225,7.310437e-07
2049.226,7.264766e-07
2049.227,7.219367e-07
2049.228,7.174240e-07
2049.229,7.129385e-07
2049.230,7.084802e-07
2049.231,7.040493e-07
2049.232,6.996457e-07
2049.233,6.952694e-07
2049.234,6.909204e-07
2049.235,6.865988e-07
2049.236,6.823045e-07
2049.237,7.873004e-07
2049.238,7.839005e-07
2049.239,7.805363e-07
2049.240,7.772076e-07
2049.241,7.739147e-07
2049.242,7.706574e-07
2049.243,7.674360e-07
2049.244,7.642503e-07
2049.245,7.611005e-07
2049.246,7.579866e-07
2049.247,7.549085e-07
2049.248,7.518663e-07
2049.249,7.488601e-07
2049.250,7.458898e-07
2049.251,7.429555e-07
2049.252,7.400571e-07
2049.253,7.371946e-07
2049.254,7.343681e-07
2049.255,7.315776e-07
2049.256,7.288229e-07
2049.257,7.261043e-07
2049.258,7.234215e-07
2049.259,1.297955e-07
2049.260,1.308386e-07
2049.261,1.318921e-07
2049.262,1.329559e-07
2049.263,1.340301e-07
2049.264,1.351149e-07
2049.265,1.362104e-07
2049.266,1.373165e-07
2049.267,1.384335e-07
2049.268,1.395613e-07
2049.269,1.407002e-07
2049.270,1.418501e-07
2049.271,1.430111e-07
2049.272,1.441834e-07
2049.273,1.453671e-07
2049.274,1.465621e-07
2049.275,1.477686e-07
2049.276,1.489867e-07
2049.277,1.502164e-07
2049.278,1.514579e-07
2049.279,1.527112e-07
2049.280,1.539763e-07
2049.281,1.552534e-07
2049.282,1.565425e-07
2049.283,1.578437e-07
2049.284,1.591570e-07
2049.285,1.604826e-07
2049.286,1.618205e-07
2049.287,1.631707e-07
2049.288,1.645333e-07
2049.289,1.659083e-07
2049.290,1.672959e-07
2049.291,1.686960e-07
2049.292,1.701087e-07
2049.293,1.715341e-07
2049.294,1.729722e-07
2049.295,1.744229e-07
2049.296,1.758864e-07
2049.297,1.773627e-07
2049.298,1.788518e-07
2049.299,1.803537e-07
2049.300,1.818685e-07
2049.301,1.833960e-07
2049.302,1.849365e-07
2049.303,1.864897e-07
2049.304,1.880558e-07
2049.305,1.896347e-07
2049.306,1.912264e-07
2049.307,1.928308e-07
2049.308,1.944480e-07
2049.309,1.960779e-07
2049.310,1.977205e-07
2049.311,1.993756e-07
2049.312,2.010433e-07
2049.313,2.027234e-07
2049.314,2.044160e-07
2049.315,2.061208e-07
2049.316,2.078379e-07
2049.317,2.095670e-07
2049.318,2.113082e-07
2049.319,2.130612e-07
2049.320,2.148260e-07
2049.321,2.166023e-07
2049.322,2.183901e-07
2049.323,2.201892e-07
2049.324,2.219994e-07
2049.325,2.238204e-07
2049.326,2.256522e-07
2049.327,2.274945e-07
2049.328,2.293471e-07
2049.329,2.312097e-07
2049.330,2.330822e-07
2049.331,2.349641e-07
2049.332,2.368553e-07
2049.333,2.387555e-07
2049.334,2.406644e-07
2049.335,2.425815e-07
2049.336,2.445067e-07
2049.337,2.464396e-07
2049.338,2.483797e-07
2049.339,2.503268e-07
2049.340,2.522803e-07
2049.341,2.542400e-07
2049.342,2.562053e-07
2049.343,2.581759e-07
2049.344,2.601512e-07
2049.345,2.621308e-07
2049.346,2.641142e-07
2049.347,2.661008e-07
2049.348,2.680902e-07
2049.349,2.700818e-07
2049.350,2.720750e-07
2049.351,2.740692e-07
2049.352,2.760638e-07
2049.353,2.780582e-07
2049.354,2.800518e-07
2049.355,2.820439e-07
2049.356,2.840338e-07
2049.357,2.860208e-07
2049.358,2.880043e-07
2049.359,2.899834e-07
2049.360,2.919575e-07
2049.361,2.939257e-07
2049.362,2.958873e-07
2049.363,2.978415e-07
2049.364,2.997875e-07
2049.365,3.017245e-07
2049.366,3.036515e-07
2049.367,3.055678e-07
2049.368,3.074724e-07
2049.369,3.093645e-07
2049.370,3.112432e-07
2049.371,3.131075e-07
2049.372,3.149566e-07
2049.373,3.167895e-07
2049.374,3.186052e-07
2049.375,3.204028e-07
2049.376,3.221813e-07
2049.377,3.239397e-07
2049.378,3.256772e-07
2049.379,3.273926e-07
2049.380,3.290850e-07
2049.381,3.307534e-07
2049.382,3.323968e-07
2049.383,3.340142e-07
2049.384,3.356046e-07
2049.385,3.371670e-07
2049.386,3.387004e-07
2049.387,3.402039e-07
2049.388,3.416764e-07
2049.389,3.431169e-07
2049.390,3.445246e-07
2049.391,3.458984e-07
2049.392,3.472375e-07
2049.393,3.485407e-07
2049.394,3.498074e-07
2049.395,3.510364e-07
2049.396,3.522270e-07
2049.397,3.533783e-07
2049.398,3.544894e-07
2049.399,3.555596e-07
2049.400,3.565879e-07
2049.401,3.575737e-07
2049.402,3.585161e-07
2049.403,3.594145e-07
2049.404,3.602681e-07
2049.405,3.610763e-07
2049.406,3.618384e-07
2049.407,3.625539e-07
2049.408,3.632221e-07
2049.409,3.638426e-07
2049.410,3.644148e-07
2049.411,3.649382e-07
2049.412,3.654125e-07
2049.413,3.658372e-07
2049.414,3.662121e-07
2049.415,3.665367e-07
2049.416,3.668109e-07
2049.417,3.670343e-07
2049.418,3.672069e-07
2049.419,3.673284e-07
2049.420,3.673988e-07
2049.421,3.674180e-07
2049.422,3.673860e-07
2049.423,3.673028e-07
2049.424,3.671685e-07
2049.425,3.669833e-07
2049.426,3.667471e-07
2049.427,3.664603e-07
2049.428,3.661231e-07
2049.429,3.657358e-07
2049.430,3.652986e-07
2049.431,3.648120e-07
2049.432,3.642764e-07
2049.433,3.636921e-07
2049.434,3.630596e-07
2049.435,3.623796e-07
2049.436,3.616524e-07
2049.437,3.608787e-07
2049.438,3.600591e-07
2049.439,3.591942e-07
2049.440,3.582848e-07
2049.441,3.573315e-07
2049.442,3.563350e-07
2049.443,3.552961e-07
2049.444,3.542157e-07
2049.445,3.530945e-07
2049.446,3.519333e-07
2049.447,3.507330e-07
2049.448,3.494944e-07
2049.449,3.482186e-07
2049.450,3.469063e-07
2049.451,3.455585e-07
2049.452,3.441761e-07
2049.453,3.427601e-07
2049.454,3.413115e-07
2049.455,3.398312e-07
2049.456,3.383201e-07
2049.457,3.367794e-07
2049.458,3.352099e-07
2049.459,3.336126e-07
2049.460,3.319886e-07
2049.461,3.303389e-07
2049.462,3.286644e-07
2049.463,3.269662e-07
2049.464,3.252452e-07
2049.465,3.235024e-07
2049.466,3.217388e-07
2049.467,3.199555e-07
2049.468,3.181533e-07
2049.469,3.163332e-07
2049.470,3.144962e-07
2049.471,3.126432e-07
2049.472,3.107752e-07
2049.473,3.088931e-07
2049.474,3.069978e-07
2049.475,3.050901e-07
2049.476,3.031711e-07
2049.477,3.012415e-07
2049.478,2.993022e-07
2049.479,2.973541e-07
2049.480,2.953980e-07
2049.481,2.934346e-07
2049.482,2.914649e-07
2049.483,2.894895e-07
2049.484,2.875092e-07
2049.485,2.855248e-07
2049.486,2.835370e-07
2049.487,2.815464e-07
2049.488,2.795539e-07
2049.489,2.775601e-07
2049.490,2.755655e-07
2049.491,2.735710e-07
2049.492,2.715769e-07
2049.493,2.695841e-07
2049.494,2.675930e-07
2049.495,2.656043e-07
2049.496,2.636184e-07
2049.497,2.616359e-07
2049.498,2.596573e-07
2049.499,2.576832e-07
2049.500,2.557139e-07
2049.501,2.537499e-07
2049.502,2.517917e-07
2049.503,2.498397e-07
2049.504,2.478944e-07
2049.505,2.459560e-07
2049.506,2.440251e-07
2049.507,2.421019e-07
2049.508,2.401867e-07
2049.509,2.382800e-07
2049.510,2.363821e-07
2049.511,2.344931e-07
2049.512,2.326135e-07
2049.513,2.307435e-07
2049.514,2.288834e-07
2049.515,2.270334e-07
2049.516,2.251937e-07
2049.517,2.233645e-07
2049.518,2.215461e-07
2049.519,2.197387e-07
2049.520,2.179425e-07
2049.521,2.161575e-07
2049.522,2.143840e-07
2049.523,2.126222e-07
2049.524,2.108721e-07
2049.525,2.091340e-07
2049.526,2.074078e-07
2049.527,2.056938e-07
2049.528,2.039920e-07
2049.529,2.023026e-07
2049.530,2.006255e-07
2049.531,1.989610e-07
2049.532,1.973090e-07
2049.533,1.956696e-07
2049.534,1.940429e-07
2049.535,1.924288e-07
2049.536,1.908276e-07
2049.537,1.892391e-07
2049.538,1.876634e-07
2049.539,1.861005e-07
2049.540,1.845505e-07
2049.541,1.830132e-07
2049.542,1.814889e-07
2049.543,1.799774e-07
2049.544,1.784787e-07
2049.545,1.769928e-07
2049.546,1.755197e-07
2049.547,1.740593e-07
2049.548,1.726117e-07
2049.549,1.711769e-07
2049.550,1.697547e-07
2049.551,1.683451e-07
2049.552,1.669481e-07
2049.553,1.655637e-07
2049.554,1.641917e-07
2049.555,1.628322e-07
2049.556,1.614851e-07
2049.557,1.601503e-07
2049.558,1.588278e-07
2049.559,1.575175e-07
2049.560,1.562193e-07
2049.561,1.549332e-07
2049.562,1.536591e-07
2049.563,1.523970e-07
2049.564,1.511467e-07
2049.565,1.499081e-07
2049.566,1.486813e-07
2049.567,1.474661e-07
2049.568,1.462625e-07
2049.569,1.450703e-07
2049.570,1.438895e-07
2049.571,1.427200e-07
2049.572,1.415618e-07
2049.573,1.404146e-07
2049.574,1.392786e-07
2049.575,1.381534e-07
2049.576,1.370392e-07
2049.577,1.359357e-07
2049.578,1.348429e-07
2049.579,1.337608e-07
2049.580,1.326892e-07
2049.581,1.316279e-07
2049.582,1.305771e-07
2049.583,1.295365e-07
2049.584,1.285060e-07
2049.585,1.274856e-07
2049.586,1.264752e-07
2049.587,1.254747e-07
2049.588,1.244840e-07
2049.589,1.235030e-07
2049.590,1.225316e-07
2049.591,1.215698e-07
2049.592,1.206173e-07
2049.593,1.196743e-07
2049.594,1.187405e-07
2049.595,1.178158e-07
2049.596,1.169003e-07
2049.597,1.159937e-07
2049.598,1.150960e-07
2049.599,1.142072e-07
2049.600,1.133271e-07
2049.601,1.124556e-07
2049.602,1.115927e-07
2049.603,1.107382e-07
2049.604,1.098921e-07
2049.605,1.090544e-07
2049.606,0.000000e+00
2049.607,0.000000e+00
2049.608,0.000000e+00
2049.609,0.000000e+00
2049.610,0.000000e+00
2049.611,0.000000e+00
2049.612,0.000000e+00
2049.613,0.000000e+00
2049.614,0.000000e+00
2049.615,0.000000e+00
2049.616,0.000000e+00
2049.617,0.000000e+00
2049.618,0.000000e+00
2049.619,0.000000e+00
2049.620,0.000000e+00
2049.621,0.000000e+00
2049.622,0.000000e+00
2049.623,0.000000e+00
2049.624,0.000000e+00
2049.625,0.000000e+00
2049.626,0.000000e+00
2049.627,7.071331e-08
2049.628,7.120841e-08
2049.629,7.170773e-08
2049.630,7.221130e-08
2049.631,7.271916e-08
2049.632,7.323133e-08
2049.633,7.374785e-08
2049.634,7.426875e-08
2049.635,7.479406e-08
2049.636,7.532381e-08
2049.637,7.585802e-08
2049.638,7.639674e-08
2049.639,7.693998e-08
2049.640,7.748779e-08
2049.641,7.804018e-08
2049.642,7.859719e-08
2049.643,7.915884e-08
2049.644,7.972517e-08
2049.645,8.029620e-08
2049.646,8.087196e-08
2049.647,5.800824e-04
2049.648,5.846290e-04
2049.649,5.892220e-04
2049.650,5.938619e-04
2049.651,5.985492e-04
2049.652,6.032844e-04
2049.653,6.080681e-04
2049.654,6.129007e-04
2049.655,6.177828e-04
2049.656,6.227149e-04
2049.657,6.276975e-04
2049.658,6.327312e-04
2049.659,6.378164e-04
2049.660,6.429538e-04
2049.661,6.481438e-04
2049.662,6.533870e-04
2049.663,6.586840e-04
2049.664,6.640352e-04
2049.665,6.694413e-04
2049.666,6.749027e-04
2049.667,6.804201e-04
2049.668,6.859940e-04
2049.669,6.916249e-04
2049.670,6.973133e-04
2049.671,7.030599e-04
2049.672,7.088652e-04
2049.673,7.147297e-04
2049.674,7.206541e-04
2049.675,7.266388e-04
2049.676,7.326843e-04
2049.677,7.387914e-04
2049.678,7.449604e-04
2049.679,7.511920e-04
2049.680,7.574867e-04
2049.681,7.638450e-04
2049.682,7.702675e-04
2049.683,7.767547e-04
2049.684,7.833071e-04
2049.685,7.899254e-04
2049.686,7.966099e-04
2049.687,8.033612e-04
2049.688,8.101798e-04
2049.689,8.170663e-04
2049.690,8.240211e-04
2049.691,8.310447e-04
2049.692,8.381375e-04
2049.693,8.453002e-04
2049.694,8.525330e-04
2049.695,8.598365e-04
2049.696,8.672112e-04
2049.697,8.746574e-04
2049.698,8.821755e-04
2049.699,8.897660e-04
2049.700,8.974292e-04
2049.701,9.051655e-04
2049.702,9.129753e-04
2049.703,9.208589e-04
2049.704,9.288166e-04
2049.705,9.368488e-04
2049.706,9.449556e-04
2049.707,9.531374e-04
2049.708,9.613943e-04
2049.709,9.697267e-04
2049.710,9.781347e-04
2049.711,9.866184e-04
2049.712,9.951779e-04
2049.713,1.003813e-03
2049.714,1.012525e-03
2049.715,1.021313e-03
2049.716,1.030177e-03
2049.717,1.039116e-03
2049.718,1.048132e-03
2049.719,1.057224e-03
2049.720,1.066392e-03
2049.721,1.075635e-03
2049.722,1.084953e-03
2049.723,1.094347e-03
2049.724,1.103816e-03
2049.725,1.113358e-03
2049.726,1.122975e-03
2049.727,1.132666e-03
2049.728,1.142429e-03
2049.729,1.152266e-03
2049.730,1.162173e-03
2049.731,1.172153e-03
2049.732,1.182202e-03
2049.733,1.192321e-03
2049.734,1.202509e-03
2049.735,1.212765e-03
2049.736,1.223088e-03
2049.737,1.233476e-03
2049.738,1.243929e-03
2049.739,1.254446e-03
2049.740,1.265024e-03
2049.741,1.275663e-03
2049.742,1.286362e-03
2049.743,1.297118e-03
2049.744,1.307930e-03
2049.745,1.318796e-03
2049.746,1.329715e-03
2049.747,1.340685e-03
2049.748,1.351703e-03
2049.749,1.362768e-03
2049.750,1.373878e-03
2049.751,1.385029e-03
2049.752,1.396220e-03
2049.753,1.407448e-03
2049.754,1.418711e-03
2049.755,1.430006e-03
2049.756,1.441330e-03
2049.757,1.452681e-03
2049.758,1.464054e-03
2049.759,1.475448e-03
2049.760,1.486858e-03
2049.761,1.498282e-03
2049.762,1.509716e-03
2049.763,1.521157e-03
2049.764,1.532600e-03
2049.765,1.544042e-03
2049.766,1.555479e-03
2049.767,1.566907e-03
2049.768,1.578322e-03
2049.769,1.589720e-03
2049.770,1.601095e-03
2049.771,1.612445e-03
2049.772,1.623763e-03
2049.773,1.635046e-03
2049.774,1.646289e-03
2049.775,1.657486e-03
2049.776,1.668633e-03
2049.777,1.679724e-03
2049.778,1.690755e-03
2049.779,1.701719e-03
2049.780,1.712613e-03
2049.781,1.723429e-03
2049.782,1.734163e-03
2049.783,1.744809e-03
2049.784,1.755362e-03
2049.785,1.765814e-03
2049.786,1.776162e-03
2049.787,1.786398e-03
2049.788,1.796516e-03
2049.789,1.806512e-03
2049.790,1.816378e-03
2049.791,1.826109e-03
2049.792,1.835699e-03
2049.793,1.845141e-03
2049.794,1.854429e-03
2049.795,1.863558e-03
2049.796,1.872521e-03
2049.797,1.881312e-03
2049.798,1.889925e-03
2049.799,1.898354e-03
2049.800,1.906593e-03
2049.801,1.914637e-03
2049.802,1.922479e-03
2049.803,1.930113e-03
2049.804,1.937534e-03
2049.805,1.944736e-03
2049.806,1.951714e-03
2049.807,1.958463e-03
2049.808,1.964976e-03
2049.809,1.971250e-03
2049.810,1.977278e-03
2049.811,1.983056e-03
2049.812,1.988580e-03
2049.813,1.993845e-03
2049.814,1.998846e-03
2049.815,2.003579e-03
2049.816,2.008041e-03
2049.817,2.012227e-03
2049.818,2.016135e-03
2049.819,2.019760e-03
2049.820,2.023099e-03
2049.821,2.026151e-03
2049.822,2.028911e-03
2049.823,2.031378e-03
2049.824,2.033550e-03
2049.825,2.035424e-03
2049.826,2.036999e-03
2049.827,2.038273e-03
2049.828,2.039246e-03
2049.829,2.039917e-03
2049.830,2.040284e-03
2049.831,2.040348e-03
2049.832,2.040109e-03
2049.833,2.039566e-03
2049.834,2.038720e-03
2049.835,2.037573e-03
2049.836,2.036125e-03
2049.837,2.034377e-03
2049.838,2.032330e-03
2049.839,2.029988e-03
2049.840,2.027351e-03
2049.841,2.024422e-03
2049.842,2.021203e-03
2049.843,2.017698e-03
2049.844,2.013909e-03
2049.845,2.009840e-03
2049.846,2.005494e-03
2049.847,2.000875e-03
2049.848,1.995986e-03
2049.849,1.990832e-03
2049.850,1.985417e-03
2049.851,1.979746e-03
2049.852,1.973822e-03
2049.853,1.967651e-03
2049.854,1.961238e-03
2049.855,1.954588e-03
2049.856,1.947706e-03
2049.857,1.940598e-03
2049.858,1.933268e-03
2049.859,1.925723e-03
2049.860,1.917968e-03
2049.861,1.910009e-03
2049.862,1.901852e-03
2049.863,1.893502e-03
2049.864,1.884965e-03
2049.865,1.876248e-03
2049.866,1.867357e-03
2049.867,1.858297e-03
2049.868,1.849076e-03
2049.869,1.839697e-03
2049.870,1.830169e-03
2049.871,1.820497e-03
2049.872,1.810687e-03
2049.873,1.800745e-03
2049.874,1.790678e-03
2049.875,1.780490e-03
2049.876,1.770189e-03
2049.877,1.759780e-03
2049.878,1.749269e-03
2049.879,1.738661e-03
2049.880,1.727964e-03
2049.881,1.717181e-03
2049.882,1.706319e-03
2049.883,1.695384e-03
2049.884,1.684380e-03
2049.885,1.673314e-03
2049.886,1.662189e-03
2049.887,1.651013e-03
2049.888,1.639789e-03
2049.889,1.628522e-03
2049.890,1.617218e-03
2049.891,1.605881e-03
2049.892,1.694857e-03
2049.893,1.684252e-03
2049.894,1.673637e-03
2049.895,1.663014e-03
2049.896,1.652389e-03
2049.897,1.641765e-03
2049.898,1.631147e-03
2049.899,1.620539e-03
2049.900,1.609944e-03
2049.901,1.599366e-03
2049.902,1.588809e-03
2049.903,1.578276e-03
2049.904,1.567771e-03
2049.905,1.557297e-03
2049.906,1.546857e-03
2049.907,1.536453e-03
2049.908,1.526090e-03
2049.909,1.515770e-03
2049.910,1.505495e-03
2049.911,1.495269e-03
2049.912,1.485093e-03
2049.913,1.474971e-03
2049.914,1.464903e-03
2049.915,1.454894e-03
2049.916,1.444944e-03
2049.917,1.435057e-03
2049.918,1.425233e-03
2049.919,1.415475e-03
2049.920,1.405784e-03
2049.921,1.396162e-03
2049.922,1.386611e-03
2049.923,1.377132e-03
2049.924,1.367727e-03
2049.925,1.358396e-03
2049.926,1.349142e-03
2049.927,1.339966e-03
2049.928,1.330868e-03
2049.929,1.321849e-03
2049.930,1.312911e-03
2049.931,1.304055e-03
2049.932,1.295281e-03
2049.933,1.286591e-03
2049.934,1.277984e-03
2049.935,1.269462e-03
2049.936,1.261025e-03
2049.937,1.252673e-03
2049.938,1.244408e-03
2049.939,1.236230e-03
2049.940,1.228139e-03
2049.941,1.220136e-03
2049.942,1.212220e-03
2049.943,1.204393e-03
2049.944,1.196654e-03
2049.945,1.189003e-03
2049.946,1.181441e-03
2049.947,1.173968e-03
2049.948,1.166583e-03
2049.949,1.159288e-03
2049.950,1.152081e-03
2049.951,1.144963e-03
2049.952,1.137934e-03
2049.953,1.130993e-03
2049.954,1.124141e-03
2049.955,1.117377e-03
2049.956,1.110701e-03
2049.957,1.104114e-03
2049.958,1.097614e-03
2049.959,1.091201e-03
2049.960,1.084875e-03
2049.961,1.078636e-03
2049.962,1.072484e-03
2049.963,1.066417e-03
2049.964,1.060436e-03
2049.965,1.054541e-03
2049.966,1.048730e-03
2049.967,1.043003e-03
2049.968,1.037360e-03
2049.969,1.031801e-03
2049.970,1.026324e-03
2049.971,1.020930e-03
2049.972,1.015618e-03
2049.973,1.010386e-03
2049.974,1.005235e-03
2049.975,1.000165e-03
2049.976,9.951732e-04
2049.977,9.902605e-04
2049.978,9.854259e-04
2049.979,9.806686e-04
2049.980,9.759880e-04
2049.981,9.713835e-04
2049.982,9.668542e-04
2049.983,9.623995e-04
2049.984,9.580186e-04
2049.985,9.537108e-04
2049.986,9.494752e-04
2049.987,9.453110e-04
2049.988,9.412175e-04
2049.989,9.371938e-04
2049.990,9.332391e-04
2049.991,9.293525e-04
2049.992,9.255332e-04
2049.993,9.217802e-04
2049.994,9.180927e-04
2049.995,9.144696e-04
2049.996,9.108401e-04
2049.997,9.073438e-04
2049.998,9.039091e-04
2049.999,9.005352e-04
2050.000,8.972209e-04
2050.001,8.939653e-04
2050.002,8.907673e-04
2050.003,8.876258e-04
2050.004,8.845399e-04
2050.005,8.815084e-04
2050.006,8.785302e-04
2050.007,8.756042e-04
2050.008,8.727293e-04
2050.009,8.699043e-04
2050.010,8.671280e-04
2050.011,8.643993e-04
2050.012,8.617170e-04
2050.013,8.590799e-04
2050.014,8.564867e-04
2050.015,8.539362e-04
2050.016,2.784961e-04
2050.017,2.804559e-04
2050.018,2.824100e-04
2050.019,2.843574e-04
2050.020,2.862974e-04
2050.021,2.882292e-04
2050.022,2.901517e-04
2050.023,2.920642e-04
2050.024,2.939658e-04
2050.025,2.958554e-04
2050.026,2.977323e-04
2050.027,2.995953e-04
2050.028,3.014436e-04
2050.029,3.032762e-04
2050.030,3.050921e-04
2050.031,3.068903e-04
2050.032,3.086697e-04
2050.033,3.104295e-04
2050.034,3.121684e-04
2050.035,3.138855e-04
2050.036,3.155798e-04
2050.037,3.172502e-04
2050.038,3.188956e-04
2050.039,3.205151e-04
2050.040,3.221074e-04
2050.041,3.236717e-04
2050.042,3.252069e-04
2050.043,3.267118e-04
2050.044,3.281856e-04
2050.045,3.296270e-04
2050.046,3.310352e-04
2050.047,3.324091e-04
2050.048,3.337476e-04
2050.049,3.350499e-04
2050.050,3.363149e-04
2050.051,3.375417e-04
2050.052,3.387293e-04
2050.053,3.398769e-04
2050.054,3.409834e-04
2050.055,3.420481e-04
2050.056,3.430701e-04
2050.057,3.440486e-04
2050.058,3.449827e-04
2050.059,3.459988e-04
2050.060,3.468429e-04
2050.061,3.476406e-04
2050.062,3.483910e-04
2050.063,3.490936e-04
2050.064,3.497478e-04
2050.065,3.503531e-04
2050.066,3.509088e-04
2050.067,3.514146e-04
2050.068,3.518700e-04
2050.069,3.522746e-04
2050.070,3.526280e-04
2050.071,3.529300e-04
2050.072,3.531802e-04
2050.073,3.533785e-04
2050.074,3.535247e-04
2050.075,3.536186e-04
2050.076,3.536602e-04
2050.077,3.536494e-04
2050.078,3.535863e-04
2050.079,3.534709e-04
2050.080,3.533032e-04
2050.081,3.530836e-04
2050.082,3.528121e-04
2050.083,3.524889e-04
2050.084,3.521145e-04
2050.085,3.516890e-04
2050.086,3.512129e-04
2050.087,3.506867e-04
2050.088,3.501106e-04
2050.089,3.494853e-04
2050.090,3.488113e-04
2050.091,3.480891e-04
2050.092,3.473194e-04
2050.093,3.465028e-04
2050.094,3.456400e-04
2050.095,3.447317e-04
2050.096,3.437787e-04
2050.097,3.427818e-04
2050.098,3.417416e-04
2050.099,3.406592e-04
2050.100,3.395353e-04
2050.101,3.383708e-04
2050.102,3.371667e-04
2050.103,3.359239e-04
2050.104,3.346432e-04
2050.105,3.333258e-04
2050.106,3.319725e-04
2050.107,3.305844e-04
2050.108,3.291624e-04
2050.109,3.277076e-04
2050.110,3.262210e-04
2050.111,3.247037e-04
2050.112,3.231567e-04
2050.113,3.215810e-04
2050.114,3.199777e-04
2050.115,3.183478e-04
2050.116,3.166925e-04
2050.117,3.150126e-04
2050.118,3.133094e-04
2050.119,3.115837e-04
2050.120,3.098368e-04
2050.121,3.080696e-04
2050.122,3.062830e-04
2050.123,3.044783e-04
2050.124,3.026563e-04
2050.125,3.008180e-04
2050.126,2.989645e-04
2050.127,2.970966e-04
2050.128,2.952155e-04
2050.129,2.933219e-04
2050.130,2.914169e-04
2050.131,2.895014e-04
2050.132,2.875762e-04
2050.133,2.856422e-04
2050.134,2.837004e-04
2050.135,2.817515e-04
2050.136,2.797964e-04
2050.137,2.778359e-04
2050.138,2.758708e-04
2050.139,2.739018e-04
2050.140,2.719298e-04
2050.141,2.699554e-04
2050.142,2.679794e-04
2050.143,2.660025e-04
2050.144,2.640253e-04
2050.145,2.620486e-04
2050.146,2.600728e-04
2050.147,2.580988e-04
2050.148,2.561270e-04
2050.149,2.541580e-04
2050.150,2.521925e-04
2050.151,2.502309e-04
2050.152,2.482738e-04
2050.153,2.463216e-04
2050.154,2.443749e-04
2050.155,2.424342e-04
2050.156,2.404998e-04
2050.157,2.385722e-04
2050.158,2.366518e-04
2050.159,2.347390e-04
2050.160,2.328342e-04
2050.161,2.309378e-04
2050.162,2.290500e-04
2050.163,2.271713e-04
2050.164,2.253019e-04
2050.165,2.234422e-04
2050.166,2.215923e-04
2050.167,2.197527e-04
2050.168,2.179235e-04
2050.169,2.161049e-04
2050.170,2.142973e-04
2050.171,2.125008e-04
2050.172,2.107156e-04
2050.173,2.089419e-04
2050.174,2.071799e-04
2050.175,2.054297e-04
2050.176,2.036915e-04
2050.177,2.019654e-04
2050.178,2.002516e-04
2050.179,1.985502e-04
2050.180,1.968612e-04
2050.181,1.951849e-04
2050.182,1.935212e-04
2050.183,1.918703e-04
2050.184,1.902322e-04
2050.185,1.886070e-04
2050.186,1.869947e-04
2050.187,1.853955e-04
2050.188,1.838092e-04
2050.189,1.822360e-04
2050.190,1.806760e-04
2050.191,1.791290e-04
2050.192,1.775951e-04
2050.193,1.760743e-04
2050.194,1.745667e-04
2050.195,1.730722e-04
2050.196,1.715907e-04
2050.197,1.701224e-04
2050.198,1.686671e-04
2050.199,1.672248e-04
2050.200,1.657956e-04
2050.201,1.643793e-04
2050.202,1.629759e-04
2050.203,1.615854e-04
2050.204,1.602078e-04
2050.205,1.588429e-04
2050.206,1.574908e-04
2050.207,1.561513e-04
2050.208,1.548244e-04
2050.209,1.535101e-04
2050.210,1.522082e-04
2050.211,1.509188e-04
2050.212,1.496417e-04
2050.213,1.483768e-04
2050.214,1.471242e-04
2050.215,1.458836e-04
2050.216,1.446551e-04
2050.217,1.434385e-04
2050.218,1.422338e-04
2050.219,1.410409e-04
2050.220,1.398597e-04
2050.221,1.386900e-04
2050.222,1.375319e-04
2050.223,1.363852e-04
2050.224,1.352499e-04
2050.225,1.341258e-04
2050.226,1.330128e-04
2050.227,1.319110e-04
2050.228,1.308201e-04
2050.229,1.297400e-04
2050.230,1.286708e-04
2050.231,1.276122e-04
2050.232,1.265643e-04
2050.233,1.255268e-04
2050.234,1.244997e-04
2050.235,1.234830e-04
2050.236,1.224764e-04
2050.237,1.214800e-04
2050.238,1.204936e-04
2050.239,1.195171e-04
2050.240,1.185504e-04
2050.241,1.175935e-04
2050.242,1.166462e-04
2050.243,1.157085e-04
2050.244,1.147802e-04
2050.245,1.138613e-04
2050.246,1.129516e-04
2050.247,1.120511e-04
2050.248,1.111597e-04
2050.249,1.102772e-04
2050.250,1.094037e-04
2050.251,1.085389e-04
2050.252,1.076829e-04
2050.253,1.068354e-04
2050.254,1.059965e-04
2050.255,1.051661e-04
2050.256,1.043440e-04
2050.257,1.035301e-04
2050.258,1.027244e-04
2050.259,1.019268e-04
2050.260,1.011372e-04
2050.261,3.660219e-07
2050.262,3.652732e-07
2050.263,3.644870e-07
2050.264,3.636637e-07
2050.265,3.628040e-07
2050.266,3.619083e-07
2050.267,3.609772e-07
2050.268,3.600113e-07
2050.269,3.590112e-07
2050.270,3.579775e-07
2050.271,3.569107e-07
2050.272,3.558117e-07
2050.273,3.546809e-07
2050.274,3.535191e-07
2050.275,3.523270e-07
2050.276,3.511052e-07
2050.277,3.498544e-07
2050.278,3.485754e-07
2050.279,3.472688e-07
2050.280,3.459355e-07
2050.281,3.445760e-07
2050.282,3.431911e-07
2050.283,3.417816e-07
2050.284,3.403483e-07
2050.285,3.388918e-07
2050.286,3.374128e-07
2050.287,3.359123e-07
2050.288,3.343908e-07
2050.289,3.328492e-07
2050.290,3.312881e-07
2050.291,3.297084e-07
2050.292,3.281107e-07
2050.293,3.264958e-07
2050.294,3.248645e-07
2050.295,3.232174e-07
2050.296,3.215553e-07
2050.297,3.198789e-07
2050.298,3.181890e-07
2050.299,3.164861e-07
2050.300,3.147710e-07
2050.301,3.130444e-07
2050.302,3.113071e-07
2050.303,3.095595e-07
2050.304,3.078025e-07
2050.305,3.060366e-07
2050.306,3.042626e-07
2050.307,3.024809e-07
2050.308,3.006924e-07
2050.309,2.988975e-07
2050.310,2.970969e-07
2050.311,2.952912e-07
2050.312,2.934809e-07
2050.313,2.916666e-07
2050.314,2.898489e-07
2050.315,2.880283e-07
2050.316,2.862053e-07
2050.317,2.843806e-07
2050.318,2.825544e-07
2050.319,2.807275e-07
2050.320,2.789002e-07
2050.321,2.770730e-07
2050.322,2.752464e-07
2050.323,2.734208e-07
2050.324,2.715967e-07
2050.325,2.697744e-07
2050.326,2.679545e-07
2050.327,2.661372e-07
2050.328,2.643231e-07
2050.329,2.625123e-07
2050.330,2.607054e-07
2050.331,2.589027e-07
2050.332,2.571045e-07
2050.333,2.553111e-07
2050.334,2.535228e-07
2050.335,2.517400e-07
2050.336,2.499630e-07
2050.337,2.481920e-07
2050.338,2.464273e-07
2050.339,2.446692e-07
2050.340,2.429179e-07
2050.341,2.411737e-07
2050.342,2.394368e-07
2050.343,2.377074e-07
2050.344,2.359857e-07
2050.345,2.342720e-07
2050.346,2.325664e-07
2050.347,2.308691e-07
2050.348,2.291804e-07
2050.349,2.275002e-07
2050.350,2.258290e-07
2050.351,2.241667e-07
2050.352,2.225135e-07
2050.353,2.208695e-07
2050.354,2.192350e-07
2050.355,2.176099e-07
2050.356,2.159945e-07
2050.357,2.143887e-07
2050.358,2.127928e-07
2050.359,2.112069e-07
2050.360,2.096309e-07
2050.361,2.080649e-07
2050.362,2.065092e-07
2050.363,2.049636e-07
2050.364,2.034283e-07
2050.365,2.019034e-07
2050.366,2.003888e-07
2050.367,1.988847e-07
2050.368,1.973911e-07
2050.369,1.959079e-07
2050.370,1.944353e-07
2050.371,1.929732e-07
2050.372,1.915217e-07
2050.373,1.900808e-07
2050.374,1.886506e-07
2050.375,1.872309e-07
2050.376,1.858219e-07
2050.377,1.844235e-07
2050.378,1.830357e-07
2050.379,1.816585e-07
2050.380,1.802919e-07
2050.381,1.789359e-07
2050.382,1.775905e-07
2050.383,1.762557e-07
2050.384,1.749314e-07
2050.385,1.736176e-07
2050.386,1.723143e-07
2050.387,1.710215e-07
2050.388,1.697390e-07
2050.389,1.684670e-07
2050.390,1.672053e-07
2050.391,1.659539e-07
2050.392,1.647129e-07
2050.393,1.634820e-07
2050.394,1.622613e-07
2050.395,1.610508e-07
2050.396,1.598504e-07
2050.397,1.586600e-07
2050.398,1.574796e-07
2050.399,4.494757e-07
2050.400,4.502154e-07
2050.401,4.509791e-07
2050.402,4.517669e-07
2050.403,4.525789e-07
2050.404,4.534150e-07
2050.405,4.542752e-07
2050.406,4.551596e-07
2050.407,4.560682e-07
2050.408,4.570010e-07
2050.409,4.579579e-07
2050.410,4.589389e-07
2050.411,4.599442e-07
2050.412,4.609736e-07
2050.413,4.620272e-07
2050.414,4.631049e-07
2050.415,4.642068e-07
2050.416,4.653328e-07
2050.417,4.664829e-07
2050.418,4.676571e-07
2050.419,4.688553e-07
2050.420,4.700776e-07
2050.421,4.713239e-07
2050.422,4.725942e-07
2050.423,4.738884e-07
2050.424,4.752065e-07
2050.425,4.765486e-07
2050.426,4.779144e-07
2050.427,4.793040e-07
2050.428,3.542921e-07
2050.429,3.566296e-07
2050.430,3.589828e-07
2050.431,3.613516e-07
2050.432,3.637360e-07
2050.433,3.661361e-07
2050.434,3.685519e-07
2050.435,3.709833e-07
2050.436,3.734303e-07
2050.437,3.758929e-07
2050.438,3.783711e-07
2050.439,3.808648e-07
2050.440,3.833741e-07
2050.441,3.858988e-07
2050.442,3.884390e-07
2050.443,3.909946e-07
2050.444,3.935655e-07
2050.445,3.961517e-07
2050.446,3.987531e-07
2050.447,4.013696e-07
2050.448,4.040012e-07
2050.449,4.066477e-07
2050.450,4.093091e-07
2050.451,4.119853e-07
2050.452,4.146762e-07
2050.453,4.173816e-07
2050.454,4.201015e-07
2050.455,4.228356e-07
2050.456,4.255840e-07
2050.457,4.283463e-07
2050.458,4.311226e-07
2050.459,4.339125e-07
2050.460,4.367160e-07
2050.461,4.395329e-07
2050.462,4.423630e-07
2050.463,4.452060e-07
2050.464,4.480618e-07
2050.465,4.509302e-07
2050.466,4.538110e-07
2050.467,4.567038e-07
2050.468,4.596085e-07
2050.469,4.625249e-07
2050.470,4.654526e-07
2050.471,4.683913e-07
2050.472,4.713409e-07
2050.473,4.743010e-07
2050.474,4.772712e-07
2050.475,4.802513e-07
2050.476,4.832410e-07
2050.477,4.862398e-07
2050.478,4.892475e-07
2050.479,4.922637e-07
2050.480,4.952880e-07
2050.481,4.983200e-07
2050.482,5.013593e-07
2050.483,5.044055e-07
2050.484,5.074581e-07
2050.485,5.105168e-07
2050.486,5.135811e-07
2050.487,5.166505e-07
2050.488,5.197245e-07
2050.489,5.228027e-07
2050.490,5.258845e-07
2050.491,5.289694e-07
2050.492,5.320568e-07
2050.493,5.351464e-07
2050.494,5.382374e-07
2050.495,5.413292e-07
2050.496,5.444215e-07
2050.497,5.475134e-07
2050.498,5.506044e-07
2050.499,5.536939e-07
2050.500,5.567813e-07
2050.501,5.598658e-07
2050.502,5.629468e-07
2050.503,5.660236e-07
2050.504,5.690956e-07
2050.505,5.721620e-07
2050.506,5.752221e-07
2050.507,5.782752e-07
2050.508,5.813205e-07
2050.509,5.843572e-07
2050.510,5.873847e-07
2050.511,5.904020e-07
2050.512,5.934085e-07
2050.513,5.964032e-07
2050.514,5.993854e-07
2050.515,6.023543e-07
2050.516,6.053090e-07
2050.517,6.082486e-07
2050.518,6.111723e-07
2050.519,6.140792e-07
2050.520,6.169685e-07
2050.521,6.198392e-07
2050.522,6.226905e-07
2050.523,6.255214e-07
2050.524,6.283311e-07
2050.525,6.311185e-07
2050.526,6.338828e-07
2050.527,6.366231e-07
2050.528,6.393383e-07
2050.529,6.420277e-07
2050.530,6.446901e-07
2050.531,6.473247e-07
2050.532,6.499306e-07
2050.533,6.525066e-07
2050.534,6.550520e-07
2050.535,6.575657e-07
2050.536,6.600468e-07
2050.537,6.624943e-07
2050.538,6.649073e-07
2050.539,6.672848e-07
2050.540,6.696259e-07
2050.541,6.719295e-07
2050.542,6.741949e-07
2050.543,6.764210e-07
2050.544,6.786069e-07
2050.545,6.807517e-07
2050.546,6.828545e-07
2050.547,6.849144e-07
2050.548,6.869304e-07
2050.549,6.889018e-07
2050.550,6.908276e-07
2050.551,6.927069e-07
2050.552,6.945390e-07
2050.553,6.963229e-07
2050.554,6.980580e-07
2050.555,6.997433e-07
2050.556,7.013781e-07
2050.557,7.029617e-07
2050.558,7.044932e-07
2050.559,7.059720e-07
2050.560,7.073974e-07
2050.561,7.087686e-07
2050.562,7.100850e-07
2050.563,7.113460e-07
2050.564,7.125510e-07
2050.565,7.136993e-07
2050.566,7.147905e-07
2050.567,7.158239e-07
2050.568,7.167990e-07
2050.569,7.177154e-07
2050.570,7.185725e-07
2050.571,7.193701e-07
2050.572,7.201076e-07
2050.573,7.207847e-07
2050.574,7.214010e-07
2050.575,7.219563e-07
2050.576,7.224502e-07
2050.577,7.228825e-07
2050.578,7.232529e-07
2050.579,7.235614e-07
2050.580,7.238076e-07
2050.581,7.239916e-07
2050.582,7.241131e-07
2050.583,7.241722e-07
2050.584,7.241688e-07
2050.585,7.241029e-07
2050.586,7.239745e-07
2050.587,7.237837e-07
2050.588,7.235307e-07
2050.589,7.232154e-07
2050.590,7.228382e-07
2050.591,7.223992e-07
2050.592,7.218986e-07
2050.593,7.213366e-07
2050.594,7.207136e-07
2050.595,7.200299e-07
2050.596,7.192858e-07
2050.597,7.184818e-07
2050.598,7.176181e-07
2050.599,7.166953e-07
2050.600,7.157138e-07
2050.601,7.146740e-07
2050.602,7.135766e-07
2050.603,7.124221e-07
2050.604,7.112110e-07
2050.605,7.099439e-07
2050.606,7.086214e-07
2050.607,7.072442e-07
2050.608,7.058130e-07
2050.609,7.043284e-07
2050.610,7.027911e-07
2050.611,7.012019e-07
2050.612,6.995616e-07
2050.613,6.978708e-07
2050.614,6.961303e-07
2050.615,6.943411e-07
2050.616,6.925038e-07
2050.617,6.906194e-07
2050.618,6.886886e-07
2050.619,6.867123e-07
2050.620,6.904610e-07
2050.621,6.884338e-07
2050.622,6.863641e-07
2050.623,6.842527e-07
2050.624,6.821006e-07
2050.625,6.799087e-07
2050.626,6.776779e-07
2050.627,6.754092e-07
2050.628,6.731036e-07
2050.629,6.707618e-07
2050.630,6.683850e-07
2050.631,6.659741e-07
2050.632,6.635299e-07
2050.633,6.610536e-07
2050.634,6.585460e-07
2050.635,6.560080e-07
2050.636,6.534408e-07
2050.637,6.508451e-07
2050.638,6.482221e-07
2050.639,6.455725e-07
2050.640,6.428974e-07
2050.641,6.401977e-07
2050.642,6.374744e-07
2050.643,6.347284e-07
2050.644,6.319605e-07
2050.645,6.291718e-07
2050.646,6.263632e-07
2050.647,6.235355e-07
2050.648,6.206896e-07
2050.649,6.178265e-07
2050.650,6.149470e-07
2050.651,6.120520e-07
2050.652,6.091424e-07
2050.653,6.062189e-07
2050.654,6.032825e-07
2050.655,6.003340e-07
2050.656,5.973742e-07
2050.657,5.944039e-07
2050.658,5.914238e-07
2050.659,5.884349e-07
2050.660,5.854378e-07
2050.661,5.824333e-07
2050.662,5.794221e-07
2050.663,5.764051e-07
2050.664,5.733828e-07
2050.665,3.688210e-02
2050.666,3.717958e-02
2050.667,3.748023e-02
2050.668,3.778410e-02
2050.669,3.809121e-02
2050.670,3.840161e-02
2050.671,3.871534e-02
2050.672,3.903244e-02
2050.673,3.935294e-02
2050.674,3.967688e-02
2050.675,4.000430e-02
2050.676,4.033525e-02
2050.677,4.066977e-02
2050.678,4.100788e-02
2050.679,4.134965e-02
2050.680,4.169510e-02
2050.681,4.204428e-02
2050.682,4.239722e-02
2050.683,4.275398e-02
2050.684,4.311460e-02
2050.685,4.347911e-02
2050.686,4.384757e-02
2050.687,4.422000e-02
2050.688,4.459647e-02
2050.689,4.497700e-02
2050.690,4.536165e-02
2050.691,4.575046e-02
2050.692,4.614346e-02
2050.693,4.654072e-02
2050.694,4.694227e-02
2050.695,4.734815e-02
2050.696,4.775841e-02
2050.697,4.817309e-02
2050.698,4.859225e-02
2050.699,4.901592e-02
2050.700,4.944415e-02
2050.701,4.987698e-02
2050.702,5.031446e-02
2050.703,5.075663e-02
2050.704,5.120354e-02
2050.705,5.165523e-02
2050.706,5.211174e-02
2050.707,5.257312e-02
2050.708,5.303942e-02
2050.709,5.351067e-02
2050.710,5.398691e-02
2050.711,5.446820e-02
2050.712,5.495458e-02
2050.713,5.544607e-02
2050.714,5.594273e-02
2050.715,5.644460e-02
2050.716,5.695171e-02
2050.717,5.746411e-02
2050.718,5.798183e-02
2050.719,5.850491e-02
2050.720,5.903339e-02
2050.721,5.956731e-02
2050.722,6.010669e-02
2050.723,6.065157e-02
2050.724,6.120198e-02
2050.725,6.175796e-02
2050.726,6.231954e-02
2050.727,6.288674e-02
2050.728,6.345959e-02
2050.729,6.403811e-02
2050.730,6.462234e-02
2050.731,6.521229e-02
2050.732,6.580798e-02
2050.733,6.640943e-02
2050.734,6.701666e-02
2050.735,6.762968e-02
2050.736,6.824850e-02
2050.737,6.887313e-02
2050.738,6.950358e-02
2050.739,7.013986e-02
2050.740,7.078195e-02
2050.741,7.142987e-02
2050.742,7.208361e-02
2050.743,7.274316e-02
2050.744,7.340851e-02
2050.745,7.407964e-02
2050.746,7.475654e-02
2050.747,7.543919e-02
2050.748,7.612755e-02
2050.749,7.682161e-02
2050.750,7.752131e-02
2050.751,7.822664e-02
2050.752,7.893754e-02
2050.753,7.965396e-02
2050.754,8.037586e-02
2050.755,8.110317e-02
2050.756,8.183584e-02
2050.757,8.257379e-02
2050.758,8.331695e-02
2050.759,8.406524e-02
2050.760,8.481857e-02
2050.761,8.557686e-02
2050.762,8.634000e-02
2050.763,8.710789e-02
2050.764,8.788041e-02
2050.765,8.865746e-02
2050.766,8.943890e-02
2050.767,9.022460e-02
2050.768,9.101412e-02
2050.769,9.180792e-02
2050.770,9.260553e-02
2050.771,9.340679e-02
2050.772,9.421153e-02
2050.773,9.501956e-02
2050.774,9.583071e-02
2050.775,9.664478e-02
2050.776,9.746154e-02
2050.777,9.828080e-02
2050.778,9.910233e-02
2050.779,9.992589e-02
2050.780,1.007512e-01
2050.781,1.015781e-01
2050.782,1.024063e-01
2050.783,1.032355e-01
2050.784,1.040654e-01
2050.785,1.048957e-01
2050.786,1.057261e-01
2050.787,1.065564e-01
2050.788,1.073862e-01
2050.789,1.082152e-01
2050.790,1.090430e-01
2050.791,1.098692e-01
2050.792,1.106936e-01
2050.793,1.115158e-01
2050.794,1.123354e-01
2050.795,1.131519e-01
2050.796,1.139651e-01
2050.797,1.147744e-01
2050.798,1.155796e-01
2050.799,1.163801e-01
2050.800,1.171755e-01
2050.801,1.179655e-01
2050.802,1.187495e-01
2050.803,1.195271e-01
2050.804,1.202979e-01
2050.805,1.210614e-01
2050.806,1.218171e-01
2050.807,1.225645e-01
2050.808,1.233032e-01
2050.809,1.240328e-01
2050.810,1.247526e-01
2050.811,1.254622e-01
2050.812,1.261612e-01
2050.813,1.268490e-01
2050.814,1.275252e-01
2050.815,1.281892e-01
2050.816,1.288406e-01
2050.817,1.294788e-01
2050.818,1.301034e-01
2050.819,1.307140e-01
2050.820,1.313099e-01
2050.821,1.318908e-01
2050.822,1.324562e-01
2050.823,1.330055e-01
2050.824,1.335385e-01
2050.825,1.340545e-01
2050.826,1.345531e-01
2050.827,1.350341e-01
2050.828,1.354968e-01
2050.829,1.359409e-01
2050.830,1.363660e-01
2050.831,1.367717e-01
2050.832,1.371577e-01
2050.833,1.375236e-01
2050.834,1.378691e-01
2050.835,1.381938e-01
2050.836,1.384974e-01
2050.837,1.387797e-01
2050.838,1.390404e-01
2050.839,1.392792e-01
2050.840,1.394959e-01
2050.841,1.396903e-01
2050.842,1.398622e-01
2050.843,1.400114e-01
2050.844,1.401378e-01
2050.845,1.402413e-01
2050.846,1.403218e-01
2050.847,1.403791e-01
2050.848,1.404133e-01
2050.849,1.404243e-01
2050.850,1.404120e-01
2050.851,1.403766e-01
2050.852,1.403180e-01
2050.853,1.402363e-01
2050.854,1.401315e-01
2050.855,1.400038e-01
2050.856,1.398533e-01
2050.857,1.396802e-01
2050.858,1.394846e-01
2050.859,1.392667e-01
2050.860,1.390267e-01
2050.861,1.387648e-01
2050.862,1.384814e-01
2050.863,1.381766e-01
2050.864,1.378507e-01
2050.865,1.375041e-01
2050.866,1.371371e-01
2050.867,1.367501e-01
2050.868,1.363432e-01
2050.869,1.359171e-01
2050.870,1.354719e-01
2050.871,1.350082e-01
2050.872,1.345263e-01
2050.873,1.340267e-01
2050.874,1.335097e-01
2050.875,1.329759e-01
2050.876,1.324256e-01
2050.877,1.318594e-01
2050.878,1.312777e-01
2050.879,1.306809e-01
2050.880,1.300696e-01
2050.881,1.294442e-01
2050.882,1.288052e-01
2050.883,1.281532e-01
2050.884,1.274885e-01
2050.885,1.268117e-01
2050.886,1.261232e-01
2050.887,1.254237e-01
2050.888,1.250519e-01
2050.889,1.243341e-01
2050.890,1.236067e-01
2050.891,1.228702e-01
2050.892,1.221250e-01
2050.893,1.213716e-01
2050.894,1.206105e-01
2050.895,1.198421e-01
2050.896,1.190669e-01
2050.897,1.182854e-01
2050.898,1.174980e-01
2050.899,1.167052e-01
2050.900,1.159074e-01
2050.901,1.151049e-01
2050.902,1.142983e-01
2050.903,1.134880e-01
2050.904,1.126743e-01
2050.905,1.118577e-01
2050.906,1.110385e-01
2050.907,1.102172e-01
2050.908,1.093940e-01
2050.909,1.085693e-01
2050.910,1.077435e-01
2050.911,1.069170e-01
2050.912,1.060900e-01
2050.913,1.052629e-01
2050.914,1.044359e-01
2050.915,1.036095e-01
2050.916,1.027838e-01
2050.917,1.019592e-01
2050.918,1.011359e-01
2050.919,1.003141e-01
2050.920,9.949427e-02
2050.921,9.867648e-02
2050.922,9.786100e-02
2050.923,9.704805e-02
2050.924,9.623787e-02
2050.925,9.543064e-02
2050.926,9.462657e-02
2050.927,9.382585e-02
2050.928,9.302866e-02
2050.929,9.223516e-02
2050.930,9.144553e-02
2050.931,9.065991e-02
2050.932,8.987846e-02
2050.933,8.910132e-02
2050.934,8.832861e-02
2050.935,8.756047e-02
2050.936,8.679702e-02
2050.937,8.603836e-02
2050.938,8.528459e-02
2050.939,8.453583e-02
2050.940,8.379215e-02
2050.941,8.305365e-02
2050.942,8.232041e-02
2050.943,8.159249e-02
2050.944,8.086997e-02
2050.945,8.015291e-02
2050.946,7.944137e-02
2050.947,7.873540e-02
2050.948,7.803504e-02
2050.949,7.734035e-02
2050.950,7.665135e-02
2050.951,7.596809e-02
2050.952,7.529059e-02
2050.953,7.461888e-02
2050.954,7.395297e-02
2050.955,7.329290e-02
2050.956,7.263866e-02
2050.957,7.199028e-02
2050.958,7.134776e-02
2050.959,7.071111e-02
2050.960,7.008031e-02
2050.961,6.945539e-02
2050.962,6.883632e-02
2050.963,6.822311e-02
2050.964,6.761573e-02
2050.965,6.701419e-02
2050.966,6.641847e-02
2050.967,6.582854e-02
2050.968,6.524440e-02
2050.969,6.466602e-02
2050.970,6.409337e-02
2050.971,6.352644e-02
2050.972,6.296520e-02
2050.973,6.240961e-02
2050.974,6.185966e-02
2050.975,6.131531e-02
2050.976,6.077652e-02
2050.977,6.024328e-02
2050.978,5.971553e-02
2050.979,5.919325e-02
2050.980,5.867639e-02
2050.981,5.816493e-02
2050.982,5.765883e-02
2050.983,5.715803e-02
2050.984,5.666251e-02
2050.985,5.617223e-02
2050.986,5.568713e-02
2050.987,5.520718e-02
2050.988,5.473235e-02
2050.989,5.426256e-02
2050.990,5.379781e-02
2050.991,5.333803e-02
2050.992,5.288318e-02
2050.993,5.243322e-02
2050.994,5.198810e-02
2050.995,5.154777e-02
2050.996,5.111220e-02
2050.997,5.068133e-02
2050.998,5.025511e-02
2050.999,4.983351e-02
2051.000,4.941647e-02
2051.001,4.900395e-02
2051.002,4.859591e-02
2051.003,4.819229e-02
2051.004,4.779304e-02
2051.005,4.739813e-02
2051.006,4.700751e-02
2051.007,4.662112e-02
2051.008,4.623893e-02
2051.009,4.586088e-02
2051.010,4.548694e-02
2051.011,4.511704e-02
2051.012,4.475116e-02
2051.013,4.438923e-02
2051.014,4.403122e-02
2051.015,4.367708e-02
2051.016,4.332677e-02
2051.017,4.298024e-02
2051.018,4.263744e-02
2051.019,4.229833e-02
2051.020,4.196287e-02
2051.021,4.163101e-02
2051.022,4.130270e-02
2051.023,4.097791e-02
2051.024,4.065659e-02
2051.025,4.033870e-02
2051.026,4.002419e-02
2051.027,3.971303e-02
2051.028,3.940516e-02
2051.029,3.910055e-02
2051.030,3.879916e-02
2051.031,3.850094e-02
2051.032,3.820585e-02
2051.033,3.791386e-02
2051.034,1.053747e-03
2051.035,1.058893e-03
2051.036,1.063950e-03
2051.037,1.068914e-03
2051.038,1.073781e-03
2051.039,1.078549e-03
2051.040,1.083214e-03
2051.041,1.087773e-03
2051.042,1.092223e-03
2051.043,1.096560e-03
2051.044,1.100782e-03
2051.045,1.104886e-03
2051.046,1.108867e-03
2051.047,1.112725e-03
2051.048,1.116455e-03
2051.049,1.120055e-03
2051.050,1.123521e-03
2051.051,1.126853e-03
2051.052,1.130046e-03
2051.053,1.133098e-03
2051.054,1.136007e-03
2051.055,1.138770e-03
2051.056,1.141386e-03
2051.057,1.143852e-03
2051.058,1.146166e-03
2051.059,1.148326e-03
2051.060,1.150331e-03
2051.061,1.152178e-03
2051.062,1.153867e-03
2051.063,1.155396e-03
2051.064,1.156763e-03
2051.065,1.157967e-03
2051.066,1.159008e-03
2051.067,1.159884e-03
2051.068,1.160595e-03
2051.069,1.161141e-03
2051.070,1.161519e-03
2051.071,1.161731e-03
2051.072,1.161777e-03
2051.073,1.161655e-03
2051.074,1.161367e-03
2051.075,1.160911e-03
2051.076,1.160290e-03
2051.077,1.159503e-03
2051.078,1.158552e-03
2051.079,1.157436e-03
2051.080,1.156157e-03
2051.081,1.154715e-03
2051.082,1.153113e-03
2051.083,1.151352e-03
2051.084,1.149432e-03
2051.085,1.147356e-03
2051.086,1.145125e-03
2051.087,1.142741e-03
2051.088,1.140206e-03
2051.089,1.137522e-03
2051.090,1.134692e-03
2051.091,1.131717e-03
2051.092,1.128600e-03
2051.093,1.125343e-03
2051.094,1.121950e-03
2051.095,1.118422e-03
2051.096,1.114762e-03
2051.097,1.110973e-03
2051.098,1.107058e-03
2051.099,1.103021e-03
2051.100,1.098862e-03
2051.101,1.094587e-03
2051.102,1.090198e-03
2051.103,1.085698e-03
2051.104,1.081090e-03
2051.105,1.076377e-03
2051.106,1.071563e-03
2051.107,1.066651e-03
2051.108,1.061645e-03
2051.109,1.056546e-03
2051.110,1.051360e-03
2051.111,1.046088e-03
2051.112,1.040735e-03
2051.113,1.035304e-03
2051.114,1.029797e-03
2051.115,1.024219e-03
2051.116,1.018572e-03
2051.117,1.012860e-03
2051.118,1.007086e-03
2051.119,1.001253e-03
2051.120,9.953639e-04
2051.121,9.894226e-04
2051.122,9.834319e-04
2051.123,9.773948e-04
2051.124,9.713144e-04
2051.125,9.651935e-04
2051.126,9.590352e-04
2051.127,9.528423e-04
2051.128,9.466177e-04
2051.129,9.403642e-04
2051.130,9.340845e-04
2051.131,9.277812e-04
2051.132,9.214571e-04
2051.133,9.151146e-04
2051.134,9.087564e-04
2051.135,9.023848e-04
2051.136,8.960022e-04
2051.137,8.896111e-04
2051.138,8.832136e-04
2051.139,8.768121e-04
2051.140,8.704086e-04
2051.141,8.640052e-04
2051.142,8.576040e-04
2051.143,8.512070e-04
2051.144,8.448161e-04
2051.145,8.384332e-04
2051.146,8.320599e-04
2051.147,8.256982e-04
2051.148,8.193495e-04
2051.149,8.130157e-04
2051.150,8.066982e-04
2051.151,8.003985e-04
2051.152,7.941182e-04
2051.153,7.878584e-04
2051.154,7.816207e-04
2051.155,7.754063e-04
2051.156,7.692164e-04
2051.157,7.630522e-04
2051.158,7.569149e-04
2051.159,7.508054e-04
2051.160,7.447248e-04
2051.161,7.386742e-04
2051.162,7.326543e-04
2051.163,7.266662e-04
2051.164,7.207106e-04
2051.165,7.147883e-04
2051.166,7.089001e-04
2051.167,7.030467e-04
2051.168,6.972288e-04
2051.169,6.914469e-04
2051.170,6.857017e-04
2051.171,6.799938e-04
2051.172,6.743235e-04
2051.173,6.686915e-04
2051.174,6.630981e-04
2051.175,6.575438e-04
2051.176,6.520289e-04
2051.177,6.465538e-04
2051.178,6.411187e-04
2051.179,6.357241e-04
2051.180,6.303701e-04
2051.181,6.250570e-04
2051.182,6.197849e-04
2051.183,6.145541e-04
2051.184,6.093647e-04
2051.185,6.042168e-04
2051.186,5.991105e-04
2051.187,5.940460e-04
2051.188,5.890232e-04
2051.189,5.840423e-04
2051.190,5.791032e-04
2051.191,5.742060e-04
2051.192,5.693506e-04
2051.193,5.645370e-04
2051.194,5.597652e-04
2051.195,5.550351e-04
2051.196,5.503466e-04
2051.197,5.456997e-04
2051.198,5.410942e-04
2051.199,5.365299e-04
2051.200,5.320069e-04
2051.201,5.275249e-04
2051.202,5.230838e-04
2051.203,5.186833e-04
2051.204,5.143235e-04
2051.205,5.100039e-04
2051.206,5.057246e-04
2051.207,5.014852e-04
2051.208,4.972855e-04
2051.209,4.931254e-04
2051.210,4.890046e-04
2051.211,4.849229e-04
2051.212,4.808800e-04
2051.213,4.768757e-04
2051.214,4.729097e-04
2051.215,4.689818e-04
2051.216,4.650917e-04
2051.217,4.612393e-04
2051.218,4.574241e-04
2051.219,4.536459e-04
2051.220,4.499044e-04
2051.221,4.461995e-04
2051.222,4.425307e-04
2051.223,4.388978e-04
2051.224,4.353005e-04
2051.225,4.317386e-04
2051.226,4.282117e-04
2051.227,4.247195e-04
2051.228,4.212618e-04
2051.229,4.178382e-04
2051.230,4.144485e-04
2051.231,4.110923e-04
2051.232,4.077694e-04
2051.233,4.044794e-04
2051.234,4.012221e-04
2051.235,3.979972e-04
2051.236,3.948043e-04
2051.237,3.916432e-04
2051.238,3.885135e-04
2051.239,3.854150e-04
2051.240,3.823474e-04
2051.241,3.793103e-04
2051.242,3.763036e-04
2051.243,3.733267e-04
2051.244,3.703796e-04
2051.245,3.674619e-04
2051.246,3.645732e-04
2051.247,3.617134e-04
2051.248,3.588821e-04
2051.249,3.560790e-04
2051.250,3.533038e-04
2051.251,3.505563e-04
2051.252,3.478361e-04
2051.253,3.451431e-04
2051.254,3.424768e-04
2051.255,3.398371e-04
2051.256,3.372237e-04
2051.257,0.000000e+00
2051.258,0.000000e+00
2051.259,0.000000e+00
2051.260,0.000000e+00
2051.261,0.000000e+00
2051.262,0.000000e+00
2051.263,0.000000e+00
2051.264,0.000000e+00
2051.265,0.000000e+00
2051.266,0.000000e+00
2051.267,0.000000e+00
2051.268,0.000000e+00
2051.269,0.000000e+00
2051.270,0.000000e+00
2051.271,0.000000e+00
2051.272,0.000000e+00
2051.273,0.000000e+00
2051.274,0.000000e+00
2051.275,0.000000e+00
2051.276,0.000000e+00
2051.277,0.000000e+00
2051.278,0.000000e+00
2051.279,0.000000e+00
2051.280,0.000000e+00
2051.281,0.000000e+00
2051.282,0.000000e+00
2051.283,0.000000e+00
2051.284,0.000000e+00
2051.285,0.000000e+00
2051.286,0.000000e+00
2051.287,0.000000e+00
2051.288,0.000000e+00
2051.289,0.000000e+00
2051.290,0.000000e+00
2051.291,0.000000e+00
2051.292,0.000000e+00
2051.293,0.000000e+00
2051.294,0.000000e+00
2051.295,0.000000e+00
2051.296,0.000000e+00
2051.297,0.000000e+00
2051.298,0.000000e+00
2051.299,0.000000e+00
2051.300,0.000000e+00
2051.301,0.000000e+00
2051.302,0.000000e+00
2051.303,0.000000e+00
2051.304,0.000000e+00
2051.305,0.000000e+00
2051.306,0.000000e+00
2051.307,0.000000e+00
2051.308,0.000000e+00
2051.309,0.000000e+00
2051.310,0.000000e+00
2051.311,0.000000e+00
2051.312,0.000000e+00
2051.313,0.000000e+00
2051.314,0.000000e+00
2051.315,0.000000e+00
2051.316,0.000000e+00
2051.317,0.000000e+00
2051.318,0.000000e+00
2051.319,0.000000e+00
2051.320,0.000000e+00
2051.321,0.000000e+00
2051.322,0.000000e+00
2051.323,0.000000e+00
2051.324,0.000000e+00
2051.325,0.000000e+00
2051.326,0.000000e+00
2051.327,0.000000e+00
2051.328,0.000000e+00
2051.329,0.000000e+00
2051.330,0.000000e+00
2051.331,0.000000e+00
2051.332,0.000000e+00
2051.333,0.000000e+00
2051.334,0.000000e+00
2051.335,0.000000e+00
2051.336,0.000000e+00
2051.337,0.000000e+00
2051.338,0.000000e+00
2051.339,0.000000e+00
2051.340,0.000000e+00
2051.341,0.000000e+00
2051.342,0.000000e+00
2051.343,0.000000e+00
2051.344,0.000000e+00
2051.345,0.000000e+00
2051.346,0.000000e+00
2051.347,0.000000e+00
2051.348,0.000000e+00
2051.349,0.000000e+00
2051.350,0.000000e+00
2051.351,0.000000e+00
2051.352,0.000000e+00
2051.353,0.000000e+00
2051.354,0.000000e+00
2051.355,0.000000e+00
2051.356,0.000000e+00
2051.357,0.000000e+00
2051.358,0.000000e+00
2051.359,0.000000e+00
2051.360,0.000000e+00
2051.361,0.000000e+00
2051.362,0.000000e+00
2051.363,0.000000e+00
2051.364,0.000000e+00
2051.365,0.000000e+00
2051.366,0.000000e+00
2051.367,0.000000e+00
2051.368,0.000000e+00
2051.369,0.000000e+00
2051.370,0.000000e+00
2051.371,0.000000e+00
2051.372,0.000000e+00
2051.373,0.000000e+00
2051.374,0.000000e+00
2051.375,0.000000e+00
2051.376,0.000000e+00
2051.377,0.000000e+00
2051.378,0.000000e+00
2051.379,0.000000e+00
2051.380,0.000000e+00
2051.381,0.000000e+00
2051.382,0.000000e+00
2051.383,0.000000e+00
2051.384,0.000000e+00
2051.385,0.000000e+00
2051.386,0.000000e+00
2051.387,0.000000e+00
2051.388,0.000000e+00
2051.389,0.000000e+00
2051.390,0.000000e+00
2051.391,0.000000e+00
2051.392,0.000000e+00
2051.393,0.000000e+00
2051.394,0.000000e+00
2051.395,0.000000e+00
2051.396,0.000000e+00
2051.397,0.000000e+00
2051.398,0.000000e+00
2051.399,0.000000e+00
2051.400,0.000000e+00
2051.401,0.000000e+00
2051.402,0.000000e+00
2051.403,0.000000e+00
2051.404,0.000000e+00
2051.405,0.000000e+00
2051.406,0.000000e+00
2051.407,0.000000e+00
2051.408,0.000000e+00
2051.409,0.000000e+00
2051.410,0.000000e+00
2051.411,0.000000e+00
2051.412,0.000000e+00
2051.413,0.000000e+00
2051.414,0.000000e+00
2051.415,0.000000e+00
2051.416,0.000000e+00
2051.417,0.000000e+00
2051.418,0.000000e+00
2051.419,0.000000e+00
2051.420,0.000000e+00
2051.421,0.000000e+00
2051.422,0.000000e+00
2051.423,0.000000e+00
2051.424,0.000000e+00
2051.425,0.000000e+00
2051.426,0.000000e+00
2051.427,0.000000e+00
2051.428,0.000000e+00
2051.429,0.000000e+00
2051.430,0.000000e+00
2051.431,0.000000e+00
2051.432,0.000000e+00
2051.433,0.000000e+00
2051.434,0.000000e+00
2051.435,0.000000e+00
2051.436,0.000000e+00
2051.437,0.000000e+00
2051.438,0.000000e+00
2051.439,0.000000e+00
2051.440,0.000000e+00
2051.441,0.000000e+00
2051.442,0.000000e+00
2051.443,0.000000e+00
2051.444,0.000000e+00
2051.445,0.000000e+00
2051.446,0.000000e+00
2051.447,0.000000e+00
2051.448,0.000000e+00
2051.449,0.000000e+00
2051.450,0.000000e+00
2051.451,0.000000e+00
2051.452,0.000000e+00
2051.453,0.000000e+00
2051.454,0.000000e+00
2051.455,0.000000e+00
2051.456,0.000000e+00
2051.457,0.000000e+00
2051.458,0.000000e+00
2051.459,0.000000e+00
2051.460,0.000000e+00
2051.461,0.000000e+00
2051.462,0.000000e+00
2051.463,0.000000e+00
2051.464,0.000000e+00
2051.465,0.000000e+00
2051.466,0.000000e+00
2051.467,0.000000e+00
2051.468,0.000000e+00
2051.469,0.000000e+00
2051.470,0.000000e+00
2051.471,0.000000e+00
2051.472,0.000000e+00
2051.473,0.000000e+00
2051.474,0.000000e+00
2051.475,0.000000e+00
2051.476,0.000000e+00
2051.477,0.000000e+00
2051.478,0.000000e+00
2051.479,0.000000e+00
2051.480,0.000000e+00
2051.481,0.000000e+00
2051.482,0.000000e+00
2051.483,0.000000e+00
2051.484,0.000000e+00
2051.485,0.000000e+00
2051.486,0.000000e+00
2051.487,0.000000e+00
2051.488,0.000000e+00
2051.489,0.000000e+00
2051.490,0.000000e+00
2051.491,0.000000e+00
2051.492,0.000000e+00
2051.493,0.000000e+00
2051.494,0.000000e+00
2051.495,0.000000e+00
2051.496,0.000000e+00
2051.497,0.000000e+00
2051.498,0.000000e+00
2051.499,0.000000e+00
2051.500,0.000000e+00
2051.501,0.000000e+00
2051.502,0.000000e+00
2051.503,0.000000e+00
2051.504,0.000000e+00
2051.505,0.000000e+00
2051.506,0.000000e+00
2051.507,0.000000e+00
2051.508,0.000000e+00
2051.509,0.000000e+00
2051.510,0.000000e+00
2051.511,0.000000e+00
2051.512,0.000000e+00
2051.513,0.000000e+00
2051.514,0.000000e+00
2051.515,0.000000e+00
2051.516,0.000000e+00
2051.517,0.000000e+00
2051.518,0.000000e+00
2051.519,0.000000e+00
2051.520,0.000000e+00
2051.521,0.000000e+00
2051.522,0.000000e+00
2051.523,0.000000e+00
2051.524,0.000000e+00
2051.525,0.000000e+00
2051.526,0.000000e+00
2051.527,0.000000e+00
2051.528,0.000000e+00
2051.529,0.000000e+00
2051.530,0.000000e+00
2051.531,0.000000e+00
2051.532,0.000000e+00
2051.533,0.000000e+00
2051.534,0.000000e+00
2051.535,0.000000e+00
2051.536,0.000000e+00
2051.537,0.000000e+00
2051.538,0.000000e+00
2051.539,0.000000e+00
2051.540,0.000000e+00
2051.541,0.000000e+00
2051.542,4.816949e-03
2051.543,4.854871e-03
2051.544,4.893183e-03
2051.545,4.931889e-03
2051.546,4.970994e-03
2051.547,5.010501e-03
2051.548,5.050415e-03
2051.549,5.090740e-03
2051.550,5.131482e-03
2051.551,5.172643e-03
2051.552,5.214230e-03
2051.553,5.256246e-03
2051.554,5.298696e-03
2051.555,5.341584e-03
2051.556,5.384916e-03
2051.557,5.428695e-03
2051.558,5.472927e-03
2051.559,5.517615e-03
2051.560,5.562765e-03
2051.561,5.608382e-03
2051.562,5.654470e-03
2051.563,5.701033e-03
2051.564,5.748077e-03
2051.565,5.795607e-03
2051.566,5.843626e-03
2051.567,5.892140e-03
2051.568,5.941154e-03
2051.569,5.990672e-03
2051.570,6.040699e-03
2051.571,6.091240e-03
2051.572,6.142300e-03
2051.573,6.193883e-03
2051.574,6.245994e-03
2051.575,6.298638e-03
2051.576,6.351819e-03
2051.577,6.405542e-03
2051.578,6.459813e-03
2051.579,6.514634e-03
2051.580,6.570012e-03
2051.581,6.625951e-03
2051.582,6.682454e-03
2051.583,6.739527e-03
2051.584,6.797174e-03
2051.585,6.855399e-03
2051.586,6.914206e-03
2051.587,6.973601e-03
2051.588,7.033586e-03
2051.589,7.094166e-03
2051.590,7.155345e-03
2051.591,7.217127e-03
2051.592,7.279516e-03
2051.593,7.342515e-03
2051.594,7.406128e-03
2051.595,7.470358e-03
2051.596,7.535209e-03
2051.597,7.600684e-03
2051.598,7.666786e-03
2051.599,7.733517e-03
2051.600,7.800882e-03
2051.601,7.868881e-03
2051.602,7.937518e-03
2051.603,8.006795e-03
2051.604,8.076714e-03
2051.605,8.147276e-03
2051.606,8.218484e-03
2051.607,8.290338e-03
2051.608,8.362840e-03
2051.609,8.435991e-03
2051.610,8.509791e-03
2051.611,8.584241e-03
2051.612,8.659340e-03
2051.613,8.735089e-03
2051.614,8.811486e-03
2051.615,8.888532e-03
2051.616,8.966224e-03
2051.617,9.044562e-03
2051.618,9.123543e-03
2051.619,9.203165e-03
2051.620,9.283425e-03
2051.621,9.364320e-03
2051.622,9.445847e-03
2051.623,9.528002e-03
2051.624,9.610779e-03
2051.625,9.694175e-03
2051.626,9.778183e-03
2051.627,9.862799e-03
2051.628,9.948014e-03
2051.629,1.003382e-02
2051.630,1.012022e-02
2051.631,1.020719e-02
2051.632,1.029473e-02
2051.633,1.038283e-02
2051.634,1.047148e-02
2051.635,1.056067e-02
2051.636,1.065038e-02
2051.637,1.074061e-02
2051.638,1.083135e-02
2051.639,1.092257e-02
2051.640,1.101426e-02
2051.641,1.110642e-02
2051.642,1.119902e-02
2051.643,1.129205e-02
2051.644,1.138549e-02
2051.645,1.147932e-02
2051.646,1.157352e-02
2051.647,1.166808e-02
2051.648,1.176297e-02
2051.649,1.185817e-02
2051.650,1.195365e-02
2051.651,1.204940e-02
2051.652,1.214540e-02
2051.653,1.224160e-02
2051.654,1.233800e-02
2051.655,1.243455e-02
2051.656,1.253124e-02
2051.657,1.262803e-02
2051.658,1.272490e-02
2051.659,1.282180e-02
2051.660,1.291872e-02
2051.661,1.301739e-02
2051.662,1.311424e-02
2051.663,1.321099e-02
2051.664,1.330762e-02
2051.665,1.340408e-02
2051.666,1.350034e-02
2051.667,1.359636e-02
2051.668,1.369209e-02
2051.669,1.378750e-02
2051.670,1.388254e-02
2051.671,1.397717e-02
2051.672,1.407135e-02
2051.673,1.416504e-02
2051.674,1.425818e-02
2051.675,1.435074e-02
2051.676,1.444266e-02
2051.677,1.453389e-02
2051.678,1.462440e-02
2051.679,1.471413e-02
2051.680,1.480303e-02
2051.681,1.489105e-02
2051.682,1.497814e-02
2051.683,1.506424e-02
2051.684,1.514932e-02
2051.685,1.523331e-02
2051.686,1.531617e-02
2051.687,1.539784e-02
2051.688,1.547827e-02
2051.689,1.555740e-02
2051.690,1.563519e-02
2051.691,1.571159e-02
2051.692,1.578653e-02
2051.693,1.585997e-02
2051.694,1.593185e-02
2051.695,1.600213e-02
2051.696,1.607075e-02
2051.697,1.613766e-02
2051.698,1.620282e-02
2051.699,1.626617e-02
2051.700,1.632767e-02
2051.701,1.638726e-02
2051.702,1.644490e-02
2051.703,1.650055e-02
2051.704,1.655416e-02
2051.705,1.660569e-02
2051.706,1.665509e-02
2051.707,1.670232e-02
2051.708,1.674735e-02
2051.709,1.679014e-02
2051.710,1.683065e-02
2051.711,1.686885e-02
2051.712,1.690470e-02
2051.713,1.693818e-02
2051.714,1.696925e-02
2051.715,1.699788e-02
2051.716,1.702406e-02
2051.717,1.704776e-02
2051.718,1.706896e-02
2051.719,1.708763e-02
2051.720,1.710377e-02
2051.721,1.711736e-02
2051.722,1.712838e-02
2051.723,1.713683e-02
2051.724,1.714270e-02
2051.725,1.714598e-02
2051.726,1.714667e-02
2051.727,1.714477e-02
2051.728,1.714029e-02
2051.729,1.713322e-02
2051.730,1.712357e-02
2051.731,1.711135e-02
2051.732,1.709657e-02
2051.733,1.707925e-02
2051.734,1.705940e-02
2051.735,1.703704e-02
2051.736,1.701218e-02
2051.737,1.698486e-02
2051.738,1.695509e-02
2051.739,1.692290e-02
2051.740,1.688832e-02
2051.741,1.685137e-02
2051.742,1.681210e-02
2051.743,1.677053e-02
2051.744,1.672670e-02
2051.745,1.668064e-02
2051.746,1.663240e-02
2051.747,1.658201e-02
2051.748,1.652952e-02
2051.749,1.647497e-02
2051.750,1.641840e-02
2051.751,1.635985e-02
2051.752,1.629938e-02
2051.753,1.623703e-02
2051.754,1.617285e-02
2051.755,1.610688e-02
2051.756,1.603918e-02
2051.757,1.596980e-02
2051.758,1.589879e-02
2051.759,1.582619e-02
2051.760,1.575207e-02
2051.761,1.567647e-02
2051.762,1.559944e-02
2051.763,1.552104e-02
2051.764,1.544132e-02
2051.765,1.536034e-02
2051.766,1.527814e-02
2051.767,1.519477e-02
2051.768,1.511030e-02
2051.769,1.502476e-02
2051.770,1.493822e-02
2051.771,1.485072e-02
2051.772,1.476232e-02
2051.773,1.467306e-02
2051.774,1.458300e-02
2051.775,1.449218e-02
2051.776,1.440066e-02
2051.777,1.430847e-02
2051.778,1.421568e-02
2051.779,1.412231e-02
2051.780,1.402843e-02
2051.781,1.393407e-02
2051.782,1.383929e-02
2051.783,1.374411e-02
2051.784,1.364859e-02
2051.785,1.355276e-02
2051.786,1.345667e-02
2051.787,1.336035e-02
2051.788,1.326385e-02
2051.789,1.316721e-02
2051.790,1.307045e-02
2051.791,1.297361e-02
2051.792,1.287674e-02
2051.793,1.277985e-02
2051.794,1.268299e-02
2051.795,1.258619e-02
2051.796,1.248948e-02
2051.797,1.239288e-02
2051.798,1.229643e-02
2051.799,1.220016e-02
2051.800,1.210408e-02
2051.801,1.200824e-02
2051.802,1.191264e-02
2051.803,1.181732e-02
2051.804,1.172230e-02
2051.805,1.162760e-02
2051.806,1.153324e-02
2051.807,1.143924e-02
2051.808,1.134562e-02
2051.809,1.125241e-02
2051.810,1.115961e-02
2051.811,1.106725e-02
2051.812,1.097534e-02
2051.813,1.088390e-02
2051.814,1.079294e-02
2051.815,1.070247e-02
2051.816,1.061251e-02
2051.817,1.052307e-02
2051.818,1.043417e-02
2051.819,1.034581e-02
2051.820,1.025800e-02
2051.821,1.017075e-02
2051.822,1.008408e-02
2051.823,9.997985e-03
2051.824,9.912482e-03
2051.825,9.827574e-03
2051.826,9.743269e-03
2051.827,9.659573e-03
2051.828,9.576492e-03
2051.829,9.494031e-03
2051.830,9.412194e-03
2051.831,9.330986e-03
2051.832,9.250410e-03
2051.833,9.170471e-03
2051.834,9.091170e-03
2051.835,9.012510e-03
2051.836,8.934494e-03
2051.837,8.857123e-03
2051.838,8.780399e-03
2051.839,8.704322e-03
2051.840,8.628894e-03
2051.841,8.554114e-03
2051.842,8.479984e-03
2051.843,8.406501e-03
2051.844,8.333667e-03
2051.845,8.261481e-03
2051.846,8.189940e-03
2051.847,8.119045e-03
2051.848,8.048793e-03
2051.849,7.979184e-03
2051.850,7.910214e-03
2051.851,7.841882e-03
2051.852,7.774186e-03
2051.853,7.707123e-03
2051.854,7.640691e-03
2051.855,7.574886e-03
2051.856,7.509705e-03
2051.857,7.445146e-03
2051.858,7.381206e-03
2051.859,7.317880e-03
2051.860,7.255166e-03
2051.861,7.193059e-03
2051.862,7.131557e-03
2051.863,7.070654e-03
2051.864,7.010348e-03
2051.865,6.950634e-03
2051.866,6.891509e-03
2051.867,6.832967e-03
2051.868,6.775005e-03
2051.869,6.717619e-03
2051.870,6.660803e-03
2051.871,6.604554e-03
2051.872,6.548868e-03
2051.873,6.493739e-03
2051.874,6.439164e-03
2051.875,6.385137e-03
2051.876,6.331654e-03
2051.877,6.278710e-03
2051.878,6.226301e-03
2051.879,6.174422e-03
2051.880,6.123068e-03
2051.881,6.072234e-03
2051.882,6.021917e-03
2051.883,5.972111e-03
2051.884,5.922810e-03
2051.885,5.874012e-03
2051.886,5.825710e-03
2051.887,5.777901e-03
2051.888,5.730578e-03
2051.889,5.683739e-03
2051.890,5.637377e-03
2051.891,5.591489e-03
2051.892,5.546068e-03
2051.893,5.501112e-03
2051.894,5.456615e-03
2051.895,5.412572e-03
2051.896,5.368979e-03
2051.897,5.325832e-03
2051.898,5.283125e-03
2051.899,5.240854e-03
2051.900,5.199014e-03
2051.901,5.157602e-03
2051.902,5.116612e-03
2051.903,5.076040e-03
2051.904,5.035882e-03
2051.905,4.996132e-03
2051.906,4.956788e-03
2051.907,4.917844e-03
2051.908,4.879297e-03
2051.909,4.841141e-03
2051.910,4.803373e-03
2051.911,4.667254e-06
2051.912,4.633551e-06
2051.913,4.599832e-06
2051.914,4.566110e-06
2051.915,4.532393e-06
2051.916,4.498694e-06
2051.917,4.465022e-06
2051.918,4.431387e-06
2051.919,4.397799e-06
2051.920,4.364267e-06
2051.921,4.330800e-06
2051.922,4.297407e-06
2051.923,4.264096e-06
2051.924,4.230875e-06
2051.925,4.197752e-06
2051.926,4.164734e-06
2051.927,4.131829e-06
2051.928,4.099044e-06
2051.929,4.066384e-06
2051.930,4.033857e-06
2051.931,4.001468e-06
2051.932,3.969224e-06
2051.933,3.937129e-06
2051.934,3.905190e-06
2051.935,3.873410e-06
2051.936,3.841795e-06
2051.937,3.810350e-06
2051.938,3.779078e-06
2051.939,3.747983e-06
2051.940,3.717070e-06
2051.941,3.686343e-06
2051.942,3.655803e-06
2051.943,3.625455e-06
2051.944,3.595302e-06
2051.945,3.565346e-06
2051.946,3.535591e-06
2051.947,3.506038e-06
2051.948,3.476689e-06
2051.949,3.447547e-06
2051.950,3.418614e-06
2051.951,3.389891e-06
2051.952,3.361380e-06
2051.953,3.333083e-06
2051.954,3.305000e-06
2051.955,3.277133e-06
2051.956,3.249483e-06
2051.957,3.222050e-06
2051.958,3.194836e-06
2051.959,3.167841e-06
2051.960,3.141065e-06
2051.961,3.114509e-06
2051.962,3.088173e-06
2051.963,3.062058e-06
2051.964,3.036163e-06
2051.965,3.010489e-06
2051.966,2.985034e-06
2051.967,2.959800e-06
2051.968,2.934786e-06
2051.969,2.909991e-06
2051.970,2.885414e-06
2051.971,2.861057e-06
2051.972,2.836917e-06
2051.973,2.812994e-06
2051.974,2.789288e-06
2051.975,2.765798e-06
2051.976,2.742522e-06
2051.977,2.719460e-06
2051.978,2.696611e-06
2051.979,2.673975e-06
2051.980,2.651549e-06
2051.981,2.629333e-06
2051.982,2.607326e-06
2051.983,2.585526e-06
2051.984,2.563933e-06
2051.985,2.542544e-06
2051.986,2.521360e-06
2051.987,2.500378e-06
2051.988,2.479598e-06
2051.989,2.459017e-06
2051.990,2.438635e-06
2051.991,2.418450e-06
2051.992,2.398460e-06
2051.993,2.378665e-06
2051.994,2.359062e-06
2051.995,2.339651e-06
2051.996,2.320429e-06
2051.997,2.301396e-06
2051.998,2.282550e-06
2051.999,2.263888e-06
2052.000,2.245411e-06
2052.001,2.227115e-06
2052.002,2.209000e-06
2052.003,2.191064e-06
2052.004,2.173306e-06
2052.005,7.319305e-06
2052.006,7.338065e-06
2052.007,7.357306e-06
2052.008,7.377028e-06
2052.009,7.397233e-06
2052.010,7.417922e-06
2052.011,7.439094e-06
2052.012,7.460750e-06
2052.013,7.482892e-06
2052.014,7.505520e-06
2052.015,7.528634e-06
2052.016,7.552236e-06
2052.017,7.576325e-06
2052.018,7.600902e-06
2052.019,7.625969e-06
2052.020,7.651525e-06
2052.021,7.677571e-06
2052.022,7.704107e-06
2052.023,7.731135e-06
2052.024,4.237968e-05
2052.025,4.265667e-05
2052.026,4.293637e-05
2052.027,4.321880e-05
2052.028,4.350399e-05
2052.029,4.379195e-05
2052.030,4.231395e-05
2052.031,4.262107e-05
2052.032,4.293087e-05
2052.033,4.324339e-05
2052.034,4.355864e-05
2052.035,4.387664e-05
2052.036,4.419742e-05
2052.037,4.452098e-05
2052.038,4.484736e-05
2052.039,4.517656e-05
2052.040,4.550862e-05
2052.041,4.584354e-05
2052.042,4.618135e-05
2052.043,4.652206e-05
2052.044,4.686569e-05
2052.045,4.721226e-05
2052.046,4.756179e-05
2052.047,4.791430e-05
2052.048,4.826980e-05
2052.049,4.862830e-05
2052.050,4.898983e-05
2052.051,4.935440e-05
2052.052,4.972202e-05
2052.053,5.009272e-05
2052.054,5.046649e-05
2052.055,5.084337e-05
2052.056,5.122336e-05
2052.057,5.160648e-05
2052.058,5.199273e-05
2052.059,5.238213e-05
2052.060,5.277469e-05
2052.061,5.317042e-05
2052.062,5.356934e-05
2052.063,5.397144e-05
2052.064,5.437675e-05
2052.065,5.478526e-05
2052.066,5.519698e-05
2052.067,5.561193e-05
2052.068,5.603010e-05
2052.069,5.645149e-05
2052.070,5.687613e-05
2052.071,5.730399e-05
2052.072,5.773510e-05
2052.073,5.816944e-05
2052.074,5.860701e-05
2052.075,5.904782e-05
2052.076,5.949187e-05
2052.077,5.993914e-05
2052.078,6.038963e-05
2052.079,6.084334e-05
2052.080,6.130025e-05
2052.081,6.176037e-05
2052.082,6.222367e-05
2052.083,6.269014e-05
2052.084,6.315978e-05
2052.085,6.363256e-05
2052.086,6.410847e-05
2052.087,6.458749e-05
2052.088,6.506959e-05
2052.089,6.555476e-05
2052.090,6.604298e-05
2052.091,6.653421e-05
2052.092,6.702843e-05
2052.093,6.752561e-05
2052.094,6.802571e-05
2052.095,6.852871e-05
2052.096,6.903456e-05
2052.097,6.954322e-05
2052.098,7.005467e-05
2052.099,7.056884e-05
2052.100,7.108571e-05
2052.101,7.160521e-05
2052.102,7.212731e-05
2052.103,7.265194e-05
2052.104,7.317904e-05
2052.105,7.370858e-05
2052.106,7.424047e-05
2052.107,7.477466e-05
2052.108,7.531108e-05
2052.109,7.584966e-05
2052.110,7.639033e-05
2052.111,7.693301e-05
2052.112,7.747763e-05
2052.113,7.802410e-05
2052.114,7.857234e-05
2052.115,7.912226e-05
2052.116,7.967376e-05
2052.117,8.022676e-05
2052.118,8.078116e-05
2052.119,8.133686e-05
2052.120,8.189374e-05
2052.121,8.245171e-05
2052.122,8.301065e-05
2052.123,8.357044e-05
2052.124,8.413098e-05
2052.125,8.469213e-05
2052.126,8.525377e-05
2052.127,8.581577e-05
2052.128,8.637801e-05
2052.129,8.694033e-05
2052.130,8.750261e-05
2052.131,8.806470e-05
2052.132,8.862645e-05
2052.133,8.918771e-05
2052.134,8.974833e-05
2052.135,9.030816e-05
2052.136,9.086701e-05
2052.137,9.142475e-05
2052.138,9.198119e-05
2052.139,9.253616e-05
2052.140,9.308949e-05
2052.141,9.364101e-05
2052.142,9.419052e-05
2052.143,9.473785e-05
2052.144,9.528280e-05
2052.145,9.582519e-05
2052.146,9.636482e-05
2052.147,9.690150e-05
2052.148,9.743502e-05
2052.149,9.796518e-05
2052.150,9.849179e-05
2052.151,9.901463e-05
2052.152,9.953349e-05
2052.153,1.000482e-04
2052.154,1.008694e-04
2052.155,1.013772e-04
2052.156,1.018801e-04
2052.157,1.023780e-04
2052.158,1.028706e-04
2052.159,1.033578e-04
2052.160,1.038393e-04
2052.161,1.043148e-04
2052.162,1.047842e-04
2052.163,1.052472e-04
2052.164,1.057037e-04
2052.165,1.061533e-04
2052.166,1.065959e-04
2052.167,1.070312e-04
2052.168,1.074591e-04
2052.169,1.078792e-04
2052.170,1.082915e-04
2052.171,1.086955e-04
2052.172,1.090913e-04
2052.173,1.094784e-04
2052.174,1.098568e-04
2052.175,1.102262e-04
2052.176,1.105864e-04
2052.177,1.109371e-04
2052.178,1.112783e-04
2052.179,1.116097e-04
2052.180,1.119311e-04
2052.181,1.122422e-04
2052.182,1.125431e-04
2052.183,1.128334e-04
2052.184,1.131129e-04
2052.185,1.133816e-04
2052.186,1.136392e-04
2052.187,1.138856e-04
2052.188,1.141206e-04
2052.189,1.143441e-04
2052.190,1.145560e-04
2052.191,1.147561e-04
2052.192,1.149442e-04
2052.193,1.342353e-04
2052.194,1.345497e-04
2052.195,1.348534e-04
2052.196,1.351463e-04
2052.197,1.354283e-04
2052.198,1.356994e-04
2052.199,1.359595e-04
2052.200,1.362086e-04
2052.201,1.364466e-04
2052.202,1.366735e-04
2052.203,1.368893e-04
2052.204,1.370939e-04
2052.205,1.372873e-04
2052.206,1.374696e-04
2052.207,1.376408e-04
2052.208,1.378008e-04
2052.209,1.379497e-04
2052.210,1.380876e-04
2052.211,1.382144e-04
2052.212,1.383303e-04
2052.213,1.384352e-04
2052.214,1.385294e-04
2052.215,1.386127e-04
2052.216,1.386854e-04
2052.217,1.387476e-04
2052.218,1.387992e-04
2052.219,1.388405e-04
2052.220,1.388716e-04
2052.221,1.388925e-04
2052.222,1.389034e-04
2052.223,1.389045e-04
2052.224,1.388960e-04
2052.225,1.388778e-04
2052.226,1.388503e-04
2052.227,1.388136e-04
2052.228,1.387678e-04
2052.229,1.387132e-04
2052.230,1.386499e-04
2052.231,1.385781e-04
2052.232,1.384980e-04
2052.233,1.384098e-04
2052.234,1.383137e-04
2052.235,1.382099e-04
2052.236,1.380987e-04
2052.237,1.379802e-04
2052.238,1.378547e-04
2052.239,1.377224e-04
2052.240,1.375835e-04
2052.241,1.374382e-04
2052.242,1.372868e-04
2052.243,1.371295e-04
2052.244,1.369665e-04
2052.245,1.367981e-04
2052.246,1.366245e-04
2052.247,1.364459e-04
2052.248,1.362626e-04
2052.249,1.360749e-04
2052.250,1.358828e-04
2052.251,1.356868e-04
2052.252,1.354870e-04
2052.253,1.352837e-04
2052.254,1.350770e-04
2052.255,1.348673e-04
2052.256,1.346547e-04
2052.257,1.344395e-04
2052.258,1.342219e-04
2052.259,1.340022e-04
2052.260,1.337805e-04
2052.261,1.335571e-04
2052.262,1.333322e-04
2052.263,1.331060e-04
2052.264,1.328787e-04
2052.265,1.326505e-04
2052.266,1.324216e-04
2052.267,1.321923e-04
2052.268,1.319627e-04
2052.269,1.317329e-04
2052.270,1.315033e-04
2052.271,1.312739e-04
2052.272,1.310450e-04
2052.273,1.308167e-04
2052.274,1.305891e-04
2052.275,1.303625e-04
2052.276,1.301370e-04
2052.277,1.299128e-04
2052.278,1.296899e-04
2052.279,1.294685e-04
2052.280,1.292489e-04
2052.281,1.290309e-04
2052.282,1.288150e-04
2052.283,1.286010e-04
2052.284,1.283891e-04
2052.285,1.281795e-04
2052.286,1.279722e-04
2052.287,1.277673e-04
2052.288,1.275650e-04
2052.289,1.273652e-04
2052.290,1.271680e-04
2052.291,1.269736e-04
2052.292,1.267819e-04
2052.293,1.265931e-04
2052.294,1.264071e-04
2052.295,1.262240e-04
2052.296,1.260439e-04
2052.297,1.258667e-04
2052.298,1.256924e-04
2052.299,1.255212e-04
2052.300,1.253529e-04
2052.301,1.251876e-04
2052.302,1.250253e-04
2052.303,1.248659e-04
2052.304,1.247095e-04
2052.305,1.245559e-04
2052.306,1.244052e-04
2052.307,1.242573e-04
2052.308,1.241122e-04
2052.309,1.239698e-04
2052.310,1.238300e-04
2052.311,1.236928e-04
2052.312,1.235580e-04
2052.313,1.234257e-04
2052.314,1.232957e-04
2052.315,1.231678e-04
2052.316,1.230421e-04
2052.317,1.229184e-04
2052.318,1.227966e-04
2052.319,1.226765e-04
2052.320,1.225580e-04
2052.321,1.224411e-04
2052.322,1.223255e-04
2052.323,1.222111e-04
2052.324,1.220978e-04
2052.325,1.219853e-04
2052.326,1.218737e-04
2052.327,1.217625e-04
2052.328,1.216518e-04
2052.329,1.215414e-04
2052.330,1.214310e-04
2052.331,1.213204e-04
2052.332,1.212096e-04
2052.333,1.210982e-04
2052.334,1.209861e-04
2052.335,1.208732e-04
2052.336,1.207591e-04
2052.337,1.206438e-04
2052.338,1.205269e-04
2052.339,1.204083e-04
2052.340,1.202879e-04
2052.341,1.201653e-04
2052.342,1.200403e-04
2052.343,1.199129e-04
2052.344,1.197827e-04
2052.345,1.196495e-04
2052.346,1.195131e-04
2052.347,1.193734e-04
2052.348,1.192301e-04
2052.349,1.190830e-04
2052.350,1.189319e-04
2052.351,1.187766e-04
2052.352,1.186169e-04
2052.353,1.184527e-04
2052.354,1.182836e-04
2052.355,1.181096e-04
2052.356,1.179304e-04
2052.357,1.177459e-04
2052.358,1.175558e-04
2052.359,1.173601e-04
2052.360,1.171585e-04
2052.361,1.169510e-04
2052.362,1.167372e-04
2052.363,1.165172e-04
2052.364,1.162907e-04
2052.365,1.160577e-04
2052.366,1.158179e-04
2052.367,1.155714e-04
2052.368,1.153179e-04
2052.369,1.150574e-04
2052.370,1.147897e-04
2052.371,1.145149e-04
2052.372,1.142327e-04
2052.373,1.139433e-04
2052.374,1.085448e-04
2052.375,1.082758e-04
2052.376,1.079989e-04
2052.377,1.077143e-04
2052.378,1.074218e-04
2052.379,1.071215e-04
2052.380,1.068133e-04
2052.381,1.064972e-04
2052.382,1.061733e-04
2052.383,1.058416e-04
2052.384,1.055021e-04
2052.385,1.051549e-04
2052.386,1.047999e-04
2052.387,1.044374e-04
2052.388,1.040673e-04
2052.389,1.036897e-04
2052.390,1.033048e-04
2052.391,1.030281e-04
2052.392,1.026295e-04
2052.393,1.022239e-04
2052.394,6.747348e-05
2052.395,6.729829e-05
2052.396,6.711422e-05
2052.397,6.692142e-05
2052.398,6.672005e-05
2052.399,6.651028e-05
2052.400,6.629228e-05
2052.401,6.606621e-05
2052.402,6.583227e-05
2052.403,6.559063e-05
2052.404,6.534149e-05
2052.405,6.508502e-05
2052.406,6.482144e-05
2052.407,6.455093e-05
2052.408,6.427370e-05
2052.409,6.398995e-05
2052.410,6.369988e-05
2052.411,6.340370e-05
2052.412,6.310162e-05
2052.413,6.279385e-05
2052.414,6.248059e-05
2052.415,6.216206e-05
2052.416,6.183846e-05
2052.417,6.151000e-05
2052.418,6.117690e-05
2052.419,6.083936e-05
2052.420,6.049759e-05
2052.421,6.015179e-05
2052.422,5.980217e-05
2052.423,5.944894e-05
2052.424,5.909229e-05
2052.425,5.873242e-05
2052.426,5.836953e-05
2052.427,5.800382e-05
2052.428,5.763547e-05
2052.429,5.726468e-05
2052.430,5.689162e-05
2052.431,5.651649e-05
2052.432,5.613947e-05
2052.433,5.576072e-05
2052.434,5.538042e-05
2052.435,5.617912e-05
2052.436,5.580389e-05
2052.437,5.542767e-05
2052.438,5.505061e-05
2052.439,5.467286e-05
2052.440,5.429459e-05
2052.441,5.391594e-05
2052.442,5.353705e-05
2052.443,5.315806e-05
2052.444,5.277911e-05
2052.445,5.240032e-05
2052.446,5.202183e-05
2052.447,5.164375e-05
2052.448,5.126622e-05
2052.449,5.088933e-05
2052.450,5.051321e-05
2052.451,5.013796e-05
2052.452,4.976369e-05
2052.453,4.939050e-05
2052.454,4.901847e-05
2052.455,4.864772e-05
2052.456,4.827832e-05
2052.457,4.791035e-05
2052.458,4.754391e-05
2052.459,4.717907e-05
2052.460,4.681591e-05
2052.461,4.645449e-05
2052.462,4.609488e-05
2052.463,4.573716e-05
2052.464,4.538138e-05
2052.465,4.502759e-05
2052.466,4.467586e-05
2052.467,4.432625e-05
2052.468,4.397879e-05
2052.469,4.363353e-05
2052.470,4.329052e-05
2052.471,4.294981e-05
2052.472,4.261142e-05
2052.473,4.227541e-05
2052.474,4.194179e-05
2052.475,4.161060e-05
2052.476,4.128187e-05
2052.477,4.095563e-05
2052.478,4.063191e-05
2052.479,4.031072e-05
2052.480,3.999208e-05
2052.481,3.967602e-05
2052.482,3.936255e-05
2052.483,3.905168e-05
2052.484,3.874344e-05
2052.485,3.843782e-05
2052.486,3.813484e-05
2052.487,3.783451e-05
2052.488,3.753684e-05
2052.489,3.724182e-05
2052.490,3.694946e-05
2052.491,3.665977e-05
2052.492,3.637275e-05
2052.493,3.608839e-05
2052.494,3.580669e-05
2052.495,3.552765e-05
2052.496,3.525127e-05
2052.497,3.497754e-05
2052.498,3.470645e-05
2052.499,3.443800e-05
2052.500,3.417219e-05
2052.501,3.390899e-05
2052.502,3.364840e-05
2052.503,3.339041e-05
2052.504,3.313501e-05
2052.505,3.288219e-05
2052.506,3.263193e-05
2052.507,3.238422e-05
2052.508,3.213905e-05
2052.509,3.189639e-05
2052.510,3.165625e-05
2052.511,3.141859e-05
2052.512,3.118340e-05
2052.513,3.095066e-05
2052.514,3.072037e-05
2052.515,3.049249e-05
2052.516,3.026702e-05
2052.517,3.004393e-05
2052.518,2.982320e-05
2052.519,2.960481e-05
2052.520,2.938875e-05
2052.521,2.917499e-05
2052.522,2.896352e-05
2052.523,2.844578e-05
2052.524,2.824087e-05
2052.525,2.803816e-05
2052.526,2.783763e-05
2052.527,2.763927e-05
2052.528,2.744304e-05
2052.529,2.724893e-05
2052.530,2.705692e-05
2052.531,2.686698e-05
2052.532,2.667909e-05
2052.533,2.649322e-05
2052.534,2.630936e-05
2052.535,2.612749e-05
2052.536,2.594757e-05
2052.537,2.576960e-05
2052.538,2.559353e-05
2052.539,2.541936e-05
2052.540,2.524706e-05
2052.541,2.507661e-05
2052.542,2.490797e-05
2052.543,2.474114e-05
2052.544,2.457609e-05
2052.545,2.441279e-05
2052.546,2.425122e-05
2052.547,2.409137e-05
2052.548,2.393320e-05
2052.549,2.377669e-05
2052.550,2.362182e-05
2052.551,2.346858e-05
2052.552,2.331693e-05
2052.553,2.316685e-05
2052.554,2.301833e-05
2052.555,2.287134e-05
2052.556,2.272586e-05
2052.557,2.258186e-05
2052.558,2.243932e-05
2052.559,2.229823e-05
2052.560,2.215856e-05
2052.561,2.202029e-05
2052.562,2.940963e-06
2052.563,2.952575e-06
2052.564,2.964030e-06
2052.565,2.975325e-06
2052.566,2.986455e-06
2052.567,2.997416e-06
2052.568,3.008203e-06
2052.569,3.018812e-06
2052.570,3.029240e-06
2052.571,3.039481e-06
2052.572,3.049533e-06
2052.573,3.059390e-06
2052.574,3.069050e-06
2052.575,3.078507e-06
2052.576,3.087759e-06
2052.577,3.096802e-06
2052.578,3.105631e-06
2052.579,3.114244e-06
2052.580,3.122637e-06
2052.581,3.130806e-06
2052.582,3.138748e-06
2052.583,3.146459e-06
2052.584,3.153937e-06
2052.585,3.161178e-06
2052.586,3.168180e-06
2052.587,3.174939e-06
2052.588,3.181453e-06
2052.589,3.187719e-06
2052.590,3.193734e-06
2052.591,3.199496e-06
2052.592,3.205003e-06
2052.593,3.210251e-06
2052.594,3.215240e-06
2052.595,3.219967e-06
2052.596,3.224430e-06
2052.597,3.228626e-06
2052.598,3.232556e-06
2052.599,3.236216e-06
2052.600,3.239606e-06
2052.601,3.242724e-06
2052.602,3.245570e-06
2052.603,3.248140e-06
2052.604,3.250436e-06
2052.605,3.252456e-06
2052.606,3.254200e-06
2052.607,3.255666e-06
2052.608,3.256854e-06
2052.609,3.257765e-06
2052.610,3.258398e-06
2052.611,3.258752e-06
2052.612,3.258828e-06
2052.613,3.258626e-06
2052.614,3.258147e-06
2052.615,3.257390e-06
2052.616,3.256357e-06
2052.617,3.255048e-06
2052.618,3.253464e-06
2052.619,3.251606e-06
2052.620,3.249475e-06
2052.621,3.247072e-06
2052.622,3.244398e-06
2052.623,3.241455e-06
2052.624,3.238245e-06
2052.625,3.234769e-06
2052.626,3.231029e-06
2052.627,3.227027e-06
2052.628,3.222764e-06
2052.629,3.218244e-06
2052.630,3.213467e-06
2052.631,3.208438e-06
2052.632,3.203157e-06
2052.633,3.197627e-06
2052.634,3.191852e-06
2052.635,3.185833e-06
2052.636,3.179575e-06
2052.637,3.173078e-06
2052.638,3.166347e-06
2052.639,3.159385e-06
2052.640,3.152194e-06
2052.641,3.144779e-06
2052.642,3.137142e-06
2052.643,3.129286e-06
2052.644,3.121215e-06
2052.645,3.112933e-06
2052.646,3.104443e-06
2052.647,3.095749e-06
2052.648,3.086855e-06
2052.649,3.077764e-06
2052.650,3.068479e-06
2052.651,3.059006e-06
2052.652,3.049347e-06
2052.653,3.039507e-06
2052.654,3.029489e-06
2052.655,3.019298e-06
2052.656,3.008938e-06
2052.657,2.998412e-06
2052.658,2.987725e-06
2052.659,2.976880e-06
2052.660,2.965882e-06
2052.661,2.954736e-06
2052.662,2.943444e-06
2052.663,2.932011e-06
2052.664,2.920442e-06
2052.665,2.908740e-06
2052.666,2.896910e-06
2052.667,2.884955e-06
2052.668,2.872880e-06
2052.669,2.860689e-06
2052.670,2.848385e-06
2052.671,2.835974e-06
2052.672,2.823459e-06
2052.673,2.810844e-06
2052.674,2.798133e-06
2052.675,2.785330e-06
2052.676,2.772439e-06
2052.677,2.759464e-06
2052.678,2.746408e-06
2052.679,2.733277e-06
2052.680,2.720073e-06
2052.681,2.706800e-06
2052.682,2.693462e-06
2052.683,2.680063e-06
2052.684,2.666607e-06
2052.685,2.653096e-06
2052.686,2.639535e-06
2052.687,2.625927e-06
2052.688,2.612275e-06
2052.689,2.598584e-06
2052.690,2.584855e-06
2052.691,2.571094e-06
2052.692,2.557302e-06
2052.693,2.543484e-06
2052.694,2.529641e-06
2052.695,2.515779e-06
2052.696,2.501898e-06
2052.697,2.488003e-06
2052.698,2.474097e-06
2052.699,2.460181e-06
2052.700,2.446260e-06
2052.701,2.432335e-06
2052.702,2.418410e-06
2052.703,2.404488e-06
2052.704,2.390570e-06
2052.705,2.376659e-06
2052.706,2.362758e-06
2052.707,2.348869e-06
2052.708,2.334995e-06
2052.709,2.321138e-06
2052.710,2.307300e-06
2052.711,2.293483e-06
2052.712,2.279689e-06
2052.713,2.265921e-06
2052.714,2.252181e-06
2052.715,2.238470e-06
2052.716,2.224790e-06
2052.717,2.211143e-06
2052.718,2.197531e-06
2052.719,2.183957e-06
2052.720,2.170420e-06
2052.721,2.156924e-06
2052.722,2.143469e-06
2052.723,2.130057e-06
2052.724,2.116690e-06
2052.725,2.103369e-06
2052.726,2.090095e-06
2052.727,2.076870e-06
2052.728,2.063696e-06
2052.729,2.050572e-06
2052.730,2.037501e-06
2052.731,2.024484e-06
2052.732,2.011521e-06
2052.733,1.998614e-06
2052.734,1.985764e-06
2052.735,1.972971e-06
2052.736,1.960237e-06
2052.737,1.947563e-06
2052.738,1.934949e-06
2052.739,1.922396e-06
2052.740,1.909905e-06
2052.741,1.897477e-06
2052.742,1.885112e-06
2052.743,1.872811e-06
2052.744,1.860575e-06
2052.745,1.848404e-06
2052.746,1.836298e-06
2052.747,1.824259e-06
2052.748,1.812287e-06
2052.749,1.800382e-06
2052.750,1.788544e-06
2052.751,1.776775e-06
2052.752,1.765074e-06
2052.753,1.753442e-06
2052.754,1.741878e-06
2052.755,1.730384e-06
2052.756,1.718960e-06
2052.757,1.707605e-06
2052.758,1.696320e-06
2052.759,1.685106e-06
2052.760,1.559432e-06
2052.761,1.549235e-06
2052.762,1.539100e-06
2052.763,1.529027e-06
2052.764,1.519017e-06
2052.765,1.509068e-06
2052.766,1.499182e-06
2052.767,1.489359e-06
2052.768,1.479598e-06
2052.769,1.469900e-06
2052.770,1.460265e-06
2052.771,1.450692e-06
2052.772,1.441182e-06
2052.773,1.431735e-06
2052.774,1.422350e-06
2052.775,1.413029e-06
2052.776,1.403770e-06
2052.777,1.394573e-06
2052.778,1.385439e-06
2052.779,1.376367e-06
2052.780,1.367358e-06
2052.781,1.358411e-06
2052.782,1.349525e-06
2052.783,1.340702e-06
2052.784,1.331940e-06
2052.785,1.323240e-06
2052.786,1.314601e-06
2052.787,1.306024e-06
2052.788,1.297507e-06
2052.789,1.289052e-06
2052.790,1.280657e-06
2052.791,1.272322e-06
2052.792,1.264047e-06
2052.793,1.255833e-06
2052.794,1.247678e-06
2052.795,1.239582e-06
2052.796,1.231546e-06
2052.797,1.223568e-06
2052.798,1.215649e-06
2052.799,1.207789e-06
2052.800,1.199986e-06
2052.801,1.192241e-06
2052.802,1.184554e-06
2052.803,1.176924e-06
2052.804,0.000000e+00
2052.805,0.000000e+00
2052.806,0.000000e+00
2052.807,0.000000e+00
2052.808,0.000000e+00
2052.809,0.000000e+00
2052.810,0.000000e+00
2052.811,0.000000e+00
2052.812,0.000000e+00
2052.813,0.000000e+00
2052.814,0.000000e+00
2052.815,0.000000e+00
2052.816,0.000000e+00
2052.817,0.000000e+00
2052.818,0.000000e+00
2052.819,0.000000e+00
2052.820,0.000000e+00
2052.821,0.000000e+00
2052.822,0.000000e+00
2052.823,0.000000e+00
2052.824,0.000000e+00
2052.825,0.000000e+00
2052.826,0.000000e+00
2052.827,0.000000e+00
2052.828,0.000000e+00
2052.829,0.000000e+00
2052.830,0.000000e+00
2052.831,0.000000e+00
2052.832,0.000000e+00
2052.833,0.000000e+00
2052.834,0.000000e+00
2052.835,0.000000e+00
2052.836,0.000000e+00
2052.837,0.000000e+00
2052.838,0.000000e+00
2052.839,0.000000e+00
2052.840,0.000000e+00
2052.841,0.000000e+00
2052.842,0.000000e+00
2052.843,0.000000e+00
2052.844,0.000000e+00
2052.845,0.000000e+00
2052.846,0.000000e+00
2052.847,0.000000e+00
2052.848,0.000000e+00
2052.849,0.000000e+00
2052.850,0.000000e+00
2052.851,0.000000e+00
2052.852,0.000000e+00
2052.853,0.000000e+00
2052.854,0.000000e+00
2052.855,0.000000e+00
2052.856,0.000000e+00
2052.857,0.000000e+00
2052.858,0.000000e+00
2052.859,0.000000e+00
2052.860,0.000000e+00
2052.861,0.000000e+00
2052.862,0.000000e+00
2052.863,0.000000e+00
2052.864,0.000000e+00
2052.865,0.000000e+00
2052.866,0.000000e+00
2052.867,0.000000e+00
2052.868,0.000000e+00
2052.869,0.000000e+00
2052.870,0.000000e+00
2052.871,0.000000e+00
2052.872,0.000000e+00
2052.873,0.000000e+00
2052.874,0.000000e+00
2052.875,0.000000e+00
2052.876,0.000000e+00
2052.877,0.000000e+00
2052.878,0.000000e+00
2052.879,0.000000e+00
2052.880,0.000000e+00
2052.881,0.000000e+00
2052.882,0.000000e+00
2052.883,0.000000e+00
2052.884,0.000000e+00
2052.885,0.000000e+00
2052.886,0.000000e+00
2052.887,0.000000e+00
2052.888,0.000000e+00
2052.889,0.000000e+00
2052.890,0.000000e+00
2052.891,0.000000e+00
2052.892,0.000000e+00
2052.893,0.000000e+00
2052.894,0.000000e+00
2052.895,0.000000e+00
2052.896,0.000000e+00
2052.897,0.000000e+00
2052.898,0.000000e+00
2052.899,0.000000e+00
2052.900,0.000000e+00
2052.901,0.000000e+00
2052.902,0.000000e+00
2052.903,0.000000e+00
2052.904,0.000000e+00
2052.905,0.000000e+00
2052.906,0.000000e+00
2052.907,0.000000e+00
2052.908,0.000000e+00
2052.909,0.000000e+00
2052.910,0.000000e+00
2052.911,0.000000e+00
2052.912,0.000000e+00
2052.913,0.000000e+00
2052.914,0.000000e+00
2052.915,0.000000e+00
2052.916,0.000000e+00
2052.917,0.000000e+00
2052.918,0.000000e+00
2052.919,0.000000e+00
2052.920,0.000000e+00
2052.921,0.000000e+00
2052.922,0.000000e+00
2052.923,0.000000e+00
2052.924,0.000000e+00
2052.925,0.000000e+00
2052.926,0.000000e+00
2052.927,0.000000e+00
2052.928,0.000000e+00
2052.929,0.000000e+00
2052.930,0.000000e+00
2052.931,0.000000e+00
2052.932,0.000000e+00
2052.933,0.000000e+00
2052.934,0.000000e+00
2052.935,0.000000e+00
2052.936,0.000000e+00
2052.937,0.000000e+00
2052.938,0.000000e+00
2052.939,0.000000e+00
2052.940,0.000000e+00
2052.941,0.000000e+00
2052.942,0.000000e+00
2052.943,0.000000e+00
2052.944,0.000000e+00
2052.945,0.000000e+00
2052.946,0.000000e+00
2052.947,0.000000e+00
2052.948,0.000000e+00
2052.949,0.000000e+00
2052.950,0.000000e+00
2052.951,0.000000e+00
2052.952,0.000000e+00
2052.953,0.000000e+00
2052.954,0.000000e+00
2052.955,0.000000e+00
2052.956,0.000000e+00
2052.957,0.000000e+00
2052.958,0.000000e+00
2052.959,0.000000e+00
2052.960,0.000000e+00
2052.961,0.000000e+00
2052.962,0.000000e+00
2052.963,0.000000e+00
2052.964,0.000000e+00
2052.965,0.000000e+00
2052.966,0.000000e+00
2052.967,0.000000e+00
2052.968,0.000000e+00
2052.969,0.000000e+00
2052.970,0.000000e+00
2052.971,0.000000e+00
2052.972,0.000000e+00
2052.973,0.000000e+00
2052.974,0.000000e+00
2052.975,0.000000e+00
2052.976,0.000000e+00
2052.977,0.000000e+00
2052.978,0.000000e+00
2052.979,0.000000e+00
2052.980,0.000000e+00
2052.981,0.000000e+00
2052.982,0.000000e+00
2052.983,0.000000e+00
2052.984,0.000000e+00
2052.985,0.000000e+00
2052.986,0.000000e+00
2052.987,0.000000e+00
2052.988,0.000000e+00
2052.989,0.000000e+00
2052.990,0.000000e+00
2052.991,0.000000e+00
2052.992,0.000000e+00
2052.993,0.000000e+00
2052.994,0.000000e+00
2052.995,0.000000e+00
2052.996,0.000000e+00
2052.997,0.000000e+00
2052.998,0.000000e+00
2052.999,0.000000e+00
2053.000,0.000000e+00
2053.001,0.000000e+00
2053.002,0.000000e+00
2053.003,0.000000e+00
2053.004,0.000000e+00
2053.005,0.000000e+00
2053.006,0.000000e+00
2053.007,0.000000e+00
2053.008,0.000000e+00
2053.009,0.000000e+00
2053.010,0.000000e+00
2053.011,0.000000e+00
2053.012,0.000000e+00
2053.013,0.000000e+00
2053.014,0.000000e+00
2053.015,0.000000e+00
2053.016,0.000000e+00
2053.017,0.000000e+00
2053.018,0.000000e+00
2053.019,0.000000e+00
2053.020,0.000000e+00
2053.021,0.000000e+00
2053.022,0.000000e+00
2053.023,0.000000e+00
2053.024,0.000000e+00
2053.025,0.000000e+00
2053.026,0.000000e+00
2053.027,0.000000e+00
2053.028,0.000000e+00
2053.029,0.000000e+00
2053.030,0.000000e+00
2053.031,0.000000e+00
2053.032,0.000000e+00
2053.033,0.000000e+00
2053.034,0.000000e+00
2053.035,0.000000e+00
2053.036,0.000000e+00
2053.037,0.000000e+00
2053.038,0.000000e+00
2053.039,0.000000e+00
2053.040,0.000000e+00
2053.041,0.000000e+00
2053.042,0.000000e+00
2053.043,0.000000e+00
2053.044,0.000000e+00
2053.045,0.000000e+00
2053.046,0.000000e+00
2053.047,0.000000e+00
2053.048,0.000000e+00
2053.049,0.000000e+00
2053.050,0.000000e+00
2053.051,0.000000e+00
2053.052,0.000000e+00
2053.053,0.000000e+00
2053.054,0.000000e+00
2053.055,0.000000e+00
2053.056,0.000000e+00
2053.057,0.000000e+00
2053.058,0.000000e+00
2053.059,0.000000e+00
2053.060,0.000000e+00
2053.061,0.000000e+00
2053.062,0.000000e+00
2053.063,0.000000e+00
2053.064,0.000000e+00
2053.065,0.000000e+00
2053.066,0.000000e+00
2053.067,0.000000e+00
2053.068,0.000000e+00
2053.069,0.000000e+00
2053.070,0.000000e+00
2053.071,0.000000e+00
2053.072,0.000000e+00
2053.073,0.000000e+00
2053.074,0.000000e+00
2053.075,0.000000e+00
2053.076,0.000000e+00
2053.077,0.000000e+00
2053.078,0.000000e+00
2053.079,0.000000e+00
2053.080,0.000000e+00
2053.081,0.000000e+00
2053.082,0.000000e+00
2053.083,0.000000e+00
2053.084,0.000000e+00
2053.085,0.000000e+00
2053.086,0.000000e+00
2053.087,0.000000e+00
2053.088,0.000000e+00
2053.089,0.000000e+00
2053.090,0.000000e+00
2053.091,0.000000e+00
2053.092,0.000000e+00
2053.093,0.000000e+00
2053.094,0.000000e+00
2053.095,0.000000e+00
2053.096,0.000000e+00
2053.097,0.000000e+00
2053.098,0.000000e+00
2053.099,0.000000e+00
2053.100,0.000000e+00
2053.101,0.000000e+00
2053.102,0.000000e+00
2053.103,0.000000e+00
2053.104,0.000000e+00
2053.105,0.000000e+00
2053.106,0.000000e+00
2053.107,0.000000e+00
2053.108,0.000000e+00
2053.109,0.000000e+00
2053.110,0.000000e+00
2053.111,0.000000e+00
2053.112,0.000000e+00
2053.113,0.000000e+00
2053.114,0.000000e+00
2053.115,0.000000e+00
2053.116,0.000000e+00
2053.117,0.000000e+00
2053.118,0.000000e+00
2053.119,0.000000e+00
2053.120,0.000000e+00
2053.121,0.000000e+00
2053.122,0.000000e+00
2053.123,0.000000e+00
2053.124,0.000000e+00
2053.125,0.000000e+00
2053.126,0.000000e+00
2053.127,0.000000e+00
2053.128,0.000000e+00
2053.129,0.000000e+00
2053.130,0.000000e+00
2053.131,0.000000e+00
2053.132,0.000000e+00
2053.133,0.000000e+00
2053.134,0.000000e+00
2053.135,0.000000e+00
2053.136,0.000000e+00
2053.137,0.000000e+00
2053.138,0.000000e+00
2053.139,0.000000e+00
2053.140,0.000000e+00
2053.141,0.000000e+00
2053.142,0.000000e+00
2053.143,0.000000e+00
2053.144,0.000000e+00
2053.145,0.000000e+00
2053.146,0.000000e+00
2053.147,0.000000e+00
2053.148,0.000000e+00
2053.149,0.000000e+00
2053.150,0.000000e+00
2053.151,0.000000e+00
2053.152,0.000000e+00
2053.153,0.000000e+00
2053.154,0.000000e+00
2053.155,0.000000e+00
2053.156,0.000000e+00
2053.157,0.000000e+00
2053.158,0.000000e+00
2053.159,0.000000e+00
2053.160,0.000000e+00
2053.161,0.000000e+00
2053.162,0.000000e+00
2053.163,0.000000e+00
2053.164,0.000000e+00
2053.165,0.000000e+00
2053.166,0.000000e+00
2053.167,0.000000e+00
2053.168,0.000000e+00
2053.169,0.000000e+00
2053.170,0.000000e+00
2053.171,0.000000e+00
2053.172,0.000000e+00
2053.173,0.000000e+00
2053.174,0.000000e+00
2053.175,0.000000e+00
2053.176,0.000000e+00
2053.177,0.000000e+00
2053.178,0.000000e+00
2053.179,0.000000e+00
2053.180,0.000000e+00
2053.181,0.000000e+00
2053.182,0.000000e+00
2053.183,0.000000e+00
2053.184,0.000000e+00
2053.185,0.000000e+00
2053.186,0.000000e+00
2053.187,0.000000e+00
2053.188,0.000000e+00
2053.189,0.000000e+00
2053.190,0.000000e+00
2053.191,0.000000e+00
2053.192,0.000000e+00
2053.193,0.000000e+00
2053.194,0.000000e+00
2053.195,0.000000e+00
2053.196,0.000000e+00
2053.197,0.000000e+00
2053.198,0.000000e+00
2053.199,0.000000e+00
2053.200,0.000000e+00
2053.201,0.000000e+00
2053.202,0.000000e+00
2053.203,0.000000e+00
2053.204,0.000000e+00
2053.205,0.000000e+00
2053.206,0.000000e+00
2053.207,0.000000e+00
2053.208,0.000000e+00
2053.209,0.000000e+00
2053.210,0.000000e+00
2053.211,0.000000e+00
2053.212,0.000000e+00
2053.213,0.000000e+00
2053.214,0.000000e+00
2053.215,0.000000e+00
2053.216,0.000000e+00
2053.217,0.000000e+00
2053.218,0.000000e+00
2053.219,0.000000e+00
2053.220,0.000000e+00
2053.221,0.000000e+00
2053.222,0.000000e+00
2053.223,0.000000e+00
2053.224,0.000000e+00
2053.225,0.000000e+00
2053.226,0.000000e+00
2053.227,0.000000e+00
2053.228,0.000000e+00
2053.229,0.000000e+00
2053.230,0.000000e+00
2053.231,0.000000e+00
2053.232,0.000000e+00
2053.233,0.000000e+00
2053.234,0.000000e+00
2053.235,0.000000e+00
2053.236,0.000000e+00
2053.237,0.000000e+00
2053.238,0.000000e+00
2053.239,0.000000e+00
2053.240,0.000000e+00
2053.241,0.000000e+00
2053.242,0.000000e+00
2053.243,0.000000e+00
2053.244,0.000000e+00
2053.245,0.000000e+00
2053.246,0.000000e+00
2053.247,0.000000e+00
2053.248,0.000000e+00
2053.249,0.000000e+00
2053.250,0.000000e+00
2053.251,0.000000e+00
2053.252,0.000000e+00
2053.253,0.000000e+00
2053.254,0.000000e+00
2053.255,0.000000e+00
2053.256,0.000000e+00
2053.257,0.000000e+00
2053.258,0.000000e+00
2053.259,0.000000e+00
2053.260,0.000000e+00
2053.261,0.000000e+00
2053.262,0.000000e+00
2053.263,0.000000e+00
2053.264,0.000000e+00
2053.265,0.000000e+00
2053.266,0.000000e+00
2053.267,0.000000e+00
2053.268,0.000000e+00
2053.269,0.000000e+00
2053.270,0.000000e+00
2053.271,0.000000e+00
2053.272,0.000000e+00
2053.273,0.000000e+00
2053.274,0.000000e+00
2053.275,0.000000e+00
2053.276,0.000000e+00
2053.277,0.000000e+00
2053.278,0.000000e+00
2053.279,0.000000e+00
2053.280,0.000000e+00
2053.281,0.000000e+00
2053.282,0.000000e+00
2053.283,0.000000e+00
2053.284,0.000000e+00
2053.285,0.000000e+00
2053.286,0.000000e+00
2053.287,0.000000e+00
2053.288,0.000000e+00
2053.289,0.000000e+00
2053.290,0.000000e+00
2053.291,0.000000e+00
2053.292,0.000000e+00
2053.293,0.000000e+00
2053.294,0.000000e+00
2053.295,0.000000e+00
2053.296,0.000000e+00
2053.297,0.000000e+00
2053.298,0.000000e+00
2053.299,0.000000e+00
2053.300,0.000000e+00
2053.301,0.000000e+00
2053.302,0.000000e+00
2053.303,0.000000e+00
2053.304,0.000000e+00
2053.305,0.000000e+00
2053.306,0.000000e+00
2053.307,0.000000e+00
2053.308,0.000000e+00
2053.309,0.000000e+00
2053.310,0.000000e+00
2053.311,0.000000e+00
2053.312,0.000000e+00
2053.313,0.000000e+00
2053.314,0.000000e+00
2053.315,0.000000e+00
2053.316,0.000000e+00
2053.317,0.000000e+00
2053.318,0.000000e+00
2053.319,0.000000e+00
2053.320,0.000000e+00
2053.321,0.000000e+00
2053.322,0.000000e+00
2053.323,0.000000e+00
2053.324,0.000000e+00
2053.325,0.000000e+00
2053.326,0.000000e+00
2053.327,0.000000e+00
2053.328,0.000000e+00
2053.329,0.000000e+00
2053.330,0.000000e+00
2053.331,0.000000e+00
2053.332,0.000000e+00
2053.333,0.000000e+00
2053.334,0.000000e+00
2053.335,0.000000e+00
2053.336,0.000000e+00
2053.337,0.000000e+00
2053.338,0.000000e+00
2053.339,0.000000e+00
2053.340,0.000000e+00
2053.341,0.000000e+00
2053.342,0.000000e+00
2053.343,0.000000e+00
2053.344,0.000000e+00
2053.345,0.000000e+00
2053.346,0.000000e+00
2053.347,0.000000e+00
2053.348,0.000000e+00
2053.349,0.000000e+00
2053.350,0.000000e+00
2053.351,0.000000e+00
2053.352,0.000000e+00
2053.353,0.000000e+00
2053.354,0.000000e+00
2053.355,0.000000e+00
2053.356,0.000000e+00
2053.357,0.000000e+00
2053.358,0.000000e+00
2053.359,0.000000e+00
2053.360,0.000000e+00
2053.361,0.000000e+00
2053.362,0.000000e+00
2053.363,0.000000e+00
2053.364,0.000000e+00
2053.365,0.000000e+00
2053.366,0.000000e+00
2053.367,0.000000e+00
2053.368,0.000000e+00
2053.369,0.000000e+00
2053.370,0.000000e+00
2053.371,0.000000e+00
2053.372,0.000000e+00
2053.373,0.000000e+00
2053.374,0.000000e+00
2053.375,0.000000e+00
2053.376,0.000000e+00
2053.377,0.000000e+00
2053.378,0.000000e+00
2053.379,0.000000e+00
2053.380,0.000000e+00
2053.381,0.000000e+00
2053.382,0.000000e+00
2053.383,0.000000e+00
2053.384,0.000000e+00
2053.385,0.000000e+00
2053.386,0.000000e+00
2053.387,0.000000e+00
2053.388,0.000000e+00
2053.389,0.000000e+00
2053.390,0.000000e+00
2053.391,0.000000e+00
2053.392,0.000000e+00
2053.393,0.000000e+00
2053.394,0.000000e+00
2053.395,0.000000e+00
2053.396,0.000000e+00
2053.397,0.000000e+00
2053.398,0.000000e+00
2053.399,0.000000e+00
2053.400,0.000000e+00
2053.401,0.000000e+00
2053.402,0.000000e+00
2053.403,0.000000e+00
2053.404,0.000000e+00
2053.405,0.000000e+00
2053.406,0.000000e+00
2053.407,0.000000e+00
2053.408,5.495590e-08
2053.409,5.532643e-08
2053.410,5.569993e-08
2053.411,5.607642e-08
2053.412,5.645592e-08
2053.413,5.683843e-08
2053.414,5.722399e-08
2053.415,5.761261e-08
2053.416,5.800431e-08
2053.417,5.839910e-08
2053.418,5.879700e-08
2053.419,5.919804e-08
2053.420,5.960222e-08
2053.421,6.000956e-08
2053.422,6.042009e-08
2053.423,6.083381e-08
2053.424,6.125074e-08
2053.425,6.167089e-08
2053.426,6.209429e-08
2053.427,6.252094e-08
2053.428,6.295086e-08
2053.429,6.338407e-08
2053.430,6.382057e-08
2053.431,6.426038e-08
2053.432,6.470350e-08
2053.433,6.514997e-08
2053.434,6.559977e-08
2053.435,6.605293e-08
2053.436,6.650945e-08
2053.437,6.696934e-08
2053.438,6.743262e-08
2053.439,6.789928e-08
2053.440,6.836934e-08
2053.441,6.884281e-08
2053.442,6.931968e-08
2053.443,6.979997e-08
2053.444,7.028367e-08
2053.445,7.077080e-08
2053.446,7.126135e-08
2053.447,7.175532e-08
2053.448,7.225272e-08
2053.449,7.275355e-08
2053.450,7.325780e-08
2053.451,7.376546e-08
2053.452,7.427655e-08
2053.453,7.479105e-08
2053.454,7.530896e-08
2053.455,7.583026e-08
2053.456,7.635496e-08
2053.457,7.688304e-08
2053.458,7.741449e-08
2053.459,7.794930e-08
2053.460,7.848746e-08
2053.461,7.902894e-08
2053.462,7.957374e-08
2053.463,8.012184e-08
2053.464,8.067321e-08
2053.465,8.122784e-08
2053.466,8.178570e-08
2053.467,8.234676e-08
2053.468,8.291101e-08
2053.469,8.347841e-08
2053.470,8.404894e-08
2053.471,8.462255e-08
2053.472,8.519923e-08
2053.473,8.577892e-08
2053.474,8.636160e-08
2053.475,8.694723e-08
2053.476,8.753575e-08
2053.477,8.812714e-08
2053.478,8.872134e-08
2053.479,8.931830e-08
2053.480,8.991798e-08
2053.481,9.052032e-08
2053.482,9.112526e-08
2053.483,9.173275e-08
2053.484,9.234272e-08
2053.485,9.295512e-08
2053.486,9.356987e-08
2053.487,9.418691e-08
2053.488,9.480617e-08
2053.489,9.542758e-08
2053.490,9.605105e-08
2053.491,9.667651e-08
2053.492,9.730388e-08
2053.493,9.793307e-08
2053.494,9.856399e-08
2053.495,9.919655e-08
2053.496,9.983067e-08
2053.497,1.004662e-07
2053.498,1.011031e-07
2053.499,1.017413e-07
2053.500,1.023806e-07
2053.501,1.030210e-07
2053.502,1.036622e-07
2053.503,1.043043e-07
2053.504,1.049470e-07
2053.505,1.055903e-07
2053.506,1.062341e-07
2053.507,1.068781e-07
2053.508,1.075223e-07
2053.509,1.081666e-07
2053.510,1.088108e-07
2053.511,1.094547e-07
2053.512,1.100983e-07
2053.513,1.107413e-07
2053.514,1.113836e-07
2053.515,1.120251e-07
2053.516,1.126655e-07
2053.517,1.133049e-07
2053.518,1.139428e-07
2053.519,1.145793e-07
2053.520,1.152142e-07
2053.521,1.158472e-07
2053.522,1.164781e-07
2053.523,1.171069e-07
2053.524,1.177333e-07
2053.525,1.183571e-07
2053.526,1.189782e-07
2053.527,1.195963e-07
2053.528,1.202113e-07
2053.529,1.208230e-07
2053.530,1.214311e-07
2053.531,1.220355e-07
2053.532,1.226360e-07
2053.533,1.232323e-07
2053.534,1.238242e-07
2053.535,1.244116e-07
2053.536,1.249943e-07
2053.537,1.255719e-07
2053.538,1.261443e-07
2053.539,1.267114e-07
2053.540,1.272728e-07
2053.541,1.278283e-07
2053.542,1.283778e-07
2053.543,1.289210e-07
2053.544,1.294577e-07
2053.545,1.299877e-07
2053.546,1.305107e-07
2053.547,1.310266e-07
2053.548,1.315351e-07
2053.549,1.320359e-07
2053.550,1.325290e-07
2053.551,1.330140e-07
2053.552,1.334908e-07
2053.553,1.339591e-07
2053.554,1.344187e-07
2053.555,1.348693e-07
2053.556,1.353109e-07
2053.557,1.357432e-07
2053.558,1.361659e-07
2053.559,1.365790e-07
2053.560,1.369820e-07
2053.561,1.373750e-07
2053.562,1.377576e-07
2053.563,1.381297e-07
2053.564,1.384912e-07
2053.565,1.388417e-07
2053.566,1.391812e-07
2053.567,1.395094e-07
2053.568,1.398262e-07
2053.569,1.401315e-07
2053.570,1.404250e-07
2053.571,1.407066e-07
2053.572,1.409762e-07
2053.573,1.412336e-07
2053.574,1.414786e-07
2053.575,1.417112e-07
2053.576,1.419313e-07
2053.577,1.421386e-07
2053.578,1.423331e-07
2053.579,1.425146e-07
2053.580,1.426832e-07
2053.581,1.428386e-07
2053.582,1.429808e-07
2053.583,1.431097e-07
2053.584,1.432253e-07
2053.585,1.433274e-07
2053.586,1.434161e-07
2053.587,1.434912e-07
2053.588,1.435527e-07
2053.589,1.436006e-07
2053.590,1.436349e-07
2053.591,1.436556e-07
2053.592,1.436625e-07
2053.593,1.436558e-07
2053.594,1.436354e-07
2053.595,1.436014e-07
2053.596,1.435537e-07
2053.597,1.434924e-07
2053.598,1.434175e-07
2053.599,1.433291e-07
2053.600,1.432272e-07
2053.601,1.431119e-07
2053.602,1.429832e-07
2053.603,1.428412e-07
2053.604,1.426860e-07
2053.605,1.425177e-07
2053.606,1.423364e-07
2053.607,1.421421e-07
2053.608,1.419350e-07
2053.609,1.417152e-07
2053.610,1.414829e-07
2053.611,1.412380e-07
2053.612,1.409808e-07
2053.613,1.407115e-07
2053.614,1.404301e-07
2053.615,1.401368e-07
2053.616,1.398317e-07
2053.617,1.395151e-07
2053.618,1.391871e-07
2053.619,1.388478e-07
2053.620,1.384975e-07
2053.621,1.381362e-07
2053.622,1.377643e-07
2053.623,1.373819e-07
2053.624,1.369891e-07
2053.625,1.365862e-07
2053.626,1.361734e-07
2053.627,1.357508e-07
2053.628,1.353187e-07
2053.629,1.348773e-07
2053.630,1.344267e-07
2053.631,1.339673e-07
2053.632,1.334992e-07
2053.633,1.330225e-07
2053.634,1.325377e-07
2053.635,1.320448e-07
2053.636,1.315440e-07
2053.637,1.310357e-07
2053.638,1.305199e-07
2053.639,1.299970e-07
2053.640,1.294672e-07
2053.641,1.289306e-07
2053.642,1.283875e-07
2053.643,1.278381e-07
2053.644,1.272827e-07
2053.645,1.267214e-07
2053.646,1.261544e-07
2053.647,1.255821e-07
2053.648,1.250045e-07
2053.649,1.244220e-07
2053.650,1.238347e-07
2053.651,1.232428e-07
2053.652,1.226466e-07
2053.653,1.220462e-07
2053.654,1.214419e-07
2053.655,1.208338e-07
2053.656,1.202222e-07
2053.657,1.196073e-07
2053.658,1.189892e-07
2053.659,1.183682e-07
2053.660,1.177444e-07
2053.661,1.171180e-07
2053.662,1.164893e-07
2053.663,1.158584e-07
2053.664,1.152254e-07
2053.665,1.145906e-07
2053.666,1.139541e-07
2053.667,1.133162e-07
2053.668,1.126769e-07
2053.669,1.120364e-07
2053.670,1.113950e-07
2053.671,1.107527e-07
2053.672,1.101097e-07
2053.673,5.639342e-04
2053.674,5.683375e-04
2053.675,5.727855e-04
2053.676,5.772790e-04
2053.677,5.818182e-04
2053.678,5.864037e-04
2053.679,5.910360e-04
2053.680,5.957157e-04
2053.681,6.004431e-04
2053.682,6.052189e-04
2053.683,6.100435e-04
2053.684,6.149174e-04
2053.685,6.198412e-04
2053.686,6.248154e-04
2053.687,6.298404e-04
2053.688,6.349169e-04
2053.689,6.400453e-04
2053.690,6.452262e-04
2053.691,6.504600e-04
2053.692,6.557474e-04
2053.693,6.610889e-04
2053.694,6.664849e-04
2053.695,6.719361e-04
2053.696,6.774430e-04
2053.697,6.830060e-04
2053.698,6.886258e-04
2053.699,6.943029e-04
2053.700,7.000378e-04
2053.701,7.058311e-04
2053.702,7.116832e-04
2053.703,7.175948e-04
2053.704,7.235663e-04
2053.705,7.295984e-04
2053.706,7.356914e-04
2053.707,7.418461e-04
2053.708,7.480628e-04
2053.709,7.543421e-04
2053.710,7.606845e-04
2053.711,7.670906e-04
2053.712,7.735608e-04
2053.713,7.800957e-04
2053.714,7.866957e-04
2053.715,7.933614e-04
2053.716,8.000932e-04
2053.717,8.068916e-04
2053.718,8.137572e-04
2053.719,8.206903e-04
2053.720,8.276913e-04
2053.721,8.347609e-04
2053.722,8.418993e-04
2053.723,8.491071e-04
2053.724,8.563846e-04
2053.725,8.637322e-04
2053.726,8.711503e-04
2053.727,8.786393e-04
2053.728,8.861996e-04
2053.729,8.938314e-04
2053.730,9.015351e-04
2053.731,9.093110e-04
2053.732,9.171595e-04
2053.733,9.250806e-04
2053.734,9.330748e-04
2053.735,9.411422e-04
2053.736,9.492831e-04
2053.737,9.574975e-04
2053.738,9.657857e-04
2053.739,9.741477e-04
2053.740,9.825838e-04
2053.741,9.910938e-04
2053.742,9.996779e-04
2053.743,1.008336e-03
2053.744,1.017068e-03
2053.745,1.025874e-03
2053.746,1.034754e-03
2053.747,1.043708e-03
2053.748,1.052735e-03
2053.749,1.061836e-03
2053.750,1.071010e-03
2053.751,1.080256e-03
2053.752,1.089575e-03
2053.753,1.098965e-03
2053.754,1.108428e-03
2053.755,1.117961e-03
2053.756,1.127564e-03
2053.757,1.137238e-03
2053.758,1.146981e-03
2053.759,1.156792e-03
2053.760,1.166670e-03
2053.761,1.176616e-03
2053.762,1.186732e-03
2053.763,1.196809e-03
2053.764,1.206950e-03
2053.765,1.217153e-03
2053.766,1.227418e-03
2053.767,1.237743e-03
2053.768,1.248127e-03
2053.769,1.258569e-03
2053.770,1.269066e-03
2053.771,1.279617e-03
2053.772,1.290222e-03
2053.773,1.300877e-03
2053.774,1.311581e-03
2053.775,1.322332e-03
2053.776,1.333128e-03
2053.777,1.343912e-03
2053.778,1.354792e-03
2053.779,1.365710e-03
2053.780,1.376664e-03
2053.781,1.387652e-03
2053.782,1.398670e-03
2053.783,1.409716e-03
2053.784,1.420788e-03
2053.785,1.431881e-03
2053.786,1.442994e-03
2053.787,1.454123e-03
2053.788,1.465264e-03
2053.789,1.476415e-03
2053.790,1.487571e-03
2053.791,1.498730e-03
2053.792,1.509887e-03
2053.793,1.521039e-03
2053.794,1.532182e-03
2053.795,1.543311e-03
2053.796,1.554423e-03
2053.797,1.565514e-03
2053.798,1.576578e-03
2053.799,1.587612e-03
2053.800,1.598610e-03
2053.801,1.610002e-03
2053.802,1.620919e-03
2053.803,1.631786e-03
2053.804,1.642599e-03
2053.805,1.653353e-03
2053.806,1.664042e-03
2053.807,1.674661e-03
2053.808,1.685205e-03
2053.809,1.695668e-03
2053.810,1.706045e-03
2053.811,1.716330e-03
2053.812,1.726518e-03
2053.813,1.736603e-03
2053.814,1.746579e-03
2053.815,1.756441e-03
2053.816,1.766182e-03
2053.817,1.775797e-03
2053.818,1.785280e-03
2053.819,1.794626e-03
2053.820,1.803827e-03
2053.821,1.812878e-03
2053.822,1.821773e-03
2053.823,1.830507e-03
2053.824,1.839074e-03
2053.825,1.847466e-03
2053.826,1.855680e-03
2053.827,1.863708e-03
2053.828,1.871546e-03
2053.829,1.879187e-03
2053.830,1.886625e-03
2053.831,1.893857e-03
2053.832,1.900875e-03
2053.833,1.907674e-03
2053.834,1.914250e-03
2053.835,1.920597e-03
2053.836,1.926711e-03
2053.837,1.932585e-03
2053.838,1.938217e-03
2053.839,1.943600e-03
2053.840,1.948731e-03
2053.841,1.953606e-03
2053.842,1.958220e-03
2053.843,1.962569e-03
2053.844,1.966651e-03
2053.845,1.970461e-03
2053.846,1.973996e-03
2053.847,1.977253e-03
2053.848,1.980230e-03
2053.849,1.982924e-03
2053.850,1.985332e-03
2053.851,1.987453e-03
2053.852,1.989284e-03
2053.853,1.990824e-03
2053.854,1.992072e-03
2053.855,1.993026e-03
2053.856,1.993686e-03
2053.857,1.994051e-03
2053.858,1.994121e-03
2053.859,1.993896e-03
2053.860,1.993375e-03
2053.861,1.992560e-03
2053.862,1.991451e-03
2053.863,1.990049e-03
2053.864,1.988356e-03
2053.865,1.986372e-03
2053.866,1.984100e-03
2053.867,1.981541e-03
2053.868,1.978699e-03
2053.869,1.975574e-03
2053.870,1.972171e-03
2053.871,1.968491e-03
2053.872,2.062070e-03
2053.873,2.058604e-03
2053.874,2.054879e-03
2053.875,2.050899e-03
2053.876,2.046669e-03
2053.877,2.042193e-03
2053.878,2.037475e-03
2053.879,2.032519e-03
2053.880,2.027330e-03
2053.881,2.021914e-03
2053.882,2.016275e-03
2053.883,2.010419e-03
2053.884,2.004350e-03
2053.885,1.998074e-03
2053.886,1.991597e-03
2053.887,1.984924e-03
2053.888,1.978060e-03
2053.889,1.971012e-03
2053.890,1.963786e-03
2053.891,1.956386e-03
2053.892,1.948820e-03
2053.893,1.941092e-03
2053.894,1.933210e-03
2053.895,1.925178e-03
2053.896,1.917003e-03
2053.897,1.908692e-03
2053.898,1.900249e-03
2053.899,1.891682e-03
2053.900,1.882995e-03
2053.901,1.874196e-03
2053.902,1.865289e-03
2053.903,1.856281e-03
2053.904,1.847178e-03
2053.905,1.837985e-03
2053.906,1.828708e-03
2053.907,1.819353e-03
2053.908,1.809925e-03
2053.909,1.800430e-03
2053.910,1.790874e-03
2053.911,1.781261e-03
2053.912,1.771597e-03
2053.913,1.761887e-03
2053.914,1.752137e-03
2053.915,1.742351e-03
2053.916,1.732534e-03
2053.917,1.722691e-03
2053.918,1.712827e-03
2053.919,1.702946e-03
2053.920,1.693052e-03
2053.921,1.683151e-03
2053.922,1.673246e-03
2053.923,1.663342e-03
2053.924,1.653442e-03
2053.925,1.643551e-03
2053.926,1.633671e-03
2053.927,1.623808e-03
2053.928,1.613965e-03
2053.929,1.604144e-03
2053.930,1.594350e-03
2053.931,1.584586e-03
2053.932,1.574854e-03
2053.933,1.565159e-03
2053.934,1.555501e-03
2053.935,1.545886e-03
2053.936,1.536315e-03
2053.937,1.526790e-03
2053.938,1.517315e-03
2053.939,1.507891e-03
2053.940,1.498522e-03
2053.941,1.489208e-03
2053.942,1.479953e-03
2053.943,1.470757e-03
2053.944,1.461624e-03
2053.945,1.452555e-03
2053.946,1.443550e-03
2053.947,1.434613e-03
2053.948,1.425745e-03
2053.949,1.416946e-03
2053.950,1.408219e-03
2053.951,1.399565e-03
2053.952,1.390983e-03
2053.953,1.382477e-03
2053.954,1.374046e-03
2053.955,1.365692e-03
2053.956,1.357416e-03
2053.957,1.349217e-03
2053.958,1.341098e-03
2053.959,1.333058e-03
2053.960,1.325098e-03
2053.961,1.317218e-03
2053.962,1.309420e-03
2053.963,1.301703e-03
2053.964,1.294067e-03
2053.965,1.286513e-03
2053.966,1.279040e-03
2053.967,1.271650e-03
2053.968,1.264342e-03
2053.969,1.257116e-03
2053.970,1.249971e-03
2053.971,1.242909e-03
2053.972,1.235928e-03
2053.973,1.229028e-03
2053.974,1.222209e-03
2053.975,1.215471e-03
2053.976,1.208813e-03
2053.977,1.202235e-03
2053.978,1.195737e-03
2053.979,1.189317e-03
2053.980,1.182976e-03
2053.981,1.176712e-03
2053.982,1.170525e-03
2053.983,1.164415e-03
2053.984,1.158380e-03
2053.985,1.152420e-03
2053.986,1.146534e-03
2053.987,1.140721e-03
2053.988,1.134980e-03
2053.989,1.129310e-03
2053.990,1.123711e-03
2053.991,1.118182e-03
2053.992,1.112720e-03
2053.993,1.107326e-03
2053.994,1.101999e-03
2053.995,1.096736e-03
2053.996,1.091537e-03
2053.997,1.086401e-03
2053.998,1.081327e-03
2053.999,1.076313e-03
2054.000,1.071358e-03
2054.001,1.066462e-03
2054.002,1.061621e-03
2054.003,1.056836e-03
2054.004,1.052105e-03
2054.005,1.047427e-03
2054.006,1.042800e-03
2054.007,1.038223e-03
2054.008,1.033694e-03
2054.009,1.029212e-03
2054.010,1.024776e-03
2054.011,1.020384e-03
2054.012,1.016034e-03
2054.013,1.011726e-03
2054.014,1.007458e-03
2054.015,1.003228e-03
2054.016,9.990345e-04
2054.017,9.948766e-04
2054.018,9.907526e-04
2054.019,9.866609e-04
2054.020,9.826000e-04
2054.021,9.785685e-04
2054.022,9.745650e-04
2054.023,9.705878e-04
2054.024,9.666355e-04
2054.025,9.627067e-04
2054.026,9.588000e-04
2054.027,9.549137e-04
2054.028,9.510467e-04
2054.029,9.471973e-04
2054.030,9.433643e-04
2054.031,9.395462e-04
2054.032,9.357417e-04
2054.033,9.319495e-04
2054.034,9.281681e-04
2054.035,9.243964e-04
2054.036,9.206330e-04
2054.037,9.168767e-04
2054.038,9.131264e-04
2054.039,9.093807e-04
2054.040,9.056387e-04
2054.041,9.018990e-04
2054.042,8.981608e-04
2054.043,3.330702e-04
2054.044,3.336662e-04
2054.045,3.342169e-04
2054.046,3.347219e-04
2054.047,3.351807e-04
2054.048,3.355929e-04
2054.049,3.359583e-04
2054.050,3.362764e-04
2054.051,3.365470e-04
2054.052,3.367699e-04
2054.053,3.369449e-04
2054.054,3.370718e-04
2054.055,3.371505e-04
2054.056,3.371809e-04
2054.057,3.371630e-04
2054.058,3.370969e-04
2054.059,3.369826e-04
2054.060,3.368201e-04
2054.061,3.366096e-04
2054.062,3.363513e-04
2054.063,3.360453e-04
2054.064,3.356921e-04
2054.065,3.352918e-04
2054.066,3.348447e-04
2054.067,3.343513e-04
2054.068,3.338120e-04
2054.069,3.332272e-04
2054.070,3.325974e-04
2054.071,3.319231e-04
2054.072,3.312049e-04
2054.073,3.304518e-04
2054.074,3.296475e-04
2054.075,3.288011e-04
2054.076,3.279133e-04
2054.077,3.269848e-04
2054.078,3.260162e-04
2054.079,3.250084e-04
2054.080,3.239622e-04
2054.081,3.228783e-04
2054.082,3.217575e-04
2054.083,3.206007e-04
2054.084,3.194087e-04
2054.085,3.181825e-04
2054.086,3.169228e-04
2054.087,3.156306e-04
2054.088,3.143068e-04
2054.089,3.129524e-04
2054.090,3.115682e-04
2054.091,3.101552e-04
2054.092,3.087143e-04
2054.093,3.072465e-04
2054.094,3.057527e-04
2054.095,3.042339e-04
2054.096,3.026911e-04
2054.097,3.011252e-04
2054.098,2.995371e-04
2054.099,2.979278e-04
2054.100,2.962982e-04
2054.101,2.946494e-04
2054.102,2.929822e-04
2054.103,2.912975e-04
2054.104,2.895963e-04
2054.105,2.878795e-04
2054.106,2.861480e-04
2054.107,2.844026e-04
2054.108,2.826443e-04
2054.109,2.808740e-04
2054.110,2.790924e-04
2054.111,2.773005e-04
2054.112,2.754990e-04
2054.113,2.736888e-04
2054.114,2.718706e-04
2054.115,2.700453e-04
2054.116,2.682137e-04
2054.117,2.663764e-04
2054.118,2.645342e-04
2054.119,2.626878e-04
2054.120,2.608380e-04
2054.121,2.589853e-04
2054.122,2.571306e-04
2054.123,2.552744e-04
2054.124,2.534174e-04
2054.125,2.515601e-04
2054.126,2.497032e-04
2054.127,2.478473e-04
2054.128,2.459930e-04
2054.129,2.441406e-04
2054.130,2.422909e-04
2054.131,2.404443e-04
2054.132,2.384965e-04
2054.133,2.366583e-04
2054.134,2.348246e-04
2054.135,2.329959e-04
2054.136,2.311726e-04
2054.137,2.293552e-04
2054.138,2.275439e-04
2054.139,2.257392e-04
2054.140,2.239415e-04
2054.141,2.221511e-04
2054.142,2.203683e-04
2054.143,2.185934e-04
2054.144,2.168268e-04
2054.145,2.150687e-04
2054.146,2.133195e-04
2054.147,2.115793e-04
2054.148,2.098484e-04
2054.149,2.081271e-04
2054.150,2.064156e-04
2054.151,2.047141e-04
2054.152,2.030227e-04
2054.153,2.013418e-04
2054.154,1.996714e-04
2054.155,1.980117e-04
2054.156,1.963628e-04
2054.157,1.947250e-04
2054.158,1.930984e-04
2054.159,1.914830e-04
2054.160,1.898789e-04
2054.161,1.882864e-04
2054.162,1.867054e-04
2054.163,1.851361e-04
2054.164,1.835786e-04
2054.165,1.820329e-04
2054.166,1.804990e-04
2054.167,1.789771e-04
2054.168,1.774671e-04
2054.169,1.759692e-04
2054.170,1.740530e-04
2054.171,1.725820e-04
2054.172,1.711232e-04
2054.173,1.696765e-04
2054.174,1.682418e-04
2054.175,1.668193e-04
2054.176,1.654089e-04
2054.177,1.640106e-04
2054.178,1.626243e-04
2054.179,1.612502e-04
2054.180,1.598880e-04
2054.181,1.585380e-04
2054.182,1.571999e-04
2054.183,1.558738e-04
2054.184,1.545596e-04
2054.185,1.532573e-04
2054.186,1.519668e-04
2054.187,1.506882e-04
2054.188,1.494213e-04
2054.189,1.481661e-04
2054.190,1.469226e-04
2054.191,1.456906e-04
2054.192,1.444702e-04
2054.193,1.432612e-04
2054.194,1.420637e-04
2054.195,1.408774e-04
2054.196,1.397025e-04
2054.197,1.385387e-04
2054.198,1.373861e-04
2054.199,1.362445e-04
2054.200,1.351139e-04
2054.201,1.339942e-04
2054.202,1.328853e-04
2054.203,1.317872e-04
2054.204,1.306998e-04
2054.205,1.296229e-04
2054.206,1.285565e-04
2054.207,1.275006e-04
2054.208,1.264550e-04
2054.209,1.254197e-04
2054.210,1.243945e-04
2054.211,1.233795e-04
2054.212,1.223744e-04
2054.213,1.213792e-04
2054.214,1.203939e-04
2054.215,1.194184e-04
2054.216,1.184525e-04
2054.217,1.174961e-04
2054.218,1.165493e-04
2054.219,1.156119e-04
2054.220,1.146838e-04
2054.221,1.137649e-04
2054.222,1.128551e-04
2054.223,1.119544e-04
2054.224,1.110627e-04
2054.225,1.101799e-04
2054.226,1.093058e-04
2054.227,1.084405e-04
2054.228,1.075838e-04
2054.229,1.067356e-04
2054.230,1.058959e-04
2054.231,1.050646e-04
2054.232,1.042415e-04
2054.233,1.034267e-04
2054.234,1.026200e-04
2054.235,1.018213e-04
2054.236,1.010306e-04
2054.237,1.002477e-04
2054.238,9.947268e-05
2054.239,9.870534e-05
2054.240,9.794562e-05
2054.241,9.719346e-05
2054.242,2.198419e-08
2054.243,2.201399e-08
2054.244,2.204180e-08
2054.245,2.206759e-08
2054.246,2.209134e-08
2054.247,2.211306e-08
2054.248,2.213271e-08
2054.249,2.215030e-08
2054.250,2.216581e-08
2054.251,2.217923e-08
2054.252,2.219056e-08
2054.253,2.219980e-08
2054.254,2.220692e-08
2054.255,2.221194e-08
2054.256,2.221484e-08
2054.257,2.221563e-08
2054.258,2.221430e-08
2054.259,2.221086e-08
2054.260,2.220531e-08
2054.261,2.219765e-08
2054.262,2.218788e-08
2054.263,2.217602e-08
2054.264,2.216207e-08
2054.265,2.214603e-08
2054.266,2.212791e-08
2054.267,2.210773e-08
2054.268,2.208550e-08
2054.269,2.206123e-08
2054.270,2.203492e-08
2054.271,2.200661e-08
2054.272,2.197630e-08
2054.273,2.194401e-08
2054.274,2.190975e-08
2054.275,2.187355e-08
2054.276,2.183543e-08
2054.277,2.179541e-08
2054.278,2.175350e-08
2054.279,2.170973e-08
2054.280,2.166413e-08
2054.281,2.161671e-08
2054.282,2.156751e-08
2054.283,2.151655e-08
2054.284,2.146385e-08
2054.285,2.140944e-08
2054.286,2.135336e-08
2054.287,2.129562e-08
2054.288,2.123626e-08
2054.289,2.117531e-08
2054.290,2.111279e-08
2054.291,2.104875e-08
2054.292,2.098320e-08
2054.293,2.091618e-08
2054.294,2.084773e-08
2054.295,2.077787e-08
2054.296,2.070664e-08
2054.297,2.063407e-08
2054.298,2.056019e-08
2054.299,2.048504e-08
2054.300,2.040865e-08
2054.301,2.033105e-08
2054.302,2.025229e-08
2054.303,2.017238e-08
2054.304,2.009137e-08
2054.305,2.000930e-08
2054.306,1.992618e-08
2054.307,1.984206e-08
2054.308,1.975698e-08
2054.309,1.967096e-08
2054.310,1.958404e-08
2054.311,1.949626e-08
2054.312,1.940764e-08
2054.313,1.931822e-08
2054.314,1.922804e-08
2054.315,1.913712e-08
2054.316,1.904550e-08
2054.317,1.895321e-08
2054.318,1.886029e-08
2054.319,1.876675e-08
2054.320,1.867265e-08
2054.321,1.857800e-08
2054.322,1.848284e-08
2054.323,1.838720e-08
2054.324,1.829111e-08
2054.325,1.819459e-08
2054.326,1.809768e-08
2054.327,1.800041e-08
2054.328,1.790280e-08
2054.329,1.780488e-08
2054.330,1.770668e-08
2054.331,1.760822e-08
2054.332,1.750954e-08
2054.333,1.741065e-08
2054.334,1.731159e-08
2054.335,1.721238e-08
2054.336,1.711304e-08
2054.337,1.701359e-08
2054.338,1.691407e-08
2054.339,1.681449e-08
2054.340,1.671487e-08
2054.341,1.661524e-08
2054.342,1.651562e-08
2054.343,1.641603e-08
2054.344,1.631649e-08
2054.345,1.621702e-08
2054.346,1.611764e-08
2054.347,1.601837e-08
2054.348,1.591922e-08
2054.349,1.582022e-08
2054.350,1.572138e-08
2054.351,1.562272e-08
2054.352,1.552425e-08
2054.353,1.542599e-08
2054.354,1.532796e-08
2054.355,1.523018e-08
2054.356,1.513264e-08
2054.357,1.503538e-08
2054.358,1.493840e-08
2054.359,1.484171e-08
2054.360,1.474534e-08
2054.361,1.464928e-08
2054.362,1.455356e-08
2054.363,1.445819e-08
2054.364,1.436316e-08
2054.365,1.426851e-08
2054.366,1.417423e-08
2054.367,1.408033e-08
2054.368,1.398684e-08
2054.369,1.389374e-08
2054.370,1.380106e-08
2054.371,1.370879e-08
2054.372,1.361696e-08
2054.373,1.352556e-08
2054.374,1.343460e-08
2054.375,1.334410e-08
2054.376,1.325405e-08
2054.377,1.316446e-08
2054.378,1.307534e-08
2054.379,1.298669e-08
2054.380,1.289853e-08
2054.381,1.281084e-08
2054.382,1.272364e-08
2054.383,1.263694e-08
2054.384,1.255073e-08
2054.385,1.246503e-08
2054.386,1.237982e-08
2054.387,1.229513e-08
2054.388,1.221094e-08
2054.389,1.212727e-08
2054.390,1.204411e-08
2054.391,1.196147e-08
2054.392,1.187935e-08
2054.393,1.179775e-08
2054.394,1.171667e-08
2054.395,1.163612e-08
2054.396,1.155610e-08
2054.397,1.147660e-08
2054.398,1.139763e-08
2054.399,1.131918e-08
2054.400,1.124127e-08
2054.401,1.116389e-08
2054.402,1.108703e-08
2054.403,1.101071e-08
2054.404,1.093491e-08
2054.405,1.085965e-08
2054.406,1.078491e-08
2054.407,1.071070e-08
2054.408,1.063702e-08
2054.409,1.056387e-08
2054.410,1.049124e-08
2054.411,1.041914e-08
2054.412,1.034756e-08
2054.413,1.027651e-08
2054.414,1.020597e-08
2054.415,1.013596e-08
2054.416,1.006646e-08
2054.417,9.997484e-09
2054.418,9.929021e-09
2054.419,9.861070e-09
2054.420,9.793631e-09
2054.421,9.726702e-09
2054.422,9.660279e-09
2054.423,9.594363e-09
2054.424,9.528949e-09
2054.425,9.464036e-09
2054.426,9.399621e-09
2054.427,9.335703e-09
2054.428,9.272279e-09
2054.429,9.209346e-09
2054.430,9.146902e-09
2054.431,9.084944e-09
2054.432,9.023470e-09
2054.433,8.962477e-09
2054.434,8.901962e-09
2054.435,8.841923e-09
2054.436,8.782357e-09
2054.437,8.723261e-09
2054.438,8.664632e-09
2054.439,8.606467e-09
2054.440,8.548764e-09
2054.441,8.491520e-09
2054.442,0.000000e+00
2054.443,0.000000e+00
2054.444,0.000000e+00
2054.445,0.000000e+00
2054.446,0.000000e+00
2054.447,0.000000e+00
2054.448,0.000000e+00
2054.449,0.000000e+00
2054.450,0.000000e+00
2054.451,0.000000e+00
2054.452,0.000000e+00
2054.453,0.000000e+00
2054.454,0.000000e+00
2054.455,0.000000e+00
2054.456,0.000000e+00
2054.457,0.000000e+00
2054.458,0.000000e+00
2054.459,0.000000e+00
2054.460,0.000000e+00
2054.461,0.000000e+00
2054.462,0.000000e+00
2054.463,0.000000e+00
2054.464,0.000000e+00
2054.465,0.000000e+00
2054.466,0.000000e+00
2054.467,0.000000e+00
2054.468,0.000000e+00
2054.469,0.000000e+00
2054.470,0.000000e+00
2054.471,0.000000e+00
2054.472,0.000000e+00
2054.473,0.000000e+00
2054.474,0.000000e+00
2054.475,0.000000e+00
2054.476,0.000000e+00
2054.477,0.000000e+00
2054.478,0.000000e+00
2054.479,0.000000e+00
2054.480,0.000000e+00
2054.481,0.000000e+00
2054.482,0.000000e+00
2054.483,0.000000e+00
2054.484,0.000000e+00
2054.485,0.000000e+00
2054.486,0.000000e+00
2054.487,0.000000e+00
2054.488,0.000000e+00
2054.489,0.000000e+00
2054.490,0.000000e+00
2054.491,0.000000e+00
2054.492,0.000000e+00
2054.493,0.000000e+00
2054.494,0.000000e+00
2054.495,0.000000e+00
2054.496,0.000000e+00
2054.497,0.000000e+00
2054.498,0.000000e+00
2054.499,0.000000e+00
2054.500,0.000000e+00
2054.501,0.000000e+00
2054.502,0.000000e+00
2054.503,0.000000e+00
2054.504,0.000000e+00
2054.505,0.000000e+00
2054.506,0.000000e+00
2054.507,0.000000e+00
2054.508,0.000000e+00
2054.509,0.000000e+00
2054.510,0.000000e+00
2054.511,0.000000e+00
2054.512,0.000000e+00
2054.513,0.000000e+00
2054.514,0.000000e+00
2054.515,0.000000e+00
2054.516,0.000000e+00
2054.517,0.000000e+00
2054.518,0.000000e+00
2054.519,0.000000e+00
2054.520,0.000000e+00
2054.521,0.000000e+00
2054.522,0.000000e+00
2054.523,0.000000e+00
2054.524,0.000000e+00
2054.525,0.000000e+00
2054.526,0.000000e+00
2054.527,0.000000e+00
2054.528,0.000000e+00
2054.529,0.000000e+00
2054.530,0.000000e+00
2054.531,0.000000e+00
2054.532,0.000000e+00
2054.533,0.000000e+00
2054.534,0.000000e+00
2054.535,0.000000e+00
2054.536,0.000000e+00
2054.537,0.000000e+00
2054.538,0.000000e+00
2054.539,0.000000e+00
2054.540,0.000000e+00
2054.541,0.000000e+00
2054.542,0.000000e+00
2054.543,0.000000e+00
2054.544,0.000000e+00
2054.545,0.000000e+00
2054.546,0.000000e+00
2054.547,0.000000e+00
2054.548,0.000000e+00
2054.549,0.000000e+00
2054.550,0.000000e+00
2054.551,0.000000e+00
2054.552,0.000000e+00
2054.553,0.000000e+00
2054.554,0.000000e+00
2054.555,0.000000e+00
2054.556,0.000000e+00
2054.557,0.000000e+00
2054.558,0.000000e+00
2054.559,0.000000e+00
2054.560,0.000000e+00
2054.561,0.000000e+00
2054.562,0.000000e+00
2054.563,0.000000e+00
2054.564,0.000000e+00
2054.565,0.000000e+00
2054.566,0.000000e+00
2054.567,0.000000e+00
2054.568,0.000000e+00
2054.569,0.000000e+00
2054.570,0.000000e+00
2054.571,0.000000e+00
2054.572,0.000000e+00
2054.573,0.000000e+00
2054.574,0.000000e+00
2054.575,0.000000e+00
2054.576,0.000000e+00
2054.577,0.000000e+00
2054.578,0.000000e+00
2054.579,0.000000e+00
2054.580,0.000000e+00
2054.581,0.000000e+00
2054.582,0.000000e+00
2054.583,0.000000e+00
2054.584,0.000000e+00
2054.585,0.000000e+00
2054.586,0.000000e+00
2054.587,0.000000e+00
2054.588,0.000000e+00
2054.589,0.000000e+00
2054.590,0.000000e+00
2054.591,0.000000e+00
2054.592,0.000000e+00
2054.593,0.000000e+00
2054.594,0.000000e+00
2054.595,0.000000e+00
2054.596,0.000000e+00
2054.597,0.000000e+00
2054.598,0.000000e+00
2054.599,0.000000e+00
2054.600,0.000000e+00
2054.601,0.000000e+00
2054.602,0.000000e+00
2054.603,0.000000e+00
2054.604,0.000000e+00
2054.605,0.000000e+00
2054.606,0.000000e+00
2054.607,0.000000e+00
2054.608,0.000000e+00
2054.609,0.000000e+00
2054.610,0.000000e+00
2054.611,0.000000e+00
2054.612,0.000000e+00
2054.613,0.000000e+00
2054.614,0.000000e+00
2054.615,0.000000e+00
2054.616,0.000000e+00
2054.617,0.000000e+00
2054.618,0.000000e+00
2054.619,0.000000e+00
2054.620,0.000000e+00
2054.621,0.000000e+00
2054.622,0.000000e+00
2054.623,0.000000e+00
2054.624,0.000000e+00
2054.625,0.000000e+00
2054.626,0.000000e+00
2054.627,0.000000e+00
2054.628,0.000000e+00
2054.629,0.000000e+00
2054.630,0.000000e+00
2054.631,0.000000e+00
2054.632,0.000000e+00
2054.633,0.000000e+00
2054.634,0.000000e+00
2054.635,0.000000e+00
2054.636,0.000000e+00
2054.637,0.000000e+00
2054.638,0.000000e+00
2054.639,0.000000e+00
2054.640,0.000000e+00
2054.641,0.000000e+00
2054.642,0.000000e+00
2054.643,0.000000e+00
2054.644,0.000000e+00
2054.645,0.000000e+00
2054.646,0.000000e+00
2054.647,0.000000e+00
2054.648,0.000000e+00
2054.649,0.000000e+00
2054.650,0.000000e+00
2054.651,0.000000e+00
2054.652,0.000000e+00
2054.653,0.000000e+00
2054.654,0.000000e+00
2054.655,0.000000e+00
2054.656,0.000000e+00
2054.657,0.000000e+00
2054.658,0.000000e+00
2054.659,0.000000e+00
2054.660,0.000000e+00
2054.661,0.000000e+00
2054.662,0.000000e+00
2054.663,0.000000e+00
2054.664,0.000000e+00
2054.665,0.000000e+00
2054.666,0.000000e+00
2054.667,0.000000e+00
2054.668,0.000000e+00
2054.669,0.000000e+00
2054.670,0.000000e+00
2054.671,0.000000e+00
2054.672,0.000000e+00
2054.673,0.000000e+00
2054.674,0.000000e+00
2054.675,0.000000e+00
2054.676,0.000000e+00
2054.677,0.000000e+00
2054.678,0.000000e+00
2054.679,0.000000e+00
2054.680,0.000000e+00
2054.681,0.000000e+00
2054.682,0.000000e+00
2054.683,0.000000e+00
2054.684,0.000000e+00
2054.685,0.000000e+00
2054.686,0.000000e+00
2054.687,0.000000e+00
2054.688,0.000000e+00
2054.689,0.000000e+00
2054.690,0.000000e+00
2054.691,0.000000e+00
2054.692,0.000000e+00
2054.693,0.000000e+00
2054.694,0.000000e+00
2054.695,0.000000e+00
2054.696,0.000000e+00
2054.697,0.000000e+00
2054.698,0.000000e+00
2054.699,0.000000e+00
2054.700,0.000000e+00
2054.701,0.000000e+00
2054.702,0.000000e+00
2054.703,0.000000e+00
2054.704,0.000000e+00
2054.705,0.000000e+00
2054.706,0.000000e+00
2054.707,0.000000e+00
2054.708,0.000000e+00
2054.709,0.000000e+00
2054.710,0.000000e+00
2054.711,0.000000e+00
2054.712,0.000000e+00
2054.713,0.000000e+00
2054.714,0.000000e+00
2054.715,0.000000e+00
2054.716,0.000000e+00
2054.717,0.000000e+00
2054.718,0.000000e+00
2054.719,0.000000e+00
2054.720,0.000000e+00
2054.721,0.000000e+00
2054.722,0.000000e+00
2054.723,0.000000e+00
2054.724,0.000000e+00
2054.725,0.000000e+00
2054.726,0.000000e+00
2054.727,0.000000e+00
2054.728,0.000000e+00
2054.729,0.000000e+00
2054.730,0.000000e+00
2054.731,0.000000e+00
2054.732,0.000000e+00
2054.733,0.000000e+00
2054.734,0.000000e+00
2054.735,0.000000e+00
2054.736,0.000000e+00
2054.737,0.000000e+00
2054.738,0.000000e+00
2054.739,0.000000e+00
2054.740,0.000000e+00
2054.741,0.000000e+00
2054.742,0.000000e+00
2054.743,0.000000e+00
2054.744,0.000000e+00
2054.745,0.000000e+00
2054.746,0.000000e+00
2054.747,0.000000e+00
2054.748,0.000000e+00
2054.749,0.000000e+00
2054.750,0.000000e+00
2054.751,0.000000e+00
2054.752,0.000000e+00
2054.753,0.000000e+00
2054.754,0.000000e+00
2054.755,0.000000e+00
2054.756,0.000000e+00
2054.757,0.000000e+00
2054.758,0.000000e+00
2054.759,0.000000e+00
2054.760,0.000000e+00
2054.761,0.000000e+00
2054.762,0.000000e+00
2054.763,0.000000e+00
2054.764,0.000000e+00
2054.765,0.000000e+00
2054.766,0.000000e+00
2054.767,0.000000e+00
2054.768,0.000000e+00
2054.769,0.000000e+00
2054.770,0.000000e+00
2054.771,0.000000e+00
2054.772,0.000000e+00
2054.773,0.000000e+00
2054.774,0.000000e+00
2054.775,0.000000e+00
2054.776,0.000000e+00
2054.777,0.000000e+00
2054.778,0.000000e+00
2054.779,0.000000e+00
2054.780,0.000000e+00
2054.781,0.000000e+00
2054.782,0.000000e+00
2054.783,0.000000e+00
2054.784,0.000000e+00
2054.785,0.000000e+00
2054.786,0.000000e+00
2054.787,0.000000e+00
2054.788,0.000000e+00
2054.789,0.000000e+00
2054.790,0.000000e+00
2054.791,0.000000e+00
2054.792,0.000000e+00
2054.793,0.000000e+00
2054.794,0.000000e+00
2054.795,0.000000e+00
2054.796,0.000000e+00
2054.797,0.000000e+00
2054.798,0.000000e+00
2054.799,0.000000e+00
2054.800,0.000000e+00
2054.801,0.000000e+00
2054.802,0.000000e+00
2054.803,0.000000e+00
2054.804,0.000000e+00
2054.805,0.000000e+00
2054.806,0.000000e+00
2054.807,0.000000e+00
2054.808,0.000000e+00
2054.809,0.000000e+00
2054.810,0.000000e+00
2054.811,0.000000e+00
2054.812,0.000000e+00
2054.813,0.000000e+00
2054.814,0.000000e+00
2054.815,0.000000e+00
2054.816,0.000000e+00
2054.817,0.000000e+00
2054.818,0.000000e+00
2054.819,0.000000e+00
2054.820,0.000000e+00
2054.821,0.000000e+00
2054.822,0.000000e+00
2054.823,0.000000e+00
2054.824,0.000000e+00
2054.825,0.000000e+00
2054.826,0.000000e+00
2054.827,0.000000e+00
2054.828,0.000000e+00
2054.829,0.000000e+00
2054.830,0.000000e+00
2054.831,0.000000e+00
2054.832,0.000000e+00
2054.833,0.000000e+00
2054.834,0.000000e+00
2054.835,0.000000e+00
2054.836,0.000000e+00
2054.837,0.000000e+00
2054.838,0.000000e+00
2054.839,0.000000e+00
2054.840,0.000000e+00
2054.841,0.000000e+00
2054.842,0.000000e+00
2054.843,0.000000e+00
2054.844,0.000000e+00
2054.845,0.000000e+00
2054.846,0.000000e+00
2054.847,0.000000e+00
2054.848,0.000000e+00
2054.849,0.000000e+00
2054.850,0.000000e+00
2054.851,0.000000e+00
2054.852,0.000000e+00
2054.853,0.000000e+00
2054.854,0.000000e+00
2054.855,0.000000e+00
2054.856,0.000000e+00
2054.857,0.000000e+00
2054.858,0.000000e+00
2054.859,0.000000e+00
2054.860,0.000000e+00
2054.861,0.000000e+00
2054.862,0.000000e+00
2054.863,0.000000e+00
2054.864,0.000000e+00
2054.865,0.000000e+00
2054.866,0.000000e+00
2054.867,0.000000e+00
2054.868,0.000000e+00
2054.869,0.000000e+00
2054.870,0.000000e+00
2054.871,0.000000e+00
2054.872,0.000000e+00
2054.873,0.000000e+00
2054.874,0.000000e+00
2054.875,0.000000e+00
2054.876,0.000000e+00
2054.877,0.000000e+00
2054.878,0.000000e+00
2054.879,0.000000e+00
2054.880,0.000000e+00
2054.881,0.000000e+00
2054.882,0.000000e+00
2054.883,0.000000e+00
2054.884,0.000000e+00
2054.885,0.000000e+00
2054.886,0.000000e+00
2054.887,0.000000e+00
2054.888,0.000000e+00
2054.889,0.000000e+00
2054.890,0.000000e+00
2054.891,0.000000e+00
2054.892,0.000000e+00
2054.893,0.000000e+00
2054.894,0.000000e+00
2054.895,0.000000e+00
2054.896,0.000000e+00
2054.897,0.000000e+00
2054.898,0.000000e+00
2054.899,0.000000e+00
2054.900,0.000000e+00
2054.901,0.000000e+00
2054.902,0.000000e+00
2054.903,0.000000e+00
2054.904,0.000000e+00
2054.905,0.000000e+00
2054.906,0.000000e+00
2054.907,0.000000e+00
2054.908,0.000000e+00
2054.909,0.000000e+00
2054.910,0.000000e+00
2054.911,0.000000e+00
2054.912,0.000000e+00
2054.913,0.000000e+00
2054.914,0.000000e+00
2054.915,0.000000e+00
2054.916,0.000000e+00
2054.917,0.000000e+00
2054.918,0.000000e+00
2054.919,0.000000e+00
2054.920,0.000000e+00
2054.921,0.000000e+00
2054.922,0.000000e+00
2054.923,0.000000e+00
2054.924,0.000000e+00
2054.925,0.000000e+00
2054.926,0.000000e+00
2054.927,0.000000e+00
2054.928,0.000000e+00
2054.929,0.000000e+00
2054.930,0.000000e+00
2054.931,0.000000e+00
2054.932,0.000000e+00
2054.933,0.000000e+00
2054.934,0.000000e+00
2054.935,0.000000e+00
2054.936,0.000000e+00
2054.937,0.000000e+00
2054.938,0.000000e+00
2054.939,0.000000e+00
2054.940,0.000000e+00
2054.941,0.000000e+00
2054.942,0.000000e+00
2054.943,0.000000e+00
2054.944,0.000000e+00
2054.945,0.000000e+00
2054.946,0.000000e+00
2054.947,0.000000e+00
2054.948,0.000000e+00
2054.949,0.000000e+00
2054.950,0.000000e+00
2054.951,0.000000e+00
2054.952,0.000000e+00
2054.953,0.000000e+00
2054.954,0.000000e+00
2054.955,0.000000e+00
2054.956,0.000000e+00
2054.957,0.000000e+00
2054.958,0.000000e+00
2054.959,0.000000e+00
2054.960,0.000000e+00
2054.961,0.000000e+00
2054.962,0.000000e+00
2054.963,0.000000e+00
2054.964,0.000000e+00
2054.965,0.000000e+00
2054.966,0.000000e+00
2054.967,0.000000e+00
2054.968,0.000000e+00
2054.969,0.000000e+00
2054.970,0.000000e+00
2054.971,3.229297e-04
2054.972,3.254096e-04
2054.973,3.279141e-04
2054.974,3.304434e-04
2054.975,3.329977e-04
2054.976,3.355774e-04
2054.977,3.381827e-04
2054.978,3.408138e-04
2054.979,3.434710e-04
2054.980,3.461546e-04
2054.981,3.488647e-04
2054.982,3.516018e-04
2054.983,3.543660e-04
2054.984,3.571576e-04
2054.985,3.599769e-04
2054.986,3.628241e-04
2054.987,3.656996e-04
2054.988,3.686035e-04
2054.989,3.715361e-04
2054.990,3.744978e-04
2054.991,3.774888e-04
2054.992,3.805092e-04
2054.993,3.835595e-04
2054.994,3.866399e-04
2054.995,3.897507e-04
2054.996,3.928920e-04
2054.997,3.960643e-04
2054.998,3.992676e-04
2054.999,4.025024e-04
2055.000,4.057689e-04
2055.001,4.090673e-04
2055.002,4.123979e-04
2055.003,4.157610e-04
2055.004,4.191567e-04
2055.005,4.225855e-04
2055.006,4.260475e-04
2055.007,4.295429e-04
2055.008,4.330720e-04
2055.009,4.366352e-04
2055.010,4.402325e-04
2055.011,4.438642e-04
2055.012,4.475306e-04
2055.013,4.512319e-04
2055.014,4.549684e-04
2055.015,4.587401e-04
2055.016,4.625475e-04
2055.017,4.663905e-04
2055.018,4.702696e-04
2055.019,4.741848e-04
2055.020,4.781363e-04
2055.021,4.821244e-04
2055.022,4.861491e-04
2055.023,4.902107e-04
2055.024,4.943094e-04
2055.025,4.984452e-04
2055.026,5.026183e-04
2055.027,5.068289e-04
2055.028,5.110770e-04
2055.029,5.153628e-04
2055.030,5.196863e-04
2055.031,5.240477e-04
2055.032,5.284470e-04
2055.033,5.328843e-04
2055.034,5.373596e-04
2055.035,5.418729e-04
2055.036,5.464243e-04
2055.037,5.510138e-04
2055.038,5.556413e-04
2055.039,5.603068e-04
2055.040,5.650103e-04
2055.041,5.697517e-04
2055.042,5.745309e-04
2055.043,5.793478e-04
2055.044,5.842023e-04
2055.045,5.890942e-04
2055.046,5.940233e-04
2055.047,5.989894e-04
2055.048,6.039924e-04
2055.049,6.090320e-04
2055.050,6.141079e-04
2055.051,6.192198e-04
2055.052,6.243675e-04
2055.053,6.295504e-04
2055.054,6.347683e-04
2055.055,6.400208e-04
2055.056,6.453074e-04
2055.057,6.506276e-04
2055.058,6.559809e-04
2055.059,6.613668e-04
2055.060,6.667847e-04
2055.061,6.722341e-04
2055.062,6.777142e-04
2055.063,6.832243e-04
2055.064,6.887638e-04
2055.065,6.943319e-04
2055.066,6.999278e-04
2055.067,7.055506e-04
2055.068,7.111994e-04
2055.069,7.168734e-04
2055.070,7.225716e-04
2055.071,7.282928e-04
2055.072,7.340361e-04
2055.073,7.398004e-04
2055.074,7.455845e-04
2055.075,7.513872e-04
2055.076,7.572072e-04
2055.077,7.630432e-04
2055.078,7.688940e-04
2055.079,7.747580e-04
2055.080,7.806338e-04
2055.081,7.865200e-04
2055.082,7.924149e-04
2055.083,7.983169e-04
2055.084,8.042244e-04
2055.085,8.101357e-04
2055.086,8.160490e-04
2055.087,8.219624e-04
2055.088,8.278742e-04
2055.089,8.337822e-04
2055.090,8.396847e-04
2055.091,8.455794e-04
2055.092,8.514644e-04
2055.093,8.573375e-04
2055.094,8.631965e-04
2055.095,8.690392e-04
2055.096,8.748631e-04
2055.097,8.806661e-04
2055.098,8.864457e-04
2055.099,8.921995e-04
2055.100,8.979250e-04
2055.101,9.036196e-04
2055.102,9.092807e-04
2055.103,9.149058e-04
2055.104,9.204922e-04
2055.105,9.260372e-04
2055.106,9.315380e-04
2055.107,9.369919e-04
2055.108,9.423961e-04
2055.109,9.477478e-04
2055.110,9.530441e-04
2055.111,9.582821e-04
2055.112,9.634590e-04
2055.113,9.685717e-04
2055.114,9.736175e-04
2055.115,9.785932e-04
2055.116,9.834961e-04
2055.117,9.883231e-04
2055.118,9.930713e-04
2055.119,9.977377e-04
2055.120,1.002319e-03
2055.121,1.006813e-03
2055.122,1.011217e-03
2055.123,1.015527e-03
2055.124,1.019740e-03
2055.125,1.023855e-03
2055.126,1.027867e-03
2055.127,1.031775e-03
2055.128,1.035575e-03
2055.129,1.039264e-03
2055.130,1.042841e-03
2055.131,1.046302e-03
2055.132,1.049645e-03
2055.133,1.052868e-03
2055.134,1.055968e-03
2055.135,1.058942e-03
2055.136,1.061789e-03
2055.137,1.064506e-03
2055.138,1.067091e-03
2055.139,1.069543e-03
2055.140,1.071858e-03
2055.141,1.074036e-03
2055.142,1.076075e-03
2055.143,1.077972e-03
2055.144,1.079727e-03
2055.145,1.081338e-03
2055.146,1.082804e-03
2055.147,1.084124e-03
2055.148,1.085296e-03
2055.149,1.086319e-03
2055.150,1.087193e-03
2055.151,1.087917e-03
2055.152,1.088491e-03
2055.153,1.088913e-03
2055.154,1.089184e-03
2055.155,1.089303e-03
2055.156,1.089270e-03
2055.157,1.089085e-03
2055.158,1.088749e-03
2055.159,1.088262e-03
2055.160,1.087623e-03
2055.161,1.086834e-03
2055.162,1.085896e-03
2055.163,1.084808e-03
2055.164,1.083572e-03
2055.165,1.082190e-03
2055.166,1.080661e-03
2055.167,1.078987e-03
2055.168,1.077171e-03
2055.169,1.075212e-03
2055.170,1.073113e-03
2055.171,1.070876e-03
2055.172,1.068501e-03
2055.173,1.065992e-03
2055.174,1.063349e-03
2055.175,1.060576e-03
2055.176,1.057674e-03
2055.177,1.054645e-03
2055.178,1.051492e-03
2055.179,1.048217e-03
2055.180,1.044823e-03
2055.181,1.041311e-03
2055.182,1.037686e-03
2055.183,1.033948e-03
2055.184,1.030101e-03
2055.185,1.026148e-03
2055.186,1.022092e-03
2055.187,1.017934e-03
2055.188,1.013678e-03
2055.189,1.009328e-03
2055.190,1.004885e-03
2055.191,1.000353e-03
2055.192,9.957341e-04
2055.193,9.910321e-04
2055.194,9.862495e-04
2055.195,9.813894e-04
2055.196,9.764547e-04
2055.197,9.714484e-04
2055.198,9.663734e-04
2055.199,9.612326e-04
2055.200,9.560290e-04
2055.201,9.507655e-04
2055.202,9.454450e-04
2055.203,9.400703e-04
2055.204,9.346442e-04
2055.205,9.291697e-04
2055.206,9.236495e-04
2055.207,9.180863e-04
2055.208,9.124829e-04
2055.209,9.068419e-04
2055.210,4.074502e-02
2055.211,4.105766e-02
2055.212,4.137362e-02
2055.213,4.169295e-02
2055.214,4.201569e-02
2055.215,4.234189e-02
2055.216,4.267157e-02
2055.217,4.300480e-02
2055.218,4.334160e-02
2055.219,4.368202e-02
2055.220,4.402611e-02
2055.221,4.437391e-02
2055.222,4.472547e-02
2055.223,4.508082e-02
2055.224,4.544001e-02
2055.225,4.580308e-02
2055.226,4.617009e-02
2055.227,4.654107e-02
2055.228,4.691608e-02
2055.229,4.729515e-02
2055.230,4.767833e-02
2055.231,4.806567e-02
2055.232,4.845722e-02
2055.233,4.885301e-02
2055.234,4.925310e-02
2055.235,4.965753e-02
2055.236,5.006635e-02
2055.237,5.047961e-02
2055.238,5.089735e-02
2055.239,5.131962e-02
2055.240,5.174646e-02
2055.241,5.217793e-02
2055.242,5.261406e-02
2055.243,5.305491e-02
2055.244,5.350052e-02
2055.245,5.395094e-02
2055.246,5.440622e-02
2055.247,5.486639e-02
2055.248,5.533152e-02
2055.249,5.580164e-02
2055.250,5.627679e-02
2055.251,5.675703e-02
2055.252,5.724240e-02
2055.253,5.773295e-02
2055.254,5.822871e-02
2055.255,5.872974e-02
2055.256,5.923607e-02
2055.257,5.974775e-02
2055.258,6.026482e-02
2055.259,6.078732e-02
2055.260,6.131530e-02
2055.261,6.184879e-02
2055.262,6.238783e-02
2055.263,6.293247e-02
2055.264,6.348273e-02
2055.265,6.403866e-02
2055.266,6.460030e-02
2055.267,6.516767e-02
2055.268,6.574081e-02
2055.269,6.631975e-02
2055.270,6.690453e-02
2055.271,6.749517e-02
2055.272,6.809170e-02
2055.273,6.869414e-02
2055.274,6.930253e-02
2055.275,6.991688e-02
2055.276,7.053722e-02
2055.277,7.116356e-02
2055.278,7.179592e-02
2055.279,7.243432e-02
2055.280,7.307877e-02
2055.281,7.372927e-02
2055.282,7.438584e-02
2055.283,7.504848e-02
2055.284,7.571720e-02
2055.285,7.639198e-02
2055.286,7.707284e-02
2055.287,7.775975e-02
2055.288,7.845272e-02
2055.289,7.915172e-02
2055.290,7.985674e-02
2055.291,8.056776e-02
2055.292,8.128475e-02
2055.293,8.200769e-02
2055.294,8.273654e-02
2055.295,8.347127e-02
2055.296,8.421182e-02
2055.297,8.495816e-02
2055.298,8.571023e-02
2055.299,8.646798e-02
2055.300,8.723134e-02
2055.301,8.800025e-02
2055.302,8.877464e-02
2055.303,8.955442e-02
2055.304,9.033951e-02
2055.305,9.112982e-02
2055.306,9.192525e-02
2055.307,9.272570e-02
2055.308,9.353106e-02
2055.309,9.434121e-02
2055.310,9.515603e-02
2055.311,9.597539e-02
2055.312,9.679914e-02
2055.313,9.762715e-02
2055.314,9.845925e-02
2055.315,9.929529e-02
2055.316,1.001351e-01
2055.317,1.009785e-01
2055.318,1.018253e-01
2055.319,1.026753e-01
2055.320,1.035283e-01
2055.321,1.043840e-01
2055.322,1.052424e-01
2055.323,1.061030e-01
2055.324,1.069658e-01
2055.325,1.078304e-01
2055.326,1.086966e-01
2055.327,1.095641e-01
2055.328,1.104326e-01
2055.329,1.113019e-01
2055.330,1.121717e-01
2055.331,1.130415e-01
2055.332,1.139112e-01
2055.333,1.147804e-01
2055.334,1.156487e-01
2055.335,1.165159e-01
2055.336,1.173815e-01
2055.337,1.182452e-01
2055.338,1.191066e-01
2055.339,1.199653e-01
2055.340,1.208209e-01
2055.341,1.213537e-01
2055.342,1.222044e-01
2055.343,1.230508e-01
2055.344,1.238924e-01
2055.345,1.247289e-01
2055.346,1.255597e-01
2055.347,1.263844e-01
2055.348,1.272025e-01
2055.349,1.280137e-01
2055.350,1.288173e-01
2055.351,1.296130e-01
2055.352,1.304003e-01
2055.353,1.311786e-01
2055.354,1.319475e-01
2055.355,1.327065e-01
2055.356,1.334551e-01
2055.357,1.341927e-01
2055.358,1.349189e-01
2055.359,1.356332e-01
2055.360,1.363351e-01
2055.361,1.370240e-01
2055.362,1.376996e-01
2055.363,1.383612e-01
2055.364,1.390083e-01
2055.365,1.396406e-01
2055.366,1.402574e-01
2055.367,1.408584e-01
2055.368,1.414429e-01
2055.369,1.420107e-01
2055.370,1.425611e-01
2055.371,1.430938e-01
2055.372,1.436082e-01
2055.373,1.441041e-01
2055.374,1.445808e-01
2055.375,1.450381e-01
2055.376,1.454756e-01
2055.377,1.458927e-01
2055.378,1.462893e-01
2055.379,1.466649e-01
2055.380,1.470191e-01
2055.381,1.473517e-01
2055.382,1.476624e-01
2055.383,1.479508e-01
2055.384,1.482168e-01
2055.385,1.484600e-01
2055.386,1.486802e-01
2055.387,1.488772e-01
2055.388,1.490509e-01
2055.389,1.492010e-01
2055.390,1.493275e-01
2055.391,1.494301e-01
2055.392,1.495089e-01
2055.393,1.495637e-01
2055.394,1.495945e-01
2055.395,1.496012e-01
2055.396,1.495839e-01
2055.397,1.495426e-01
2055.398,1.494772e-01
2055.399,1.493879e-01
2055.400,1.492747e-01
2055.401,1.491378e-01
2055.402,1.489773e-01
2055.403,1.487933e-01
2055.404,1.485861e-01
2055.405,1.483557e-01
2055.406,1.481025e-01
2055.407,1.478266e-01
2055.408,1.475284e-01
2055.409,1.472080e-01
2055.410,1.468658e-01
2055.411,1.465022e-01
2055.412,1.461173e-01
2055.413,1.457116e-01
2055.414,1.452855e-01
2055.415,1.448393e-01
2055.416,1.443734e-01
2055.417,1.438881e-01
2055.418,1.433841e-01
2055.419,1.428615e-01
2055.420,1.423210e-01
2055.421,1.417629e-01
2055.422,1.411877e-01
2055.423,1.405958e-01
2055.424,1.399878e-01
2055.425,1.393641e-01
2055.426,1.387253e-01
2055.427,1.380717e-01
2055.428,1.374039e-01
2055.429,1.367224e-01
2055.430,1.360277e-01
2055.431,1.353203e-01
2055.432,1.346007e-01
2055.433,1.338694e-01
2055.434,1.331269e-01
2055.435,1.323737e-01
2055.436,1.316103e-01
2055.437,1.308372e-01
2055.438,1.300548e-01
2055.439,1.292638e-01
2055.440,1.284646e-01
2055.441,1.276575e-01
2055.442,1.268433e-01
2055.443,1.260222e-01
2055.444,1.251947e-01
2055.445,1.243614e-01
2055.446,1.235226e-01
2055.447,1.226788e-01
2055.448,1.218305e-01
2055.449,1.209780e-01
2055.450,1.201218e-01
2055.451,1.192622e-01
2055.452,1.183998e-01
2055.453,1.175348e-01
2055.454,1.166677e-01
2055.455,1.157988e-01
2055.456,1.149284e-01
2055.457,1.140571e-01
2055.458,1.131850e-01
2055.459,1.123125e-01
2055.460,1.114399e-01
2055.461,1.105676e-01
2055.462,1.096958e-01
2055.463,1.088249e-01
2055.464,1.079552e-01
2055.465,1.070868e-01
2055.466,1.062201e-01
2055.467,1.053553e-01
2055.468,1.044927e-01
2055.469,1.036325e-01
2055.470,1.027749e-01
2055.471,1.019202e-01
2055.472,1.010686e-01
2055.473,1.002202e-01
2055.474,9.937521e-02
2055.475,9.853390e-02
2055.476,9.769640e-02
2055.477,9.686288e-02
2055.478,9.603349e-02
2055.479,9.520839e-02
2055.480,9.438771e-02
2055.481,9.357160e-02
2055.482,9.276018e-02
2055.483,9.195357e-02
2055.484,9.115189e-02
2055.485,9.035523e-02
2055.486,8.956371e-02
2055.487,8.877742e-02
2055.488,8.799644e-02
2055.489,8.722086e-02
2055.490,8.645075e-02
2055.491,8.568619e-02
2055.492,8.492723e-02
2055.493,8.417394e-02
2055.494,8.342637e-02
2055.495,8.268456e-02
2055.496,8.194858e-02
2055.497,8.121845e-02
2055.498,8.049421e-02
2055.499,7.977589e-02
2055.500,7.906351e-02
2055.501,7.835711e-02
2055.502,7.765671e-02
2055.503,7.696230e-02
2055.504,7.627392e-02
2055.505,7.559156e-02
2055.506,7.491524e-02
2055.507,7.424495e-02
2055.508,7.358069e-02
2055.509,7.292247e-02
2055.510,7.227027e-02
2055.511,7.162409e-02
2055.512,7.098391e-02
2055.513,7.034985e-02
2055.514,6.972164e-02
2055.515,6.909939e-02
2055.516,6.848307e-02
2055.517,6.787268e-02
2055.518,6.726817e-02
2055.519,6.666954e-02
2055.520,6.607674e-02
2055.521,6.548976e-02
2055.522,6.490856e-02
2055.523,6.433311e-02
2055.524,6.376337e-02
2055.525,6.319933e-02
2055.526,6.264093e-02
2055.527,6.208814e-02
2055.528,6.154093e-02
2055.529,6.099927e-02
2055.530,6.046310e-02
2055.531,5.993239e-02
2055.532,5.940710e-02
2055.533,5.888719e-02
2055.534,5.837262e-02
2055.535,5.786334e-02
2055.536,5.735932e-02
2055.537,5.686051e-02
2055.538,5.636686e-02
2055.539,5.587834e-02
2055.540,5.539489e-02
2055.541,5.491648e-02
2055.542,5.444305e-02
2055.543,5.397457e-02
2055.544,5.351099e-02
2055.545,5.305227e-02
2055.546,5.259835e-02
2055.547,5.214919e-02
2055.548,5.170475e-02
2055.549,5.126498e-02
2055.550,5.082983e-02
2055.551,5.039927e-02
2055.552,4.997323e-02
2055.553,4.955169e-02
2055.554,4.913459e-02
2055.555,4.872189e-02
2055.556,4.831354e-02
2055.557,4.790950e-02
2055.558,4.750972e-02
2055.559,4.711415e-02
2055.560,4.672276e-02
2055.561,4.633550e-02
2055.562,4.595233e-02
2055.563,4.557319e-02
2055.564,4.519806e-02
2055.565,4.482687e-02
2055.566,4.445960e-02
2055.567,4.409619e-02
2055.568,4.373662e-02
2055.569,4.338082e-02
2055.570,4.302876e-02
2055.571,4.268041e-02
2055.572,4.233571e-02
2055.573,4.199463e-02
2055.574,4.165713e-02
2055.575,4.132317e-02
2055.576,4.099270e-02
2055.577,4.066568e-02
2055.578,4.034209e-02
2055.579,4.002187e-02
2055.580,2.089449e-07
2055.581,2.107549e-07
2055.582,2.125805e-07
2055.583,2.144218e-07
2055.584,2.162789e-07
2055.585,2.181516e-07
2055.586,2.200400e-07
2055.587,2.219440e-07
2055.588,2.238636e-07
2055.589,2.257988e-07
2055.590,2.277495e-07
2055.591,2.297155e-07
2055.592,2.316969e-07
2055.593,2.336936e-07
2055.594,2.357053e-07
2055.595,2.377322e-07
2055.596,2.397739e-07
2055.597,2.418304e-07
2055.598,2.439016e-07
2055.599,2.459872e-07
2055.600,2.480872e-07
2055.601,2.502012e-07
2055.602,2.523292e-07
2055.603,2.544709e-07
2055.604,2.566260e-07
2055.605,2.587944e-07
2055.606,2.609758e-07
2055.607,2.631699e-07
2055.608,2.653764e-07
2055.609,2.675949e-07
2055.610,2.698253e-07
2055.611,2.720671e-07
2055.612,2.743199e-07
2055.613,2.765835e-07
2055.614,2.788573e-07
2055.615,2.811411e-07
2055.616,2.834342e-07
2055.617,2.857363e-07
2055.618,2.880470e-07
2055.619,2.903656e-07
2055.620,6.962860e-07
2055.621,7.014445e-07
2055.622,7.066334e-07
2055.623,7.118524e-07
2055.624,7.171010e-07
2055.625,7.223788e-07
2055.626,7.276854e-07
2055.627,7.330201e-07
2055.628,7.383825e-07
2055.629,7.437720e-07
2055.630,7.491881e-07
2055.631,7.546301e-07
2055.632,7.600974e-07
2055.633,7.655895e-07
2055.634,7.711055e-07
2055.635,7.766449e-07
2055.636,7.822068e-07
2055.637,7.877906e-07
2055.638,7.933954e-07
2055.639,7.990205e-07
2055.640,8.046651e-07
2055.641,8.103282e-07
2055.642,8.160091e-07
2055.643,8.217068e-07
2055.644,8.274203e-07
2055.645,8.331489e-07
2055.646,8.388914e-07
2055.647,8.446470e-07
2055.648,8.504145e-07
2055.649,8.561930e-07
2055.650,8.619815e-07
2055.651,8.677788e-07
2055.652,8.735839e-07
2055.653,8.793956e-07
2055.654,8.852129e-07
2055.655,8.910345e-07
2055.656,8.968595e-07
2055.657,9.026865e-07
2055.658,9.085145e-07
2055.659,9.143422e-07
2055.660,9.201684e-07
2055.661,9.259920e-07
2055.662,9.318117e-07
2055.663,9.376264e-07
2055.664,9.434347e-07
2055.665,9.492355e-07
2055.666,9.550275e-07
2055.667,9.608095e-07
2055.668,9.665804e-07
2055.669,9.723389e-07
2055.670,9.780837e-07
2055.671,9.838137e-07
2055.672,2.687570e-06
2055.673,2.706303e-06
2055.674,2.725147e-06
2055.675,2.744101e-06
2055.676,2.763167e-06
2055.677,2.782344e-06
2055.678,2.801632e-06
2055.679,2.821032e-06
2055.680,2.840545e-06
2055.681,2.860170e-06
2055.682,2.879907e-06
2055.683,2.899758e-06
2055.684,2.919723e-06
2055.685,2.939801e-06
2055.686,2.959994e-06
2055.687,2.980302e-06
2055.688,3.000726e-06
2055.689,3.021266e-06
2055.690,3.041923e-06
2055.691,3.062697e-06
2055.692,3.083589e-06
2055.693,3.104600e-06
2055.694,3.125731e-06
2055.695,3.146982e-06
2055.696,3.168354e-06
2055.697,3.189849e-06
2055.698,3.211466e-06
2055.699,3.233207e-06
2055.700,3.255073e-06
2055.701,3.277065e-06
2055.702,3.299183e-06
2055.703,3.321429e-06
2055.704,3.343804e-06
2055.705,3.366309e-06
2055.706,3.388944e-06
2055.707,3.411712e-06
2055.708,3.434612e-06
2055.709,3.457646e-06
2055.710,3.480816e-06
2055.711,3.504122e-06
2055.712,3.527565e-06
2055.713,3.551146e-06
2055.714,3.574867e-06
2055.715,3.598729e-06
2055.716,3.622732e-06
2055.717,3.646878e-06
2055.718,3.671168e-06
2055.719,3.695602e-06
2055.720,3.720182e-06
2055.721,3.744909e-06
2055.722,3.769783e-06
2055.723,3.794805e-06
2055.724,3.819976e-06
2055.725,3.845297e-06
2055.726,3.870768e-06
2055.727,3.896391e-06
2055.728,3.922165e-06
2055.729,3.948091e-06
2055.730,3.974170e-06
2055.731,8.000580e-06
2055.732,8.053929e-06
2055.733,8.107647e-06
2055.734,8.161736e-06
2055.735,8.216197e-06
2055.736,8.271032e-06
2055.737,8.326240e-06
2055.738,8.381824e-06
2055.739,8.437784e-06
2055.740,8.494121e-06
2055.741,8.550835e-06
2055.742,8.607927e-06
2055.743,8.665397e-06
2055.744,8.723245e-06
2055.745,8.781471e-06
2055.746,8.840075e-06
2055.747,8.899056e-06
2055.748,8.958414e-06
2055.749,9.018147e-06
2055.750,9.078256e-06
2055.751,9.138739e-06
2055.752,9.199593e-06
2055.753,9.260819e-06
2055.754,9.322414e-06
2055.755,9.384375e-06
2055.756,9.446701e-06
2055.757,9.509390e-06
2055.758,9.572438e-06
2055.759,9.635842e-06
2055.760,9.699600e-06
2055.761,9.763708e-06
2055.762,9.828162e-06
2055.763,9.892958e-06
2055.764,9.958092e-06
2055.765,1.002356e-05
2055.766,1.008936e-05
2055.767,1.015547e-05
2055.768,1.022191e-05
2055.769,1.028866e-05
2055.770,1.035572e-05
2055.771,1.042308e-05
2055.772,1.049073e-05
2055.773,1.055867e-05
2055.774,1.062688e-05
2055.775,1.069537e-05
2055.776,1.076413e-05
2055.777,1.083314e-05
2055.778,1.090240e-05
2055.779,1.097189e-05
2055.780,1.104162e-05
2055.781,1.111157e-05
2055.782,1.118172e-05
2055.783,1.125208e-05
2055.784,1.132263e-05
2055.785,1.139335e-05
2055.786,1.146425e-05
2055.787,1.153530e-05
2055.788,1.160649e-05
2055.789,1.167782e-05
2055.790,1.174926e-05
2055.791,1.182081e-05
2055.792,1.189245e-05
2055.793,1.196417e-05
2055.794,1.203596e-05
2055.795,1.210779e-05
2055.796,1.217966e-05
2055.797,4.107353e-05
2055.798,4.134706e-05
2055.799,4.162230e-05
2055.800,4.189925e-05
2055.801,4.217789e-05
2055.802,4.245823e-05
2055.803,4.274027e-05
2055.804,4.302399e-05
2055.805,4.330940e-05
2055.806,4.359649e-05
2055.807,4.388524e-05
2055.808,4.417566e-05
2055.809,4.446774e-05
2055.810,4.476146e-05
2055.811,4.505683e-05
2055.812,4.535384e-05
2055.813,4.565247e-05
2055.814,4.595271e-05
2055.815,4.625457e-05
2055.816,4.655802e-05
2055.817,4.686307e-05
2055.818,4.716969e-05
2055.819,4.747787e-05
2055.820,4.778762e-05
2055.821,4.809890e-05
2055.822,4.841173e-05
2055.823,4.872607e-05
2055.824,4.904192e-05
2055.825,4.935927e-05
2055.826,4.967809e-05
2055.827,4.999839e-05
2055.828,5.032015e-05
2055.829,5.064334e-05
2055.830,5.096796e-05
2055.831,5.129399e-05
2055.832,5.162142e-05
2055.833,5.195023e-05
2055.834,5.228041e-05
2055.835,5.261193e-05
2055.836,5.294479e-05
2055.837,5.327897e-05
2055.838,5.361444e-05
2055.839,5.395120e-05
2055.840,5.428922e-05
2055.841,5.462849e-05
2055.842,5.496899e-05
2055.843,5.531069e-05
2055.844,5.565359e-05
2055.845,5.599767e-05
2055.846,5.634289e-05
2055.847,5.668925e-05
2055.848,5.703673e-05
2055.849,5.738529e-05
2055.850,5.773493e-05
2055.851,5.808562e-05
2055.852,5.843734e-05
2055.853,5.879006e-05
2055.854,5.914378e-05
2055.855,5.949845e-05
2055.856,5.985406e-05
2055.857,6.021059e-05
2055.858,6.056801e-05
2055.859,4.985650e-03
2055.860,5.024716e-03
2055.861,5.064180e-03
2055.862,5.104046e-03
2055.863,5.144319e-03
2055.864,5.185004e-03
2055.865,5.226104e-03
2055.866,5.267625e-03
2055.867,5.309570e-03
2055.868,5.351944e-03
2055.869,5.394753e-03
2055.870,5.437999e-03
2055.871,5.481688e-03
2055.872,5.525825e-03
2055.873,5.570414e-03
2055.874,5.615460e-03
2055.875,5.660968e-03
2055.876,5.706942e-03
2055.877,5.753387e-03
2055.878,5.800307e-03
2055.879,5.847708e-03
2055.880,5.895595e-03
2055.881,5.943971e-03
2055.882,5.992843e-03
2055.883,6.042095e-03
2055.884,6.091972e-03
2055.885,6.142358e-03
2055.886,6.193259e-03
2055.887,6.244678e-03
2055.888,6.296621e-03
2055.889,6.349093e-03
2055.890,6.402098e-03
2055.891,6.455641e-03
2055.892,6.509727e-03
2055.893,6.564361e-03
2055.894,6.619547e-03
2055.895,6.675291e-03
2055.896,6.731596e-03
2055.897,6.788467e-03
2055.898,6.845910e-03
2055.899,6.903928e-03
2055.900,6.962526e-03
2055.901,7.021708e-03
2055.902,7.081479e-03
2055.903,7.141844e-03
2055.904,7.202805e-03
2055.905,7.264369e-03
2055.906,7.326538e-03
2055.907,7.389317e-03
2055.908,7.452709e-03
2055.909,7.516719e-03
2055.910,7.581350e-03
2055.911,7.646605e-03
2055.912,7.712489e-03
2055.913,7.779005e-03
2055.914,7.846155e-03
2055.915,7.913943e-03
2055.916,7.982372e-03
2055.917,8.051444e-03
2055.918,8.121163e-03
2055.919,8.191530e-03
2055.920,8.262548e-03
2055.921,8.334219e-03
2055.922,8.406544e-03
2055.923,8.479526e-03
2055.924,8.553165e-03
2055.925,8.627463e-03
2055.926,8.702421e-03
2055.927,8.778039e-03
2055.928,8.854317e-03
2055.929,8.931256e-03
2055.930,9.008855e-03
2055.931,9.087115e-03
2055.932,9.166033e-03
2055.933,9.245608e-03
2055.934,9.325840e-03
2055.935,9.406726e-03
2055.936,9.488264e-03
2055.937,9.570451e-03
2055.938,9.653283e-03
2055.939,9.736758e-03
2055.940,9.820871e-03
2055.941,9.905618e-03
2055.942,9.990993e-03
2055.943,1.007699e-02
2055.944,1.016361e-02
2055.945,1.025083e-02
2055.946,1.034039e-02
2055.947,1.042883e-02
2055.948,1.051785e-02
2055.949,1.060746e-02
2055.950,1.069763e-02
2055.951,1.078836e-02
2055.952,1.087965e-02
2055.953,1.097147e-02
2055.954,1.106381e-02
2055.955,1.115667e-02
2055.956,1.125002e-02
2055.957,1.134386e-02
2055.958,1.143817e-02
2055.959,1.153293e-02
2055.960,1.162813e-02
2055.961,1.172375e-02
2055.962,1.181977e-02
2055.963,1.191617e-02
2055.964,1.201293e-02
2055.965,1.211003e-02
2055.966,1.220745e-02
2055.967,1.230517e-02
2055.968,1.240316e-02
2055.969,1.250140e-02
2055.970,1.259986e-02
2055.971,1.269851e-02
2055.972,1.279734e-02
2055.973,1.289630e-02
2055.974,1.299537e-02
2055.975,1.309452e-02
2055.976,1.319372e-02
2055.977,1.329293e-02
2055.978,1.339213e-02
2055.979,1.349127e-02
2055.980,1.359033e-02
2055.981,1.368926e-02
2055.982,1.378803e-02
2055.983,1.388660e-02
2055.984,1.398492e-02
2055.985,1.408297e-02
2055.986,1.418070e-02
2055.987,1.427806e-02
2055.988,1.437501e-02
2055.989,1.447111e-02
2055.990,1.456711e-02
2055.991,1.466258e-02
2055.992,1.475745e-02
2055.993,1.485169e-02
2055.994,1.494524e-02
2055.995,1.503806e-02
2055.996,1.513009e-02
2055.997,1.522129e-02
2055.998,1.531161e-02
2055.999,1.540099e-02
2056.000,1.548938e-02
2056.001,1.557673e-02
2056.002,1.566299e-02
2056.003,1.574810e-02
2056.004,1.583201e-02
2056.005,1.591467e-02
2056.006,1.599602e-02
2056.007,1.607602e-02
2056.008,1.615460e-02
2056.009,1.623171e-02
2056.010,1.630731e-02
2056.011,1.638133e-02
2056.012,1.645373e-02
2056.013,1.652444e-02
2056.014,1.659343e-02
2056.015,1.666064e-02
2056.016,1.672602e-02
2056.017,1.678951e-02
2056.018,1.685108e-02
2056.019,1.691067e-02
2056.020,1.696823e-02
2056.021,1.702372e-02
2056.022,1.707710e-02
2056.023,1.712832e-02
2056.024,1.717734e-02
2056.025,1.722411e-02
2056.026,1.726861e-02
2056.027,1.731079e-02
2056.028,1.735061e-02
2056.029,1.738804e-02
2056.030,1.742306e-02
2056.031,1.745562e-02
2056.032,1.748571e-02
2056.033,1.751329e-02
2056.034,1.753833e-02
2056.035,1.756083e-02
2056.036,1.758076e-02
2056.037,1.759809e-02
2056.038,1.761282e-02
2056.039,1.762492e-02
2056.040,1.763440e-02
2056.041,1.764124e-02
2056.042,1.764375e-02
2056.043,1.764530e-02
2056.044,1.764421e-02
2056.045,1.764046e-02
2056.046,1.763407e-02
2056.047,1.762503e-02
2056.048,1.761336e-02
2056.049,1.759906e-02
2056.050,1.758216e-02
2056.051,1.756266e-02
2056.052,1.754058e-02
2056.053,1.751593e-02
2056.054,1.748875e-02
2056.055,1.745906e-02
2056.056,1.742688e-02
2056.057,1.739223e-02
2056.058,1.735516e-02
2056.059,1.731568e-02
2056.060,1.727384e-02
2056.061,1.722966e-02
2056.062,1.718320e-02
2056.063,1.713447e-02
2056.064,1.708354e-02
2056.065,1.703043e-02
2056.066,1.697518e-02
2056.067,1.691786e-02
2056.068,1.685849e-02
2056.069,1.679712e-02
2056.070,1.673381e-02
2056.071,1.666861e-02
2056.072,1.660155e-02
2056.073,1.653270e-02
2056.074,1.646210e-02
2056.075,1.638981e-02
2056.076,1.631587e-02
2056.077,1.624035e-02
2056.078,1.616328e-02
2056.079,1.608473e-02
2056.080,1.600476e-02
2056.081,1.592340e-02
2056.082,1.584073e-02
2056.083,1.575678e-02
2056.084,1.567162e-02
2056.085,1.558530e-02
2056.086,1.549787e-02
2056.087,1.540938e-02
2056.088,1.531989e-02
2056.089,1.522945e-02
2056.090,1.513811e-02
2056.091,1.504592e-02
2056.092,1.495293e-02
2056.093,1.485920e-02
2056.094,1.476476e-02
2056.095,1.466968e-02
2056.096,1.457400e-02
2056.097,1.447776e-02
2056.098,1.438102e-02
2056.099,1.428381e-02
2056.100,1.418618e-02
2056.101,1.408422e-02
2056.102,1.398592e-02
2056.103,1.388732e-02
2056.104,1.378848e-02
2056.105,1.368942e-02
2056.106,1.359020e-02
2056.107,1.349084e-02
2056.108,1.339139e-02
2056.109,1.329189e-02
2056.110,1.319235e-02
2056.111,1.309283e-02
2056.112,1.299335e-02
2056.113,1.289395e-02
2056.114,1.279465e-02
2056.115,1.269548e-02
2056.116,1.259649e-02
2056.117,1.249768e-02
2056.118,1.239909e-02
2056.119,1.230075e-02
2056.120,1.220269e-02
2056.121,1.210491e-02
2056.122,1.200745e-02
2056.123,1.191034e-02
2056.124,1.181358e-02
2056.125,1.171721e-02
2056.126,1.162124e-02
2056.127,1.152569e-02
2056.128,1.143057e-02
2056.129,1.133591e-02
2056.130,1.124173e-02
2056.131,1.114803e-02
2056.132,1.105482e-02
2056.133,1.096214e-02
2056.134,1.086998e-02
2056.135,1.077836e-02
2056.136,1.068730e-02
2056.137,1.059679e-02
2056.138,1.050686e-02
2056.139,1.041752e-02
2056.140,1.032876e-02
2056.141,1.024060e-02
2056.142,1.015306e-02
2056.143,1.006612e-02
2056.144,9.979812e-03
2056.145,9.894128e-03
2056.146,9.809078e-03
2056.147,9.724667e-03
2056.148,9.640898e-03
2056.149,9.557777e-03
2056.150,9.475307e-03
2056.151,9.393491e-03
2056.152,9.312332e-03
2056.153,9.231832e-03
2056.154,9.151994e-03
2056.155,9.072818e-03
2056.156,8.994307e-03
2056.157,8.916461e-03
2056.158,8.839281e-03
2056.159,8.762766e-03
2056.160,8.686918e-03
2056.161,8.611735e-03
2056.162,8.537218e-03
2056.163,8.463364e-03
2056.164,8.390174e-03
2056.165,8.317645e-03
2056.166,8.245776e-03
2056.167,8.145970e-03
2056.168,8.075613e-03
2056.169,8.005909e-03
2056.170,7.936854e-03
2056.171,7.868446e-03
2056.172,7.800683e-03
2056.173,7.733561e-03
2056.174,7.667078e-03
2056.175,7.601229e-03
2056.176,7.536013e-03
2056.177,7.471424e-03
2056.178,7.407460e-03
2056.179,7.344116e-03
2056.180,7.281390e-03
2056.181,7.219276e-03
2056.182,7.157772e-03
2056.183,7.096872e-03
2056.184,7.036572e-03
2056.185,6.976869e-03
2056.186,6.917758e-03
2056.187,6.859234e-03
2056.188,6.801293e-03
2056.189,6.743931e-03
2056.190,6.687142e-03
2056.191,6.630923e-03
2056.192,6.575268e-03
2056.193,6.520173e-03
2056.194,6.465632e-03
2056.195,6.411643e-03
2056.196,6.358199e-03
2056.197,6.305295e-03
2056.198,6.252928e-03
2056.199,6.201091e-03
2056.200,6.149781e-03
2056.201,6.098992e-03
2056.202,6.048719e-03
2056.203,5.998958e-03
2056.204,5.949704e-03
2056.205,5.900952e-03
2056.206,5.852696e-03
2056.207,5.804933e-03
2056.208,5.757658e-03
2056.209,5.710865e-03
2056.210,5.664549e-03
2056.211,5.618707e-03
2056.212,5.573332e-03
2056.213,5.528421e-03
2056.214,5.483969e-03
2056.215,5.439970e-03
2056.216,5.396421e-03
2056.217,5.353317e-03
2056.218,5.310652e-03
2056.219,5.268422e-03
2056.220,5.226624e-03
2056.221,5.185251e-03
2056.222,5.144300e-03
2056.223,5.103766e-03
2056.224,5.063645e-03
2056.225,5.023932e-03
2056.226,4.984623e-03
2056.227,4.945713e-03
2056.228,4.907198e-03
2056.229,3.107914e-06
2056.230,3.088009e-06
2056.231,3.068160e-06
2056.232,3.048368e-06
2056.233,3.028637e-06
2056.234,3.008969e-06
2056.235,2.989367e-06
2056.236,2.969832e-06
2056.237,2.950368e-06
2056.238,2.930977e-06
2056.239,2.911660e-06
2056.240,2.892420e-06
2056.241,2.873259e-06
2056.242,2.854178e-06
2056.243,2.835180e-06
2056.244,2.816266e-06
2056.245,2.797437e-06
2056.246,2.778697e-06
2056.247,2.760045e-06
2056.248,2.741483e-06
2056.249,2.723014e-06
2056.250,2.704637e-06
2056.251,2.686355e-06
2056.252,2.668169e-06
2056.253,2.650079e-06
2056.254,2.632087e-06
2056.255,2.614193e-06
2056.256,2.596400e-06
2056.257,2.578706e-06
2056.258,2.561114e-06
2056.259,2.543625e-06
2056.260,2.526238e-06
2056.261,2.508954e-06
2056.262,2.491775e-06
2056.263,2.474700e-06
2056.264,2.457730e-06
2056.265,2.440867e-06
2056.266,2.424109e-06
2056.267,2.407457e-06
2056.268,2.390913e-06
2056.269,2.374475e-06
2056.270,2.358145e-06
2056.271,2.341922e-06
2056.272,2.325807e-06
2056.273,2.309800e-06
2056.274,2.293901e-06
2056.275,2.278110e-06
2056.276,2.262427e-06
2056.277,2.246852e-06
2056.278,2.231386e-06
2056.279,2.216027e-06
2056.280,2.200776e-06
2056.281,2.185633e-06
2056.282,2.170598e-06
2056.283,2.155671e-06
2056.284,2.140850e-06
2056.285,2.126137e-06
2056.286,2.111531e-06
2056.287,2.097032e-06
2056.288,2.082639e-06
2056.289,2.068352e-06
2056.290,2.054171e-06
2056.291,2.040095e-06
2056.292,2.026125e-06
2056.293,2.012259e-06
2056.294,1.998497e-06
2056.295,1.984840e-06
2056.296,1.971286e-06
2056.297,1.957835e-06
2056.298,1.944487e-06
2056.299,1.931241e-06
2056.300,1.918097e-06
2056.301,1.905054e-06
2056.302,1.892112e-06
2056.303,1.879270e-06
2056.304,1.866528e-06
2056.305,1.853885e-06
2056.306,1.841341e-06
2056.307,1.828895e-06
2056.308,1.816546e-06
2056.309,1.804295e-06
2056.310,1.792140e-06
2056.311,1.780081e-06
2056.312,1.768118e-06
2056.313,1.756249e-06
2056.314,1.744474e-06
2056.315,1.732793e-06
2056.316,0.000000e+00
2056.317,0.000000e+00
2056.318,0.000000e+00
2056.319,0.000000e+00
2056.320,0.000000e+00
2056.321,0.000000e+00
2056.322,0.000000e+00
2056.323,0.000000e+00
2056.324,0.000000e+00
2056.325,0.000000e+00
2056.326,0.000000e+00
2056.327,0.000000e+00
2056.328,0.000000e+00
2056.329,0.000000e+00
2056.330,0.000000e+00
2056.331,0.000000e+00
2056.332,0.000000e+00
2056.333,0.000000e+00
2056.334,0.000000e+00
2056.335,0.000000e+00
2056.336,0.000000e+00
2056.337,0.000000e+00
2056.338,0.000000e+00
2056.339,0.000000e+00
2056.340,0.000000e+00
2056.341,0.000000e+00
2056.342,0.000000e+00
2056.343,0.000000e+00
2056.344,0.000000e+00
2056.345,0.000000e+00
2056.346,0.000000e+00
2056.347,0.000000e+00
2056.348,0.000000e+00
2056.349,0.000000e+00
2056.350,0.000000e+00
2056.351,0.000000e+00
2056.352,0.000000e+00
2056.353,0.000000e+00
2056.354,0.000000e+00
2056.355,0.000000e+00
2056.356,0.000000e+00
2056.357,0.000000e+00
2056.358,0.000000e+00
2056.359,0.000000e+00
2056.360,0.000000e+00
2056.361,0.000000e+00
2056.362,0.000000e+00
2056.363,0.000000e+00
2056.364,0.000000e+00
2056.365,0.000000e+00
2056.366,0.000000e+00
2056.367,0.000000e+00
2056.368,0.000000e+00
2056.369,0.000000e+00
2056.370,0.000000e+00
2056.371,0.000000e+00
2056.372,0.000000e+00
2056.373,0.000000e+00
2056.374,0.000000e+00
2056.375,0.000000e+00
2056.376,0.000000e+00
2056.377,0.000000e+00
2056.378,0.000000e+00
2056.379,0.000000e+00
2056.380,0.000000e+00
2056.381,0.000000e+00
2056.382,0.000000e+00
2056.383,0.000000e+00
2056.384,0.000000e+00
2056.385,0.000000e+00
2056.386,0.000000e+00
2056.387,0.000000e+00
2056.388,0.000000e+00
2056.389,0.000000e+00
2056.390,0.000000e+00
2056.391,0.000000e+00
2056.392,0.000000e+00
2056.393,0.000000e+00
2056.394,0.000000e+00
2056.395,0.000000e+00
2056.396,0.000000e+00
2056.397,0.000000e+00
2056.398,0.000000e+00
2056.399,0.000000e+00
2056.400,0.000000e+00
2056.401,0.000000e+00
2056.402,0.000000e+00
2056.403,0.000000e+00
2056.404,0.000000e+00
2056.405,0.000000e+00
2056.406,0.000000e+00
2056.407,0.000000e+00
2056.408,0.000000e+00
2056.409,0.000000e+00
2056.410,0.000000e+00
2056.411,0.000000e+00
2056.412,0.000000e+00
2056.413,0.000000e+00
2056.414,0.000000e+00
2056.415,0.000000e+00
2056.416,0.000000e+00
2056.417,0.000000e+00
2056.418,0.000000e+00
2056.419,0.000000e+00
2056.420,0.000000e+00
2056.421,0.000000e+00
2056.422,0.000000e+00
2056.423,0.000000e+00
2056.424,0.000000e+00
2056.425,0.000000e+00
2056.426,0.000000e+00
2056.427,0.000000e+00
2056.428,0.000000e+00
2056.429,1.951782e-05
2056.430,1.967118e-05
2056.431,1.982611e-05
2056.432,1.998263e-05
2056.433,2.014075e-05
2056.434,2.030051e-05
2056.435,2.046191e-05
2056.436,2.062497e-05
2056.437,2.078971e-05
2056.438,2.095615e-05
2056.439,2.112430e-05
2056.440,2.129419e-05
2056.441,2.146583e-05
2056.442,2.163925e-05
2056.443,2.181445e-05
2056.444,2.199146e-05
2056.445,2.217030e-05
2056.446,2.235098e-05
2056.447,2.253353e-05
2056.448,2.271797e-05
2056.449,2.290430e-05
2056.450,2.309256e-05
2056.451,2.328276e-05
2056.452,2.347492e-05
2056.453,2.366906e-05
2056.454,2.386520e-05
2056.455,2.406336e-05
2056.456,2.426356e-05
2056.457,2.446581e-05
2056.458,2.467014e-05
2056.459,2.487657e-05
2056.460,2.508511e-05
2056.461,2.529578e-05
2056.462,2.550861e-05
2056.463,2.572361e-05
2056.464,2.594080e-05
2056.465,2.616020e-05
2056.466,2.638184e-05
2056.467,2.660571e-05
2056.468,2.683186e-05
2056.469,2.706029e-05
2056.470,2.729102e-05
2056.471,2.752407e-05
2056.472,2.775947e-05
2056.473,2.799721e-05
2056.474,2.823733e-05
2056.475,2.847984e-05
2056.476,2.872476e-05
2056.477,2.897210e-05
2056.478,2.922188e-05
2056.479,2.947412e-05
2056.480,2.972882e-05
2056.481,2.998601e-05
2056.482,3.024569e-05
2056.483,3.050789e-05
2056.484,3.077262e-05
2056.485,3.103988e-05
2056.486,3.130969e-05
2056.487,3.158207e-05
2056.488,3.185702e-05
2056.489,3.213455e-05
2056.490,3.241467e-05
2056.491,3.269740e-05
2056.492,3.298273e-05
2056.493,3.327068e-05
2056.494,3.356125e-05
2056.495,3.385445e-05
2056.496,3.415027e-05
2056.497,3.444874e-05
2056.498,3.474983e-05
2056.499,3.505357e-05
2056.500,3.535994e-05
2056.501,3.566894e-05
2056.502,3.598058e-05
2056.503,3.629484e-05
2056.504,3.661173e-05
2056.505,3.693123e-05
2056.506,3.725334e-05
2056.507,3.757804e-05
2056.508,3.790533e-05
2056.509,3.823519e-05
2056.510,3.856760e-05
2056.511,3.890256e-05
2056.512,3.924003e-05
2056.513,3.958000e-05
2056.514,3.992244e-05
2056.515,4.026734e-05
2056.516,4.061466e-05
2056.517,4.096437e-05
2056.518,4.131644e-05
2056.519,4.167084e-05
2056.520,4.202753e-05
2056.521,4.238647e-05
2056.522,4.274762e-05
2056.523,4.311093e-05
2056.524,4.347636e-05
2056.525,4.384386e-05
2056.526,4.421337e-05
2056.527,4.458484e-05
2056.528,4.495821e-05
2056.529,4.533341e-05
2056.530,4.571039e-05
2056.531,4.608907e-05
2056.532,4.646937e-05
2056.533,4.685124e-05
2056.534,4.723458e-05
2056.535,4.761931e-05
2056.536,4.800535e-05
2056.537,4.839261e-05
2056.538,4.878100e-05
2056.539,4.917041e-05
2056.540,4.956075e-05
2056.541,4.995191e-05
2056.542,5.034379e-05
2056.543,5.073626e-05
2056.544,5.112922e-05
2056.545,5.152255e-05
2056.546,5.191612e-05
2056.547,5.230979e-05
2056.548,5.270345e-05
2056.549,5.309695e-05
2056.550,5.349015e-05
2056.551,5.388292e-05
2056.552,5.427509e-05
2056.553,5.466651e-05
2056.554,5.505704e-05
2056.555,5.544651e-05
2056.556,5.583476e-05
2056.557,5.622162e-05
2056.558,5.660691e-05
2056.559,5.699047e-05
2056.560,5.737212e-05
2056.561,5.775166e-05
2056.562,5.812893e-05
2056.563,5.850372e-05
2056.564,5.887586e-05
2056.565,5.924514e-05
2056.566,5.961136e-05
2056.567,5.997434e-05
2056.568,6.033386e-05
2056.569,6.068973e-05
2056.570,6.104173e-05
2056.571,6.138966e-05
2056.572,6.173331e-05
2056.573,6.207248e-05
2056.574,6.240694e-05
2056.575,6.273648e-05
2056.576,6.306091e-05
2056.577,6.337999e-05
2056.578,6.369352e-05
2056.579,6.400128e-05
2056.580,6.430307e-05
2056.581,6.459868e-05
2056.582,6.488788e-05
2056.583,6.517048e-05
2056.584,6.544627e-05
2056.585,6.571504e-05
2056.586,6.597660e-05
2056.587,6.623074e-05
2056.588,6.647727e-05
2056.589,6.671600e-05
2056.590,6.694674e-05
2056.591,6.716931e-05
2056.592,6.738353e-05
2056.593,6.758922e-05
2056.594,6.778623e-05
2056.595,6.797438e-05
2056.596,6.815351e-05
2056.597,6.832349e-05
2056.598,6.848416e-05
2056.599,6.863538e-05
2056.600,6.877704e-05
2056.601,6.890900e-05
2056.602,6.903115e-05
2056.603,6.914339e-05
2056.604,6.924561e-05
2056.605,6.933773e-05
2056.606,6.941967e-05
2056.607,6.949134e-05
2056.608,6.955270e-05
2056.609,6.960367e-05
2056.610,6.964423e-05
2056.611,6.967432e-05
2056.612,6.969393e-05
2056.613,6.970303e-05
2056.614,6.970163e-05
2056.615,6.968971e-05
2056.616,6.966729e-05
2056.617,6.963439e-05
2056.618,6.959104e-05
2056.619,6.953728e-05
2056.620,6.947316e-05
2056.621,6.939873e-05
2056.622,6.931406e-05
2056.623,6.921923e-05
2056.624,6.911431e-05
2056.625,6.899941e-05
2056.626,6.887462e-05
2056.627,6.874005e-05
2056.628,6.859582e-05
2056.629,6.844205e-05
2056.630,6.827888e-05
2056.631,6.810643e-05
2056.632,6.792487e-05
2056.633,6.773433e-05
2056.634,6.753499e-05
2056.635,6.732699e-05
2056.636,6.711052e-05
2056.637,6.688574e-05
2056.638,6.665285e-05
2056.639,6.641201e-05
2056.640,6.616342e-05
2056.641,6.590727e-05
2056.642,6.564376e-05
2056.643,6.537309e-05
2056.644,6.509546e-05
2056.645,6.481107e-05
2056.646,6.452013e-05
2056.647,6.422286e-05
2056.648,6.391944e-05
2056.649,6.361011e-05
2056.650,6.329508e-05
2056.651,6.297454e-05
2056.652,6.264873e-05
2056.653,6.231784e-05
2056.654,6.198210e-05
2056.655,6.164172e-05
2056.656,6.129690e-05
2056.657,6.094786e-05
2056.658,6.059480e-05
2056.659,6.023793e-05
2056.660,5.987747e-05
2056.661,5.951360e-05
2056.662,5.914654e-05
2056.663,5.877648e-05
2056.664,5.840361e-05
2056.665,5.802813e-05
2056.666,5.765024e-05
2056.667,5.727011e-05
2056.668,5.688794e-05
2056.669,5.650390e-05
2056.670,5.611817e-05
2056.671,5.573092e-05
2056.672,5.534233e-05
2056.673,5.495256e-05
2056.674,5.456177e-05
2056.675,5.417013e-05
2056.676,5.377779e-05
2056.677,5.338490e-05
2056.678,5.299160e-05
2056.679,5.259804e-05
2056.680,5.220437e-05
2056.681,5.181071e-05
2056.682,5.141719e-05
2056.683,5.102395e-05
2056.684,5.063111e-05
2056.685,5.023878e-05
2056.686,4.984709e-05
2056.687,4.945613e-05
2056.688,4.906603e-05
2056.689,4.867689e-05
2056.690,4.828879e-05
2056.691,4.790185e-05
2056.692,4.751615e-05
2056.693,4.713178e-05
2056.694,4.674883e-05
2056.695,4.636737e-05
2056.696,4.598750e-05
2056.697,4.560927e-05
2056.698,4.523276e-05
2056.699,4.485804e-05
2056.700,4.448517e-05
2056.701,4.411422e-05
2056.702,4.374525e-05
2056.703,4.337830e-05
2056.704,4.301343e-05
2056.705,4.265069e-05
2056.706,4.229013e-05
2056.707,4.193179e-05
2056.708,4.157571e-05
2056.709,4.122193e-05
2056.710,4.087048e-05
2056.711,4.052141e-05
2056.712,4.017474e-05
2056.713,3.983050e-05
2056.714,3.948871e-05
2056.715,3.914941e-05
2056.716,3.881261e-05
2056.717,3.847834e-05
2056.718,3.814661e-05
2056.719,3.781743e-05
2056.720,3.749084e-05
2056.721,3.716683e-05
2056.722,3.684542e-05
2056.723,3.652661e-05
2056.724,3.621043e-05
2056.725,3.589687e-05
2056.726,3.558594e-05
2056.727,3.527764e-05
2056.728,3.497197e-05
2056.729,3.466894e-05
2056.730,3.436855e-05
2056.731,3.407080e-05
2056.732,3.377567e-05
2056.733,3.348318e-05
2056.734,3.319331e-05
2056.735,3.290606e-05
2056.736,3.262143e-05
2056.737,3.233940e-05
2056.738,3.205997e-05
2056.739,3.178314e-05
2056.740,3.150888e-05
2056.741,3.123719e-05
2056.742,3.096806e-05
2056.743,3.070148e-05
2056.744,3.043743e-05
2056.745,3.017591e-05
2056.746,2.991689e-05
2056.747,2.966037e-05
2056.748,2.940633e-05
2056.749,2.915475e-05
2056.750,2.890563e-05
2056.751,2.865894e-05
2056.752,2.841467e-05
2056.753,2.817280e-05
2056.754,2.793331e-05
2056.755,2.769620e-05
2056.756,2.746144e-05
2056.757,2.722901e-05
2056.758,2.699889e-05
2056.759,2.677108e-05
2056.760,2.654554e-05
2056.761,2.632226e-05
2056.762,2.610123e-05
2056.763,2.588242e-05
2056.764,2.566582e-05
2056.765,2.545140e-05
2056.766,2.523915e-05
2056.767,2.502905e-05
2056.768,2.482108e-05
2056.769,2.461522e-05
2056.770,2.441145e-05
2056.771,2.420975e-05
2056.772,2.401010e-05
2056.773,2.381248e-05
2056.774,2.361688e-05
2056.775,2.342327e-05
2056.776,2.323164e-05
2056.777,2.304196e-05
2056.778,2.285422e-05
2056.779,2.266839e-05
2056.780,2.248446e-05
2056.781,2.230242e-05
2056.782,2.212223e-05
2056.783,2.194388e-05
2056.784,2.176735e-05
2056.785,2.159263e-05
2056.786,2.141970e-05
2056.787,2.124853e-05
2056.788,2.107910e-05
2056.789,2.091141e-05
2056.790,2.074543e-05
2056.791,2.058114e-05
2056.792,2.041852e-05
2056.793,2.025757e-05
2056.794,2.009825e-05
2056.795,1.994055e-05
2056.796,1.978446e-05
2056.797,1.962996e-05
2056.798,1.947702e-05
2056.799,0.000000e+00
2056.800,0.000000e+00
2056.801,0.000000e+00
2056.802,0.000000e+00
2056.803,0.000000e+00
2056.804,0.000000e+00
2056.805,0.000000e+00
2056.806,0.000000e+00
2056.807,0.000000e+00
2056.808,0.000000e+00
2056.809,0.000000e+00
2056.810,0.000000e+00
2056.811,0.000000e+00
2056.812,0.000000e+00
2056.813,0.000000e+00
2056.814,0.000000e+00
2056.815,0.000000e+00
2056.816,0.000000e+00
2056.817,0.000000e+00
2056.818,0.000000e+00
2056.819,0.000000e+00
2056.820,0.000000e+00
2056.821,0.000000e+00
2056.822,0.000000e+00
2056.823,0.000000e+00
2056.824,0.000000e+00
2056.825,0.000000e+00
2056.826,0.000000e+00
2056.827,0.000000e+00
2056.828,0.000000e+00
2056.829,0.000000e+00
2056.830,0.000000e+00
2056.831,0.000000e+00
2056.832,0.000000e+00
2056.833,0.000000e+00
2056.834,0.000000e+00
2056.835,0.000000e+00
2056.836,0.000000e+00
2056.837,0.000000e+00
2056.838,0.000000e+00
2056.839,0.000000e+00
2056.840,0.000000e+00
2056.841,0.000000e+00
2056.842,0.000000e+00
2056.843,0.000000e+00
2056.844,0.000000e+00
2056.845,0.000000e+00
2056.846,0.000000e+00
2056.847,0.000000e+00
2056.848,0.000000e+00
2056.849,0.000000e+00
2056.850,0.000000e+00
2056.851,0.000000e+00
2056.852,0.000000e+00
2056.853,0.000000e+00
2056.854,0.000000e+00
2056.855,0.000000e+00
2056.856,0.000000e+00
2056.857,0.000000e+00
2056.858,0.000000e+00
2056.859,0.000000e+00
2056.860,0.000000e+00
2056.861,0.000000e+00
2056.862,0.000000e+00
2056.863,0.000000e+00
2056.864,0.000000e+00
2056.865,0.000000e+00
2056.866,0.000000e+00
2056.867,0.000000e+00
2056.868,0.000000e+00
2056.869,0.000000e+00
2056.870,0.000000e+00
2056.871,0.000000e+00
2056.872,0.000000e+00
2056.873,0.000000e+00
2056.874,0.000000e+00
2056.875,0.000000e+00
2056.876,0.000000e+00
2056.877,0.000000e+00
2056.878,0.000000e+00
2056.879,0.000000e+00
2056.880,0.000000e+00
2056.881,0.000000e+00
2056.882,0.000000e+00
2056.883,0.000000e+00
2056.884,0.000000e+00
2056.885,0.000000e+00
2056.886,0.000000e+00
2056.887,0.000000e+00
2056.888,0.000000e+00
2056.889,0.000000e+00
2056.890,0.000000e+00
2056.891,0.000000e+00
2056.892,0.000000e+00
2056.893,0.000000e+00
2056.894,0.000000e+00
2056.895,0.000000e+00
2056.896,0.000000e+00
2056.897,0.000000e+00
2056.898,0.000000e+00
2056.899,0.000000e+00
2056.900,0.000000e+00
2056.901,0.000000e+00
2056.902,0.000000e+00
2056.903,0.000000e+00
2056.904,0.000000e+00
2056.905,0.000000e+00
2056.906,0.000000e+00
2056.907,0.000000e+00
2056.908,0.000000e+00
2056.909,0.000000e+00
2056.910,0.000000e+00
2056.911,0.000000e+00
2056.912,0.000000e+00
2056.913,0.000000e+00
2056.914,0.000000e+00
2056.915,0.000000e+00
2056.916,0.000000e+00
2056.917,0.000000e+00
2056.918,0.000000e+00
2056.919,0.000000e+00
2056.920,0.000000e+00
2056.921,0.000000e+00
2056.922,0.000000e+00
2056.923,0.000000e+00
2056.924,0.000000e+00
2056.925,0.000000e+00
2056.926,0.000000e+00
2056.927,0.000000e+00
2056.928,0.000000e+00
2056.929,0.000000e+00
2056.930,0.000000e+00
2056.931,0.000000e+00
2056.932,0.000000e+00
2056.933,0.000000e+00
2056.934,0.000000e+00
2056.935,0.000000e+00
2056.936,0.000000e+00
2056.937,0.000000e+00
2056.938,0.000000e+00
2056.939,0.000000e+00
2056.940,0.000000e+00
2056.941,0.000000e+00
2056.942,0.000000e+00
2056.943,0.000000e+00
2056.944,0.000000e+00
2056.945,0.000000e+00
2056.946,0.000000e+00
2056.947,0.000000e+00
2056.948,0.000000e+00
2056.949,0.000000e+00
2056.950,0.000000e+00
2056.951,0.000000e+00
2056.952,0.000000e+00
2056.953,0.000000e+00
2056.954,0.000000e+00
2056.955,0.000000e+00
2056.956,0.000000e+00
2056.957,0.000000e+00
2056.958,0.000000e+00
2056.959,0.000000e+00
2056.960,0.000000e+00
2056.961,0.000000e+00
2056.962,0.000000e+00
2056.963,0.000000e+00
2056.964,0.000000e+00
2056.965,0.000000e+00
2056.966,0.000000e+00
2056.967,0.000000e+00
2056.968,0.000000e+00
2056.969,0.000000e+00
2056.970,0.000000e+00
2056.971,0.000000e+00
2056.972,0.000000e+00
2056.973,0.000000e+00
2056.974,0.000000e+00
2056.975,0.000000e+00
2056.976,0.000000e+00
2056.977,0.000000e+00
2056.978,0.000000e+00
2056.979,0.000000e+00
2056.980,0.000000e+00
2056.981,0.000000e+00
2056.982,0.000000e+00
2056.983,0.000000e+00
2056.984,0.000000e+00
2056.985,0.000000e+00
2056.986,0.000000e+00
2056.987,0.000000e+00
2056.988,0.000000e+00
2056.989,0.000000e+00
2056.990,0.000000e+00
2056.991,0.000000e+00
2056.992,0.000000e+00
2056.993,0.000000e+00
2056.994,0.000000e+00
2056.995,0.000000e+00
2056.996,0.000000e+00
2056.997,0.000000e+00
2056.998,0.000000e+00
2056.999,0.000000e+00
2057.000,0.000000e+00
2057.001,0.000000e+00
2057.002,0.000000e+00
2057.003,0.000000e+00
2057.004,0.000000e+00
2057.005,0.000000e+00
2057.006,0.000000e+00
2057.007,0.000000e+00
2057.008,0.000000e+00
2057.009,0.000000e+00
2057.010,0.000000e+00
2057.011,0.000000e+00
2057.012,0.000000e+00
2057.013,0.000000e+00
2057.014,0.000000e+00
2057.015,0.000000e+00
2057.016,0.000000e+00
2057.017,0.000000e+00
2057.018,0.000000e+00
2057.019,0.000000e+00
2057.020,0.000000e+00
2057.021,0.000000e+00
2057.022,0.000000e+00
2057.023,0.000000e+00
2057.024,0.000000e+00
2057.025,0.000000e+00
2057.026,0.000000e+00
2057.027,0.000000e+00
2057.028,0.000000e+00
2057.029,0.000000e+00
2057.030,0.000000e+00
2057.031,0.000000e+00
2057.032,0.000000e+00
2057.033,0.000000e+00
2057.034,0.000000e+00
2057.035,0.000000e+00
2057.036,0.000000e+00
2057.037,0.000000e+00
2057.038,0.000000e+00
2057.039,0.000000e+00
2057.040,0.000000e+00
2057.041,0.000000e+00
2057.042,0.000000e+00
2057.043,0.000000e+00
2057.044,0.000000e+00
2057.045,0.000000e+00
2057.046,0.000000e+00
2057.047,0.000000e+00
2057.048,0.000000e+00
2057.049,0.000000e+00
2057.050,0.000000e+00
2057.051,0.000000e+00
2057.052,0.000000e+00
2057.053,0.000000e+00
2057.054,0.000000e+00
2057.055,0.000000e+00
2057.056,0.000000e+00
2057.057,0.000000e+00
2057.058,0.000000e+00
2057.059,0.000000e+00
2057.060,0.000000e+00
2057.061,0.000000e+00
2057.062,0.000000e+00
2057.063,0.000000e+00
2057.064,0.000000e+00
2057.065,0.000000e+00
2057.066,0.000000e+00
2057.067,0.000000e+00
2057.068,0.000000e+00
2057.069,0.000000e+00
2057.070,0.000000e+00
2057.071,0.000000e+00
2057.072,0.000000e+00
2057.073,0.000000e+00
2057.074,0.000000e+00
2057.075,0.000000e+00
2057.076,0.000000e+00
2057.077,0.000000e+00
2057.078,0.000000e+00
2057.079,0.000000e+00
2057.080,0.000000e+00
2057.081,0.000000e+00
2057.082,0.000000e+00
2057.083,0.000000e+00
2057.084,0.000000e+00
2057.085,0.000000e+00
2057.086,0.000000e+00
2057.087,0.000000e+00
2057.088,0.000000e+00
2057.089,0.000000e+00
2057.090,0.000000e+00
2057.091,0.000000e+00
2057.092,0.000000e+00
2057.093,0.000000e+00
2057.094,0.000000e+00
2057.095,0.000000e+00
2057.096,0.000000e+00
2057.097,0.000000e+00
2057.098,0.000000e+00
2057.099,0.000000e+00
2057.100,0.000000e+00
2057.101,0.000000e+00
2057.102,0.000000e+00
2057.103,0.000000e+00
2057.104,0.000000e+00
2057.105,0.000000e+00
2057.106,0.000000e+00
2057.107,0.000000e+00
2057.108,0.000000e+00
2057.109,0.000000e+00
2057.110,0.000000e+00
2057.111,0.000000e+00
2057.112,0.000000e+00
2057.113,0.000000e+00
2057.114,0.000000e+00
2057.115,0.000000e+00
2057.116,0.000000e+00
2057.117,0.000000e+00
2057.118,0.000000e+00
2057.119,0.000000e+00
2057.120,0.000000e+00
2057.121,0.000000e+00
2057.122,0.000000e+00
2057.123,0.000000e+00
2057.124,0.000000e+00
2057.125,0.000000e+00
2057.126,0.000000e+00
2057.127,0.000000e+00
2057.128,0.000000e+00
2057.129,0.000000e+00
2057.130,0.000000e+00
2057.131,0.000000e+00
2057.132,0.000000e+00
2057.133,0.000000e+00
2057.134,0.000000e+00
2057.135,0.000000e+00
2057.136,0.000000e+00
2057.137,0.000000e+00
2057.138,0.000000e+00
2057.139,0.000000e+00
2057.140,0.000000e+00
2057.141,0.000000e+00
2057.142,0.000000e+00
2057.143,0.000000e+00
2057.144,0.000000e+00
2057.145,0.000000e+00
2057.146,0.000000e+00
2057.147,0.000000e+00
2057.148,0.000000e+00
2057.149,0.000000e+00
2057.150,0.000000e+00
2057.151,0.000000e+00
2057.152,0.000000e+00
2057.153,0.000000e+00
2057.154,0.000000e+00
2057.155,3.746517e-08
2057.156,3.770788e-08
2057.157,3.795241e-08
2057.158,3.819878e-08
2057.159,3.844698e-08
2057.160,3.869704e-08
2057.161,3.894896e-08
2057.162,3.920274e-08
2057.163,3.945841e-08
2057.164,3.971595e-08
2057.165,3.997540e-08
2057.166,4.023674e-08
2057.167,4.050000e-08
2057.168,4.076517e-08
2057.169,4.103227e-08
2057.170,4.130130e-08
2057.171,4.157227e-08
2057.172,6.040534e-07
2057.173,6.082635e-07
2057.174,6.125091e-07
2057.175,6.167905e-07
2057.176,6.211080e-07
2057.177,6.254617e-07
2057.178,6.298520e-07
2057.179,6.342791e-07
2057.180,6.387432e-07
2057.181,6.432446e-07
2057.182,6.477836e-07
2057.183,6.523603e-07
2057.184,6.569750e-07
2057.185,6.616280e-07
2057.186,6.663195e-07
2057.187,6.710496e-07
2057.188,6.758188e-07
2057.189,6.806271e-07
2057.190,6.854748e-07
2057.191,6.903621e-07
2057.192,6.952892e-07
2057.193,7.002564e-07
2057.194,7.052638e-07
2057.195,7.103116e-07
2057.196,7.154001e-07
2057.197,7.205294e-07
2057.198,7.256997e-07
2057.199,7.309112e-07
2057.200,7.361641e-07
2057.201,7.414584e-07
2057.202,7.467945e-07
2057.203,7.521724e-07
2057.204,7.575922e-07
2057.205,7.630542e-07
2057.206,7.685584e-07
2057.207,7.741050e-07
2057.208,7.796940e-07
2057.209,7.853256e-07
2057.210,7.909998e-07
2057.211,7.967168e-07
2057.212,8.024766e-07
2057.213,8.082793e-07
2057.214,8.141249e-07
2057.215,8.200134e-07
2057.216,8.259449e-07
2057.217,8.319194e-07
2057.218,8.379369e-07
2057.219,8.439974e-07
2057.220,8.501008e-07
2057.221,8.562471e-07
2057.222,8.624363e-07
2057.223,8.686682e-07
2057.224,8.749428e-07
2057.225,8.812599e-07
2057.226,8.876195e-07
2057.227,8.940214e-07
2057.228,9.004655e-07
2057.229,9.069515e-07
2057.230,9.134792e-07
2057.231,9.200485e-07
2057.232,9.266591e-07
2057.233,9.333107e-07
2057.234,9.400030e-07
2057.235,9.467358e-07
2057.236,9.535087e-07
2057.237,9.603214e-07
2057.238,9.671734e-07
2057.239,9.740645e-07
2057.240,9.809940e-07
2057.241,9.879616e-07
2057.242,9.949669e-07
2057.243,1.002009e-06
2057.244,1.009088e-06
2057.245,1.016203e-06
2057.246,1.023353e-06
2057.247,1.030538e-06
2057.248,1.037757e-06
2057.249,1.045010e-06
2057.250,1.052295e-06
2057.251,1.059612e-06
2057.252,1.066960e-06
2057.253,1.074338e-06
2057.254,1.081746e-06
2057.255,1.089183e-06
2057.256,1.096647e-06
2057.257,1.104137e-06
2057.258,1.111653e-06
2057.259,1.119194e-06
2057.260,1.126758e-06
2057.261,1.134344e-06
2057.262,1.141952e-06
2057.263,1.149579e-06
2057.264,1.157226e-06
2057.265,1.164889e-06
2057.266,1.172569e-06
2057.267,1.180263e-06
2057.268,1.187971e-06
2057.269,1.195690e-06
2057.270,1.203420e-06
2057.271,1.211158e-06
2057.272,1.218904e-06
2057.273,1.226655e-06
2057.274,1.234409e-06
2057.275,1.242166e-06
2057.276,1.249923e-06
2057.277,1.257679e-06
2057.278,1.265431e-06
2057.279,1.273178e-06
2057.280,1.280918e-06
2057.281,1.288648e-06
2057.282,1.296367e-06
2057.283,1.304073e-06
2057.284,1.311763e-06
2057.285,1.319435e-06
2057.286,1.327088e-06
2057.287,1.334718e-06
2057.288,1.342324e-06
2057.289,1.349903e-06
2057.290,1.357452e-06
2057.291,1.364970e-06
2057.292,1.372454e-06
2057.293,1.379901e-06
2057.294,1.387310e-06
2057.295,1.394676e-06
2057.296,1.401998e-06
2057.297,1.409273e-06
2057.298,1.416499e-06
2057.299,1.423672e-06
2057.300,1.430790e-06
2057.301,1.437851e-06
2057.302,1.444851e-06
2057.303,1.451787e-06
2057.304,1.458658e-06
2057.305,1.465459e-06
2057.306,1.472189e-06
2057.307,1.478843e-06
2057.308,1.485421e-06
2057.309,1.491918e-06
2057.310,1.498331e-06
2057.311,1.504659e-06
2057.312,1.510897e-06
2057.313,1.517043e-06
2057.314,1.523095e-06
2057.315,1.529048e-06
2057.316,1.534901e-06
2057.317,1.540651e-06
2057.318,1.546294e-06
2057.319,1.551828e-06
2057.320,1.557250e-06
2057.321,1.562558e-06
2057.322,1.567748e-06
2057.323,1.572818e-06
2057.324,1.577765e-06
2057.325,1.582587e-06
2057.326,1.587280e-06
2057.327,1.591843e-06
2057.328,1.596273e-06
2057.329,1.600568e-06
2057.330,1.604724e-06
2057.331,1.608741e-06
2057.332,1.612614e-06
2057.333,1.616343e-06
2057.334,1.619925e-06
2057.335,1.623358e-06
2057.336,1.626640e-06
2057.337,1.629769e-06
2057.338,1.632743e-06
2057.339,1.635561e-06
2057.340,1.638220e-06
2057.341,1.640720e-06
2057.342,1.643058e-06
2057.343,1.645234e-06
2057.344,1.647245e-06
2057.345,1.649091e-06
2057.346,1.650770e-06
2057.347,1.652282e-06
2057.348,1.653626e-06
2057.349,1.654800e-06
2057.350,1.655804e-06
2057.351,1.656637e-06
2057.352,1.657299e-06
2057.353,1.657790e-06
2057.354,1.658108e-06
2057.355,1.658254e-06
2057.356,1.658228e-06
2057.357,1.658030e-06
2057.358,1.657659e-06
2057.359,1.657117e-06
2057.360,1.656403e-06
2057.361,1.655517e-06
2057.362,1.654461e-06
2057.363,1.653235e-06
2057.364,1.651839e-06
2057.365,1.650275e-06
2057.366,1.648544e-06
2057.367,1.646646e-06
2057.368,1.644582e-06
2057.369,1.642355e-06
2057.370,1.639965e-06
2057.371,1.637413e-06
2057.372,1.634702e-06
2057.373,1.631832e-06
2057.374,1.628806e-06
2057.375,1.625626e-06
2057.376,1.622292e-06
2057.377,1.618808e-06
2057.378,1.615174e-06
2057.379,1.611394e-06
2057.380,1.607469e-06
2057.381,1.603402e-06
2057.382,1.599194e-06
2057.383,1.594849e-06
2057.384,1.590368e-06
2057.385,1.585755e-06
2057.386,1.581010e-06
2057.387,1.576139e-06
2057.388,1.571141e-06
2057.389,1.566022e-06
2057.390,1.560782e-06
2057.391,1.555425e-06
2057.392,1.549954e-06
2057.393,1.544371e-06
2057.394,1.538679e-06
2057.395,1.532881e-06
2057.396,1.526981e-06
2057.397,1.520979e-06
2057.398,1.514881e-06
2057.399,1.508688e-06
2057.400,1.502403e-06
2057.401,1.496030e-06
2057.402,1.489570e-06
2057.403,1.483028e-06
2057.404,1.476406e-06
2057.405,1.469707e-06
2057.406,1.462934e-06
2057.407,1.456089e-06
2057.408,1.449176e-06
2057.409,1.442197e-06
2057.410,1.435155e-06
2057.411,1.428054e-06
2057.412,1.420895e-06
2057.413,1.413682e-06
2057.414,1.406417e-06
2057.415,1.399103e-06
2057.416,1.391743e-06
2057.417,1.384339e-06
2057.418,1.376894e-06
2057.419,1.369411e-06
2057.420,1.361891e-06
2057.421,1.354338e-06
2057.422,1.346755e-06
2057.423,1.339142e-06
2057.424,1.331504e-06
2057.425,1.323842e-06
2057.426,1.316158e-06
2057.427,1.308456e-06
2057.428,1.300736e-06
2057.429,1.293001e-06
2057.430,1.285254e-06
2057.431,1.277496e-06
2057.432,1.269730e-06
2057.433,1.261957e-06
2057.434,1.254180e-06
2057.435,1.328511e-06
2057.436,1.321284e-06
2057.437,1.314062e-06
2057.438,1.306847e-06
2057.439,1.299642e-06
2057.440,1.292448e-06
2057.441,1.285265e-06
2057.442,1.278097e-06
2057.443,1.270945e-06
2057.444,1.263810e-06
2057.445,1.256693e-06
2057.446,1.249597e-06
2057.447,1.242522e-06
2057.448,1.235470e-06
2057.449,1.228442e-06
2057.450,1.221440e-06
2057.451,1.214465e-06
2057.452,1.207517e-06
2057.453,1.200598e-06
2057.454,1.193710e-06
2057.455,1.186852e-06
2057.456,1.180027e-06
2057.457,1.173235e-06
2057.458,1.166477e-06
2057.459,1.159755e-06
2057.460,1.153068e-06
2057.461,1.146418e-06
2057.462,1.139805e-06
2057.463,1.133231e-06
2057.464,1.126696e-06
2057.465,1.120201e-06
2057.466,1.113746e-06
2057.467,1.107333e-06
2057.468,1.100961e-06
2057.469,1.094631e-06
2057.470,1.088344e-06
2057.471,1.082100e-06
2057.472,1.075900e-06
2057.473,1.069744e-06
2057.474,1.063633e-06
2057.475,1.057567e-06
2057.476,1.051547e-06
2057.477,1.045572e-06
2057.478,1.039643e-06
2057.479,1.033760e-06
2057.480,1.027924e-06
2057.481,1.022135e-06
2057.482,1.016393e-06
2057.483,1.010699e-06
2057.484,1.005051e-06
2057.485,9.994518e-07
2057.486,9.938999e-07
2057.487,9.883958e-07
2057.488,9.829397e-07
2057.489,9.775316e-07
2057.490,9.721716e-07
2057.491,9.668597e-07
2057.492,9.615959e-07
2057.493,9.673542e-07
2057.494,9.622634e-07
2057.495,9.572213e-07
2057.496,9.522279e-07
2057.497,9.472831e-07
2057.498,9.423868e-07
2057.499,9.375391e-07
2057.500,9.327397e-07
2057.501,9.279885e-07
2057.502,9.232854e-07
2057.503,9.186303e-07
2057.504,9.140229e-07
2057.505,9.094632e-07
2057.506,9.049509e-07
2057.507,9.004859e-07
2057.508,8.960679e-07
2057.509,8.916967e-07
2057.510,8.873720e-07
2057.511,8.830937e-07
2057.512,8.788615e-07
2057.513,8.746751e-07
2057.514,8.705342e-07
2057.515,8.664385e-07
2057.516,8.623879e-07
2057.517,8.583818e-07
2057.518,8.544201e-07
2057.519,8.505024e-07
2057.520,8.466283e-07
2057.521,8.427976e-07
2057.522,8.390099e-07
2057.523,8.352648e-07
2057.524,8.315619e-07
2057.525,8.279009e-07
2057.526,7.870866e-07
2057.527,7.837471e-07
2057.528,7.804464e-07
2057.529,7.771843e-07
2057.530,7.739603e-07
2057.531,7.707740e-07
2057.532,7.676250e-07
2057.533,7.645128e-07
2057.534,7.614370e-07
2057.535,7.583972e-07
2057.536,7.553929e-07
2057.537,7.524237e-07
2057.538,7.494891e-07
2057.539,7.465887e-07
2057.540,7.437219e-07
2057.541,7.408884e-07
2057.542,1.830117e-07
2057.543,1.840846e-07
2057.544,1.851567e-07
2057.545,1.862276e-07
2057.546,1.872971e-07
2057.547,1.883651e-07
2057.548,1.894312e-07
2057.549,1.904951e-07
2057.550,1.915566e-07
2057.551,1.926155e-07
2057.552,1.936714e-07
2057.553,1.947240e-07
2057.554,1.957731e-07
2057.555,1.968183e-07
2057.556,1.978594e-07
2057.557,1.988961e-07
2057.558,1.999281e-07
2057.559,2.009550e-07
2057.560,2.019765e-07
2057.561,2.029924e-07
2057.562,2.040022e-07
2057.563,2.050058e-07
2057.564,2.060027e-07
2057.565,2.069926e-07
2057.566,2.079752e-07
2057.567,2.089502e-07
2057.568,2.099172e-07
2057.569,2.108759e-07
2057.570,2.118259e-07
2057.571,2.127669e-07
2057.572,2.136986e-07
2057.573,2.146207e-07
2057.574,2.155327e-07
2057.575,2.164343e-07
2057.576,2.173252e-07
2057.577,2.182051e-07
2057.578,2.190735e-07
2057.579,2.199302e-07
2057.580,2.207749e-07
2057.581,2.216071e-07
2057.582,2.224265e-07
2057.583,2.232329e-07
2057.584,2.240258e-07
2057.585,2.248049e-07
2057.586,2.255700e-07
2057.587,2.263206e-07
2057.588,2.270565e-07
2057.589,2.277773e-07
2057.590,2.284827e-07
2057.591,2.291725e-07
2057.592,2.298462e-07
2057.593,2.305037e-07
2057.594,2.311446e-07
2057.595,2.317687e-07
2057.596,2.323755e-07
2057.597,2.329650e-07
2057.598,2.335368e-07
2057.599,2.340906e-07
2057.600,2.346262e-07
2057.601,2.351433e-07
2057.602,2.356418e-07
2057.603,2.361213e-07
2057.604,2.365817e-07
2057.605,2.370227e-07
2057.606,2.374442e-07
2057.607,2.378459e-07
2057.608,2.382277e-07
2057.609,2.385894e-07
2057.610,2.389308e-07
2057.611,2.392517e-07
2057.612,2.395521e-07
2057.613,2.398317e-07
2057.614,2.400906e-07
2057.615,2.403284e-07
2057.616,2.405452e-07
2057.617,2.407409e-07
2057.618,2.409153e-07
2057.619,2.410685e-07
2057.620,2.412002e-07
2057.621,2.413106e-07
2057.622,2.413995e-07
2057.623,2.414670e-07
2057.624,2.415129e-07
2057.625,2.415374e-07
2057.626,2.415404e-07
2057.627,2.415219e-07
2057.628,2.414820e-07
2057.629,2.414207e-07
2057.630,2.413380e-07
2057.631,2.412341e-07
2057.632,2.411090e-07
2057.633,2.409627e-07
2057.634,2.407954e-07
2057.635,2.406071e-07
2057.636,2.403981e-07
2057.637,2.401683e-07
2057.638,2.399180e-07
2057.639,2.396472e-07
2057.640,2.393562e-07
2057.641,2.390451e-07
2057.642,2.387140e-07
2057.643,2.383632e-07
2057.644,2.379928e-07
2057.645,2.376030e-07
2057.646,2.371940e-07
2057.647,2.367661e-07
2057.648,2.363194e-07
2057.649,2.358542e-07
2057.650,2.353707e-07
2057.651,2.348691e-07
2057.652,2.343497e-07
2057.653,2.338127e-07
2057.654,2.332585e-07
2057.655,2.326871e-07
2057.656,2.320990e-07
2057.657,2.314944e-07
2057.658,2.308735e-07
2057.659,2.302367e-07
2057.660,2.295842e-07
2057.661,2.289163e-07
2057.662,2.282334e-07
2057.663,2.275356e-07
2057.664,2.268233e-07
2057.665,2.260969e-07
2057.666,2.253565e-07
2057.667,2.246025e-07
2057.668,2.238353e-07
2057.669,5.493634e-04
2057.670,5.536158e-04
2057.671,5.579109e-04
2057.672,5.622492e-04
2057.673,5.666311e-04
2057.674,5.710570e-04
2057.675,5.755275e-04
2057.676,5.800429e-04
2057.677,5.846039e-04
2057.678,5.892107e-04
2057.679,5.938639e-04
2057.680,5.985640e-04
2057.681,6.033115e-04
2057.682,6.081067e-04
2057.683,6.129503e-04
2057.684,6.178426e-04
2057.685,6.227842e-04
2057.686,6.277755e-04
2057.687,6.328171e-04
2057.688,6.379094e-04
2057.689,6.430528e-04
2057.690,6.482480e-04
2057.691,6.534953e-04
2057.692,6.587954e-04
2057.693,6.641485e-04
2057.694,6.695553e-04
2057.695,6.750163e-04
2057.696,6.805318e-04
2057.697,6.861025e-04
2057.698,6.917288e-04
2057.699,6.974111e-04
2057.700,7.031500e-04
2057.701,7.089459e-04
2057.702,7.147993e-04
2057.703,7.207107e-04
2057.704,7.266806e-04
2057.705,7.327093e-04
2057.706,7.387975e-04
2057.707,7.449455e-04
2057.708,7.511538e-04
2057.709,7.574228e-04
2057.710,7.637530e-04
2057.711,7.701448e-04
2057.712,7.765986e-04
2057.713,7.831149e-04
2057.714,7.896941e-04
2057.715,7.963365e-04
2057.716,8.030426e-04
2057.717,8.098127e-04
2057.718,8.166472e-04
2057.719,8.235465e-04
2057.720,8.305109e-04
2057.721,8.375408e-04
2057.722,8.446364e-04
2057.723,8.517981e-04
2057.724,8.590261e-04
2057.725,8.663208e-04
2057.726,8.736824e-04
2057.727,8.811112e-04
2057.728,8.886072e-04
2057.729,8.961709e-04
2057.730,9.038022e-04
2057.731,9.115014e-04
2057.732,9.192687e-04
2057.733,9.271041e-04
2057.734,9.350077e-04
2057.735,9.429795e-04
2057.736,9.510197e-04
2057.737,9.591281e-04
2057.738,9.673048e-04
2057.739,9.755498e-04
2057.740,9.838628e-04
2057.741,9.922438e-04
2057.742,1.000693e-03
2057.743,1.009209e-03
2057.744,1.017793e-03
2057.745,1.026444e-03
2057.746,1.035162e-03
2057.747,1.043946e-03
2057.748,1.052796e-03
2057.749,1.061711e-03
2057.750,1.070692e-03
2057.751,1.079738e-03
2057.752,1.088847e-03
2057.753,1.098019e-03
2057.754,1.107254e-03
2057.755,1.116551e-03
2057.756,1.125909e-03
2057.757,1.135326e-03
2057.758,1.144803e-03
2057.759,1.154338e-03
2057.760,1.163931e-03
2057.761,1.173579e-03
2057.762,1.183281e-03
2057.763,1.193038e-03
2057.764,1.202846e-03
2057.765,1.212705e-03
2057.766,1.222614e-03
2057.767,1.232569e-03
2057.768,1.242571e-03
2057.769,1.252617e-03
2057.770,1.262706e-03
2057.771,1.272835e-03
2057.772,1.283003e-03
2057.773,1.293207e-03
2057.774,1.303445e-03
2057.775,1.313716e-03
2057.776,1.324016e-03
2057.777,1.334344e-03
2057.778,1.344696e-03
2057.779,1.355071e-03
2057.780,1.365465e-03
2057.781,1.375876e-03
2057.782,1.386300e-03
2057.783,1.396735e-03
2057.784,1.407178e-03
2057.785,1.417626e-03
2057.786,1.428074e-03
2057.787,1.438521e-03
2057.788,1.448961e-03
2057.789,1.459392e-03
2057.790,1.469810e-03
2057.791,1.480212e-03
2057.792,1.490592e-03
2057.793,1.500948e-03
2057.794,1.511276e-03
2057.795,1.521570e-03
2057.796,1.531827e-03
2057.797,1.542042e-03
2057.798,1.552212e-03
2057.799,1.562331e-03
2057.800,1.572394e-03
2057.801,1.582398e-03
2057.802,1.592338e-03
2057.803,1.602208e-03
2057.804,1.612003e-03
2057.805,1.621638e-03
2057.806,1.631270e-03
2057.807,1.640813e-03
2057.808,1.650261e-03
2057.809,1.659610e-03
2057.810,1.668853e-03
2057.811,1.677986e-03
2057.812,1.687003e-03
2057.813,1.695899e-03
2057.814,1.704669e-03
2057.815,1.713307e-03
2057.816,1.721807e-03
2057.817,1.730166e-03
2057.818,1.738376e-03
2057.819,1.746433e-03
2057.820,1.847085e-03
2057.821,1.855530e-03
2057.822,1.863814e-03
2057.823,1.871930e-03
2057.824,1.879873e-03
2057.825,1.887639e-03
2057.826,1.895223e-03
2057.827,1.902619e-03
2057.828,1.909823e-03
2057.829,1.916831e-03
2057.830,1.923636e-03
2057.831,1.930236e-03
2057.832,1.936626e-03
2057.833,1.942800e-03
2057.834,1.948756e-03
2057.835,1.954489e-03
2057.836,1.959996e-03
2057.837,1.965272e-03
2057.838,1.970315e-03
2057.839,1.975120e-03
2057.840,1.979686e-03
2057.841,1.984008e-03
2057.842,1.988083e-03
2057.843,1.991911e-03
2057.844,1.995487e-03
2057.845,1.998810e-03
2057.846,2.001878e-03
2057.847,2.004689e-03
2057.848,2.007242e-03
2057.849,2.009535e-03
2057.850,2.011567e-03
2057.851,2.013337e-03
2057.852,2.014846e-03
2057.853,2.016091e-03
2057.854,2.017074e-03
2057.855,2.017793e-03
2057.856,2.018251e-03
2057.857,2.018446e-03
2057.858,2.018381e-03
2057.859,2.018055e-03
2057.860,2.017470e-03
2057.861,2.016628e-03
2057.862,2.015530e-03
2057.863,2.014167e-03
2057.864,2.012563e-03
2057.865,2.010710e-03
2057.866,2.008610e-03
2057.867,2.006265e-03
2057.868,2.003680e-03
2057.869,2.000856e-03
2057.870,1.997797e-03
2057.871,1.994507e-03
2057.872,1.990989e-03
2057.873,1.987247e-03
2057.874,1.983285e-03
2057.875,1.979107e-03
2057.876,1.974717e-03
2057.877,1.970120e-03
2057.878,1.965320e-03
2057.879,1.960322e-03
2057.880,1.955131e-03
2057.881,1.949751e-03
2057.882,1.944187e-03
2057.883,1.938444e-03
2057.884,1.932527e-03
2057.885,1.926442e-03
2057.886,1.920193e-03
2057.887,1.913787e-03
2057.888,1.907227e-03
2057.889,1.900520e-03
2057.890,1.893670e-03
2057.891,1.886683e-03
2057.892,1.879565e-03
2057.893,1.872321e-03
2057.894,1.864955e-03
2057.895,1.857474e-03
2057.896,1.849883e-03
2057.897,1.842187e-03
2057.898,1.834391e-03
2057.899,1.826501e-03
2057.900,1.818521e-03
2057.901,1.810457e-03
2057.902,1.802314e-03
2057.903,1.794096e-03
2057.904,1.785810e-03
2057.905,1.777459e-03
2057.906,1.769048e-03
2057.907,1.760582e-03
2057.908,1.752067e-03
2057.909,1.743505e-03
2057.910,1.734902e-03
2057.911,1.726262e-03
2057.912,1.717590e-03
2057.913,1.708889e-03
2057.914,1.700163e-03
2057.915,1.691417e-03
2057.916,1.682654e-03
2057.917,1.673878e-03
2057.918,1.665093e-03
2057.919,1.656302e-03
2057.920,1.647509e-03
2057.921,1.638716e-03
2057.922,1.629928e-03
2057.923,1.621146e-03
2057.924,1.612375e-03
2057.925,1.603617e-03
2057.926,1.594874e-03
2057.927,1.586150e-03
2057.928,1.577447e-03
2057.929,1.568766e-03
2057.930,1.560112e-03
2057.931,1.551485e-03
2057.932,1.542888e-03
2057.933,1.534322e-03
2057.934,1.525790e-03
2057.935,1.517293e-03
2057.936,1.508834e-03
2057.937,1.500413e-03
2057.938,1.492031e-03
2057.939,1.483691e-03
2057.940,1.475394e-03
2057.941,1.467140e-03
2057.942,1.458931e-03
2057.943,1.450767e-03
2057.944,1.442650e-03
2057.945,1.434580e-03
2057.946,1.426558e-03
2057.947,1.418585e-03
2057.948,1.410660e-03
2057.949,1.402785e-03
2057.950,1.394960e-03
2057.951,1.387185e-03
2057.952,1.379460e-03
2057.953,1.371786e-03
2057.954,1.364162e-03
2057.955,1.356588e-03
2057.956,1.349065e-03
2057.957,1.341592e-03
2057.958,1.334168e-03
2057.959,1.326795e-03
2057.960,1.319471e-03
2057.961,1.312196e-03
2057.962,1.304969e-03
2057.963,1.297791e-03
2057.964,1.290660e-03
2057.965,1.283576e-03
2057.966,1.276538e-03
2057.967,1.269546e-03
2057.968,1.262600e-03
2057.969,1.255697e-03
2057.970,1.248838e-03
2057.971,1.242022e-03
2057.972,1.235247e-03
2057.973,1.228514e-03
2057.974,1.221821e-03
2057.975,1.215167e-03
2057.976,1.208552e-03
2057.977,1.201975e-03
2057.978,1.195434e-03
2057.979,1.188928e-03
2057.980,1.182458e-03
2057.981,1.176021e-03
2057.982,1.169617e-03
2057.983,1.163245e-03
2057.984,1.156904e-03
2057.985,1.150593e-03
2057.986,1.144311e-03
2057.987,1.138058e-03
2057.988,1.131831e-03
2057.989,1.125631e-03
2057.990,1.119456e-03
2057.991,1.113306e-03
2057.992,1.107179e-03
2057.993,1.101075e-03
2057.994,1.094993e-03
2057.995,1.088933e-03
2057.996,1.082892e-03
2057.997,1.076872e-03
2057.998,1.070870e-03
2057.999,1.064887e-03
2058.000,1.058921e-03
